{"type": "FeatureCollection", "features": [{"type": "Feature", "properties": {"Province": "Jiangxi", "Pays": "China", "birth_province_name": "Jiangxi", "province_zh": "江西"}, "geometry": {"type": "Polygon", "coordinates": [[[118.09239002766016, 29.375265281745083], [118.16823980450664, 29.229744726081982], [118.31213236005414, 29.05370441667068], [118.50090616981888, 28.955271926090028], [118.52073867483162, 28.746120289275897], [118.52540768876999, 28.63659801100522], [118.51569129067032, 28.483681714043797], [118.55760757422603, 28.38491647310934], [118.59998168792602, 28.384795133500752], [118.53782587567495, 28.3141092092734], [118.4086896327724, 28.309817927900134], [118.35716458182642, 28.193637674017985], [118.27007697704138, 28.154891191934965], [118.19270680889565, 28.080679823797638], [117.96734127797387, 28.07258124129603], [117.86047107757953, 27.947074149677793], [117.68440042862127, 27.926073950309178], [117.62876208698921, 28.074011779710755], [117.4935109245703, 28.040049235878296], [117.23932230694012, 27.822384523914092], [117.05648168947721, 27.786033506716333], [117.09509343360551, 27.666246015624257], [117.2036987867854, 27.585109209608493], [117.21603558810803, 27.34984327662378], [117.10955698695061, 27.24535997441206], [116.92926452764519, 27.18048993194151], [116.73449628219981, 27.093338308849116], [116.65018031684352, 27.032415151056536], [116.59263538840844, 26.922696666192497], [116.60668359833008, 26.673433391083343], [116.59167080187777, 26.515676225613426], [116.45486276622472, 26.409496680679812], [116.47629852582034, 26.31053614728735], [116.5308382654953, 26.184509995724607], [116.37197926892445, 26.055906200022292], [116.23709145227052, 25.928301519899808], [116.14344369362551, 25.77403056072846], [115.99471582888548, 25.488679622564003], [115.93376368230678, 25.321671268047137], [115.8877279200027, 25.169653683034404], [115.9428792571018, 24.99909888996358], [115.85902642433946, 24.989950398342334], [115.81021285908379, 24.88773948240114], [115.83403655410366, 24.746247770741054], [115.8876708906754, 24.62756099207371], [115.76441519026167, 24.600257458699154], [115.64926246158679, 24.701600924939488], [115.5014873102735, 24.82256581194607], [115.34577570127666, 24.814630889810765], [115.19549219053344, 24.7213133145694], [115.06793631093593, 24.764447267686553], [115.00116302332297, 24.711011251315465], [114.8271322256545, 24.630358965196468], [114.51094301839453, 24.584253931200603], [114.31504022295384, 24.715300065233354], [114.50758302380629, 24.74776179276621], [114.51381971862801, 24.99723543225537], [114.8302804785446, 25.17175668140904], [114.81243613669477, 25.320316128593575], [114.62310237156913, 25.451993516748338], [114.42463928215578, 25.376399289404823], [114.20157389060142, 25.320444125161973], [114.10750110090186, 25.428567160225253], [114.013051693884, 25.47953042252257], [114.08927730011193, 25.53913301208341], [114.06092550196527, 25.70810714947225], [113.97065575572414, 25.759396033927942], [114.07346312880807, 25.95785803319473], [114.1202402154918, 26.06747438492682], [114.24557542295516, 26.18193259112209], [114.32559023175486, 26.272221347139883], [114.25951870296855, 26.31088157055979], [114.01651610149311, 26.288634108263874], [114.11666343218037, 26.42298797517162], [114.22326486052297, 26.57906666599156], [114.18189549012807, 26.70457916815678], [113.98259039044785, 26.720412607018716], [113.94705900395981, 26.867515215936585], [114.00960368714148, 26.97825753459471], [114.01118622530409, 27.156226505094274], [113.87764696869303, 27.232897264388853], [113.94194859905419, 27.322477018283852], [113.94734129814282, 27.450889520335807], [113.90064648070627, 27.53319067850764], [113.74791497839033, 27.451901155114754], [113.65047749405386, 27.566229323520755], [113.67563535935193, 27.738618338463656], [113.76326467066895, 27.929489944864], [113.85763083193017, 27.95007065173394], [113.95426594064314, 28.134398760939852], [114.11426764433168, 28.23748076116259], [114.27677553338384, 28.41177630998727], [114.38024733819626, 28.52522624981575], [114.36570959734088, 28.582210501958322], [114.32161475495747, 28.660071993380793], [114.18439960453026, 28.755552928845113], [114.22263915140655, 28.87672112004909], [114.27446774592177, 28.96555576971495], [114.21274491028261, 29.056436398996816], [114.06864655758439, 29.22244076049142], [114.03813166698895, 29.324370825895638], [114.14008750936804, 29.331232799285676], [114.27873178543601, 29.48285705337457], [114.455825370079, 29.570414280325885], [114.62264971002699, 29.524126215655947], [114.92001416570542, 29.609185530169743], [115.04015580944093, 29.740053519312628], [115.2005669551694, 29.778185636521645], [115.30029633066907, 29.898158770446532], [115.41254721804286, 29.85715729044403], [115.60529250484636, 29.906202072981756], [115.62665768926418, 30.059587751870254], [115.69199523643081, 30.063255610803175], [115.90440818506654, 29.998838519107377], [116.0595322697894, 29.969086557260667], [116.18827244006705, 30.004391258273444], [116.27683445114099, 30.076762456533512], [116.2799213650881, 30.065281218197054], [116.37560014553297, 29.984487563568266], [116.53446530589478, 30.0638227128146], [116.67677265300699, 30.149328905261054], [116.7423673328845, 30.2810396789684], [116.8896197454837, 30.295165864102525], [116.99116866541263, 30.24988038084579], [117.03694086212177, 30.17339733532829], [117.03347393507431, 30.094657156529372], [116.87069537802738, 29.93714018777012], [116.78519046099478, 29.861699774554896], [116.79909872628394, 29.769507601198995], [116.98042674864044, 29.749343421909153], [117.07377138193998, 29.832157091386], [117.2188314960536, 29.874333156686045], [117.24165791769005, 30.046817682327294], [117.26782708880734, 30.162289466312156], [117.39745838083017, 30.196491072953506], [117.47069460987329, 30.063825211772805], [117.66919629558707, 29.886207546165473], [117.7135156176836, 29.823663700055125], [117.74217096550825, 29.746180413216855], [117.62091580822728, 29.562606021750426], [117.51442912842454, 29.415301029147795], [117.52094002876527, 29.294072330557366], [117.71213494010743, 29.223172138864786], [117.88080168685298, 29.272645651632896], [118.04047902890416, 29.343032717701163], [118.09239002766016, 29.375265281745083]]]}}, {"type": "Feature", "properties": {"Province": "Xinjiang", "Pays": "Xinjiang", "birth_province_name": "Xinjiang", "province_zh": "新疆"}, "geometry": {"type": "Polygon", "coordinates": [[[80.38654131199364, 44.99592121922227], [80.7704221772901, 45.03746429727682], [81.23683015639506, 45.29316964076538], [81.90181855732489, 45.37874182914088], [82.12584352215161, 45.26779818914352], [82.45831168258489, 45.32211844651617], [82.51170236858087, 45.379810539211086], [83.04521761639452, 45.14051864734805], [83.650773663229, 45.14584130652836], [84.19589737107154, 45.27600224892922], [84.4934246146012, 45.344991297709754], [84.6672962287955, 45.384273055726574], [85.45727917898195, 45.558371373432216], [86.1279251577493, 45.537885601488206], [87.16172600741758, 45.55271404585453], [87.27005623101692, 45.22581896389365], [87.79804055940784, 45.15971769654858], [87.83746248170317, 45.154650514899956], [88.7671376134201, 45.11335032380943], [89.51779376589538, 45.07967835114897], [90.08077870433117, 45.06654812591024], [90.25031380178848, 45.33326017870135], [90.68462545523127, 45.59343227426447], [90.92519979202228, 45.21564568381086], [91.5580452920635, 45.0199254072427], [92.47219325484319, 45.05444245458145], [93.13593650956702, 45.00758550568914], [93.59556386261652, 44.86834370823982], [94.29334661245724, 44.588887028406624], [94.71190268017403, 44.277714832497004], [95.03466560889699, 44.22431010599655], [95.44112217542485, 44.28861217282215], [95.2496985970081, 44.03744712234753], [95.54006715291891, 44.013258978253795], [95.69752431655151, 43.73064037661481], [95.76409683319142, 43.39850924571786], [95.863146273575, 43.15248646437473], [96.0231820261289, 43.05658394580677], [96.24598659864253, 42.836022798251854], [96.31435935400667, 42.688681649961325], [96.34063867408317, 42.631729906970456], [96.17464653694343, 42.49015045672236], [96.11885200799748, 42.31938061213207], [96.1436978541875, 42.09799377954607], [96.13935693215994, 41.8978397446936], [95.74826377206703, 41.755526669380124], [95.31845533188363, 41.70088290894761], [95.08138197239154, 41.681141663026445], [94.81938150688312, 41.55473862593856], [94.37061139719289, 41.34866769707915], [94.14835721264119, 41.14622934436322], [93.86008771592601, 40.96761138989714], [93.70658512183667, 40.78342982519899], [93.67306962592626, 40.50550581891422], [93.41995382547695, 40.378131585773346], [93.00469840961456, 40.359108624475226], [92.89148351598764, 40.32664142930725], [92.90342574972546, 40.07620077357193], [92.76254248723251, 39.83848914120859], [92.89579552462192, 39.63753453511597], [92.97892049520651, 39.309911633172426], [92.92578022050755, 39.15440777492809], [91.81611207243192, 38.84538235247275], [91.17768820960319, 38.65358860619931], [90.70635932602774, 38.70457162363032], [90.536685223618, 38.581965032723886], [90.21166301866737, 38.45215146102691], [90.30927232837851, 38.259690300211666], [90.39993912469767, 38.07906228247769], [90.36540708391976, 37.90126517707697], [90.68532825921798, 37.750077613874765], [91.06414219030506, 37.43495892890745], [91.36117843045784, 37.135653250727735], [91.10121175293283, 36.98853553059007], [90.83497493102061, 36.89425982835354], [90.7206284545443, 36.73502929361323], [90.81298448549383, 36.500576451408676], [91.10998990163722, 36.521802728798455], [91.15115225558294, 36.2846709476359], [90.98007073704339, 36.1370456578986], [90.66699168769127, 36.152950155705575], [90.32416279541083, 36.26869800771041], [90.07533753734536, 36.21936656870626], [89.83760521450297, 36.07650337738444], [89.43735714155126, 36.23911660248863], [89.23232067193167, 36.311203372633535], [88.93307094458713, 36.434784142516754], [88.68664186080316, 36.45068603156715], [88.4389509499964, 36.60303243272457], [87.9854705562022, 36.546650257802774], [87.46120743566179, 36.51724886534392], [87.21625188266401, 36.44420329376437], [86.67290029692032, 36.32285402827151], [86.40109162844222, 36.32929505502403], [86.20427782984531, 36.22466579189028], [86.21400692238004, 36.00006006820963], [85.92239062669296, 35.918044693494664], [85.6838650278078, 35.84295400046124], [85.50715617861917, 35.9604320658514], [85.35614477105193, 35.90491318312483], [84.91709332072303, 35.74196687746083], [84.70683492930077, 35.71985224036309], [84.54839282415274, 35.55803250831425], [84.26131360082748, 35.550939680957235], [84.06030015156429, 35.58716457116305], [83.70538308072223, 35.50641877697133], [83.4713171690855, 35.528051322927794], [83.21542241500882, 35.56286537344621], [82.96646531542655, 35.724035815905594], [82.90030743698635, 35.83348468092721], [82.68270713529625, 35.825015604143665], [82.42656946777558, 35.834110855172575], [82.25470110490514, 35.729672266875816], [81.99582463413758, 35.52114746246479], [81.69969075737109, 35.39808297043441], [81.45231446036769, 35.44100203044323], [81.1919296761683, 35.5903809721958], [80.81736234411495, 35.46376569069846], [80.5930063218264, 35.49077993079188], [80.41325948345255, 35.49140648164023], [80.25684362179108, 35.47707475563879], [80.28754062359666, 35.58896260814961], [80.16989347352745, 35.6998073438435], [80.02138078935896, 35.706337621706474], [79.81333836803012, 35.68590003632375], [79.61739238194617, 35.77879455368028], [79.28823132067346, 35.98268848660006], [79.11485375382695, 36.03925024048248], [78.81602938662073, 36.08251157363136], [78.54307515539023, 36.07291876843838], [78.3271804447494, 36.06190685927702], [78.04769252628782, 36.092441440155085], [77.90850700817022, 36.05297526881002], [77.74019652552492, 36.053636553772726], [77.54250230534713, 36.094067500235425], [77.47941244685308, 36.299977354570686], [77.28052024272644, 36.38475264038058], [77.08756166755376, 36.440337443269144], [76.7173661530936, 36.39238630759659], [76.41062154700346, 36.525247062594694], [76.21310131912054, 36.45186503447253], [75.98897840738553, 36.3915531024088], [75.67452754037723, 36.5304262576337], [75.5659661514813, 36.43242912427154], [75.28352259332404, 36.65501802392864], [75.01811859391276, 36.58258971496223], [74.91553776859581, 36.70685082044597], [74.69054077284909, 36.668297398187434], [74.57947812300269, 36.75995565970984], [74.62599662738575, 36.868259626798576], [74.92309259773478, 36.90441651175347], [75.13376839784652, 36.962062327347134], [75.14158176399732, 37.16034802458532], [74.96815190008746, 37.38700109370754], [74.93437014581309, 37.55010239913167], [74.80712774760225, 37.7187927291152], [74.768163153411, 37.865808432874964], [74.83246558375366, 38.097748258460875], [74.64679803812315, 38.20745926786412], [74.41372685805358, 38.248182766008405], [74.29756338066865, 38.19775605630109], [74.09643520334748, 38.04310131812661], [73.96444315894533, 38.01133663066598], [73.84416463372848, 38.282738899039266], [73.7646628342666, 38.50731364688103], [73.75090555097948, 38.698851922095606], [73.8952268179013, 38.83801537514954], [73.98258190579293, 39.059191066813554], [73.96583341624452, 39.29361572391421], [74.17121238505112, 39.56830252273099], [74.45272700327047, 39.6256600208921], [74.5998239363982, 39.707768416075965], [74.69626470247727, 39.80467863614874], [74.84982992810504, 39.860875732911104], [75.05004698754375, 39.927829949738395], [74.89178670842419, 40.05749121197701], [75.09281619370812, 40.12474603049316], [75.39826552854335, 40.1612659168153], [75.57157401716863, 40.341957296344255], [75.72000261342492, 40.26271352154708], [75.66575692568038, 40.07468443438634], [75.8223273754902, 40.12978197911866], [76.07234846391809, 40.248524064249224], [76.27989851304137, 40.185114770651744], [76.40446082208764, 40.19291085663883], [76.51928574735963, 40.29623920551428], [76.58998244812176, 40.49194483988658], [76.5872172347354, 40.66412461271617], [76.84626780995202, 40.84232201205129], [77.07821561901528, 40.860488493758524], [77.42489830767813, 40.921649127129335], [77.62316409399233, 40.97852825109011], [77.86183536043295, 41.01153316919095], [78.18152161410059, 41.08374387057923], [78.31327129363751, 41.30818205240763], [78.44882716284374, 41.41840173382136], [79.01510639645007, 41.63573043949902], [79.43841173940926, 41.86729654411341], [79.80735412649483, 41.983330604767566], [80.2210796488559, 42.11793047880125], [80.42955852875576, 42.24312646860099], [80.3490286973793, 42.409914836628616], [80.23566584919752, 42.59101400285202], [80.19067376027571, 42.760260472500555], [80.27774092090665, 42.84452480836222], [80.49044936330601, 42.89864450885868], [80.42572567324999, 43.04474181841309], [80.58740889708088, 43.08965171720364], [80.84176443998734, 43.190951712659576], [80.56406666778784, 43.592142859456075], [80.3703014406287, 43.97583884671506], [80.17961164575414, 44.25845502724371], [80.30598027482638, 44.555335742366495], [80.00645516258463, 44.65462896601623], [79.77902091513774, 44.78710322485359], [80.05767842284392, 44.91797676752275], [80.38654131199364, 44.99592121922227]]]}}, {"type": "Feature", "properties": {"Province": "Xizang", "Pays": "Xizang", "birth_province_name": "Xizang", "province_zh": "西藏"}, "geometry": {"type": "Polygon", "coordinates": [[[81.45231446036769, 35.44100203044323], [81.69969075737109, 35.39808297043441], [81.99582463413758, 35.52114746246479], [82.25470110490514, 35.729672266875816], [82.42656946777558, 35.834110855172575], [82.68270713529625, 35.825015604143665], [82.90030743698635, 35.83348468092721], [82.96646531542655, 35.724035815905594], [83.21542241500882, 35.56286537344621], [83.4713171690855, 35.528051322927794], [83.70538308072223, 35.50641877697133], [84.06030015156429, 35.58716457116305], [84.26131360082748, 35.550939680957235], [84.54839282415274, 35.55803250831425], [84.70683492930077, 35.71985224036309], [84.91709332072303, 35.74196687746083], [85.35614477105193, 35.90491318312483], [85.50715617861917, 35.9604320658514], [85.6838650278078, 35.84295400046124], [85.92239062669296, 35.918044693494664], [86.21400692238004, 36.00006006820963], [86.20427782984531, 36.22466579189028], [86.40109162844222, 36.32929505502403], [86.67290029692032, 36.32285402827151], [87.21625188266401, 36.44420329376437], [87.46120743566179, 36.51724886534392], [87.9854705562022, 36.546650257802774], [88.4389509499964, 36.60303243272457], [88.68664186080316, 36.45068603156715], [88.93307094458713, 36.434784142516754], [89.23232067193167, 36.311203372633535], [89.43735714155126, 36.23911660248863], [89.83760521450297, 36.07650337738444], [89.5044447981191, 35.91216718843818], [89.92341654513022, 35.72817662957242], [89.81252243962226, 35.370333641522514], [89.69862567068586, 35.33337956531174], [89.60764831459778, 35.181886112789726], [89.57352574225894, 35.04791839821075], [89.67673953774025, 34.933072767798706], [89.6485785698876, 34.84251812928356], [89.81145959504079, 34.82167159566551], [89.84028337923466, 34.72139707944786], [89.81621496064878, 34.663587407347464], [89.7289438186045, 34.62437403772948], [89.77145367647998, 34.49577431021325], [89.77864233706069, 34.35730163104592], [89.8478073966962, 34.20163165457481], [89.76408513908353, 34.15427572851933], [89.7142136304515, 34.05417574942983], [89.74843347693891, 33.91859774651373], [89.86596382821624, 33.76827449090566], [89.94803230935109, 33.66179071882258], [89.96510328218253, 33.572056909615355], [90.07687134814098, 33.537900278029184], [90.13894784559511, 33.36681437917646], [90.2079603460001, 33.292595333591585], [90.37338334955955, 33.192680886490045], [90.78024084380336, 33.10407104460313], [90.84366079151263, 33.081144074478395], [90.86803829567012, 33.144647769075476], [91.01129820712549, 33.180330240328864], [91.06867263243991, 33.15837150947454], [91.19431578812012, 33.18477615124145], [91.17079519170375, 33.2345839231644], [91.26333189392952, 33.255371636129865], [91.39064571604759, 33.19825863576282], [91.39787389201769, 33.15506164391617], [91.31354720627169, 33.09721641857295], [91.42944008469684, 33.03395935228329], [91.70796028604204, 32.880382757266275], [92.11039310331367, 32.7499312403655], [92.3083517305671, 32.79262058726082], [92.33877285734788, 32.712606521015815], [92.2894089939957, 32.67381068235494], [92.27282831344193, 32.66077120733862], [92.19876298319775, 32.526048567349285], [92.19537991031726, 32.51989176034954], [92.20237721154832, 32.38849746436333], [91.94405334991107, 32.101666861915234], [91.79469323874191, 31.88750683627108], [91.82597907796246, 31.747592543644533], [91.89143232751866, 31.67769655140537], [92.1202677778301, 31.583080813938928], [92.20700004709006, 31.3719151427913], [92.15915666126715, 31.330510038225196], [92.28990373065913, 30.78955362583004], [92.15156609597689, 30.75142881296363], [92.17786230262888, 30.665978238568407], [92.27470079583979, 30.616363941119722], [92.3198191009709, 30.463377614705326], [92.11008119574254, 30.3432477017693], [91.97441051972446, 30.27086336672174], [91.9267390145878, 30.16007652629807], [91.92826216999588, 30.090862475124162], [91.97417949380835, 29.95838703496756], [92.0323491306938, 29.81307074751736], [92.07090316340759, 29.761590203539168], [92.21180072792791, 29.798111840653682], [92.31522197213286, 29.764566616487926], [92.41110060634463, 29.707614288141546], [92.50294538173772, 29.54921590774872], [92.55557050124263, 29.457935387308968], [92.51282791916107, 29.2866556038599], [92.14071467191471, 29.191980661561406], [92.1191243761761, 29.11977543957448], [92.13880641320793, 28.991509516520473], [92.2780385369961, 28.913599624397733], [92.4810935943654, 28.824757055187987], [92.66596864828635, 28.744164779786104], [92.7847581424526, 28.757108489064567], [92.82879805303118, 28.68436038560555], [92.72638119232423, 28.625737265155852], [93.077951296144, 28.492507797054746], [92.94006444655517, 28.232275166073226], [92.46755958196184, 28.10997448142983], [92.40304963961738, 27.861664839703856], [92.15071011613338, 27.78608777583264], [91.68089567182943, 27.795469101506175], [91.54206934666978, 27.91890289724872], [91.29588375499814, 27.94394563894612], [91.11849606104232, 27.880555980842956], [90.88060805191833, 27.94172522308443], [90.64426137356108, 27.879652423538786], [90.50026892478255, 27.95560138282437], [90.56750639027123, 28.078776172765547], [90.49294665293627, 28.181853981812267], [90.32020984960754, 28.223340014585304], [90.11684911400584, 28.23857304906143], [90.05206518469792, 28.16839158154196], [89.60909046878041, 28.074117069665807], [89.53264569915099, 27.983153727652148], [89.50945617242745, 27.8807432351978], [89.38075159991094, 27.82779113246399], [89.30901316045107, 27.66857679199651], [89.1771686889645, 27.45820385454446], [89.04019067052458, 27.264094476198743], [88.77477545495407, 27.46779589381474], [88.83366736697636, 27.63185564112592], [88.87104343428537, 27.74661306225609], [88.88256695818684, 27.906385202717903], [88.83472743507865, 28.06691564125241], [88.66321109240103, 28.052908698256857], [88.53865666516432, 27.99120945750215], [88.35271565259407, 27.937800059487945], [88.21138844328475, 27.897001134007184], [87.95950345107802, 27.94507361546544], [87.8685684101751, 27.9011373711881], [87.71929795410598, 27.831354563760907], [87.50635482209233, 27.85485497645307], [87.3024858425454, 27.854568875055275], [87.1337916561852, 27.86435055182063], [86.97316560589306, 27.979619570070632], [86.8064631254756, 28.083982775098516], [86.63641900585014, 28.195478520884556], [86.55618522455612, 28.12760526165956], [86.45137134524666, 27.974715842758282], [86.26423348294804, 27.933844081710674], [86.20618586280374, 28.104741488992026], [86.12898281426241, 28.200866723767493], [86.09369565145217, 28.095235245786167], [86.04779619696971, 27.943472897460342], [85.85857678805927, 27.909655284937983], [85.86914110729047, 28.0758966032643], [85.80347570215778, 28.166600020914277], [85.69947223047402, 28.27932316424132], [85.60759703491173, 28.361439630394536], [85.50482311412165, 28.328312754214444], [85.28326702103342, 28.325105444393277], [85.03667335006875, 28.313034175709955], [85.03277716516388, 28.414497750266868], [85.10744875436102, 28.490469680356917], [85.18126222327987, 28.591931226792724], [85.10989597690347, 28.645689978731664], [84.87554144374013, 28.602418483993], [84.76506301487082, 28.565649966923022], [84.5659262914525, 28.70827611269212], [84.38032605940896, 28.799664993660677], [84.21315117297479, 28.864685981642403], [84.17748600550024, 29.10954565186211], [84.2035867014858, 29.215096209735908], [84.13421595726253, 29.287729726873234], [84.01630822001499, 29.30476086270563], [83.89341363156049, 29.33271262078796], [83.73773929644422, 29.27172134875035], [83.52818133109284, 29.249271625086834], [83.41128950695743, 29.406952234650852], [83.29853194432525, 29.585279201136352], [83.2081577770223, 29.636409798232606], [83.01561669581007, 29.669644021020396], [82.79956465512352, 29.75154951201394], [82.68076970813966, 29.875081874907735], [82.51771260150426, 29.981963301513], [82.17248325203597, 30.052059093999283], [82.15426410412528, 30.251187910039516], [82.0942058016156, 30.370202785669825], [81.92482747619471, 30.33777624924713], [81.77727392244084, 30.3648891990612], [81.63599207265032, 30.394080227591893], [81.46475638557901, 30.366231710484165], [81.35890958920469, 30.24142318971713], [81.25148098304662, 30.07760754572504], [81.19587050559566, 29.985438613669146], [81.07717470042452, 30.01586806583549], [81.01858690693004, 30.114556723040995], [80.83453770110721, 30.370737479099915], [80.52059475502647, 30.514590140532338], [80.17397792641553, 30.579217316880968], [79.95647062749235, 30.785224474308947], [79.69393819810065, 30.881727792780236], [79.39548285228086, 31.013320188927445], [79.28846580455424, 31.199610149086997], [79.16235124129449, 31.416520600669553], [79.03010808904331, 31.385313343747548], [78.9167706347672, 31.194517152011397], [78.73106029908644, 31.25555177756707], [78.69331413680615, 31.471139473798072], [78.75813779437831, 31.58995633862083], [78.72618029968326, 31.74415404694941], [78.6631242709954, 31.923782766009165], [78.44861306537928, 32.07523280521386], [78.32248089563473, 32.27886337597799], [78.36939686583531, 32.54780810711394], [78.69434394916338, 32.719892131326944], [78.70409779538137, 32.58027948924259], [78.70087510122885, 32.46122900816054], [78.90872353238191, 32.44892644471642], [79.10343506558768, 32.50857027908485], [79.27236817402034, 32.68740201494348], [79.34576159196556, 32.719509276211475], [79.45446131652812, 32.87199487417367], [79.44040683129188, 32.97102973297114], [79.29099967307393, 33.010748198634296], [79.24488777113821, 33.13524809444914], [79.32142988339153, 33.31410304787053], [79.26160453080757, 33.45940704763153], [78.95935475208228, 33.364454135544676], [78.67563219222048, 33.48776884215711], [78.64857897241426, 33.70046390006985], [78.6441044874408, 33.950540137866625], [78.68734835041627, 34.103280540197716], [78.93405228041445, 34.21547978391834], [79.08026000996091, 34.188229763250675], [79.28866136819906, 34.18848553901713], [79.35857228700543, 34.35322860950993], [79.36245856195448, 34.486995707997636], [79.56288900638614, 34.57653510008623], [79.77108012312074, 34.588551903346335], [79.84716582825922, 34.73842154182421], [79.85724487612372, 34.93997131161812], [79.98493444803019, 35.09519820430055], [80.13872141091966, 35.26195144205723], [80.24528014007008, 35.43497923573843], [80.25684362179108, 35.47707475563879], [80.41325948345255, 35.49140648164023], [80.5930063218264, 35.49077993079188], [80.81736234411495, 35.46376569069846], [81.1919296761683, 35.5903809721958], [81.45231446036769, 35.44100203044323]]]}}, {"type": "Feature", "properties": {"Province": "Mongolia", "Pays": "Mongolia", "birth_province_name": "Mongolia", "province_zh": "蒙古"}, "geometry": {"type": "Polygon", "coordinates": [[[94.73133811748373, 53.295455273597476], [95.02365152919337, 53.234012016933384], [95.12449024757063, 53.383732959738104], [95.50816941100331, 53.36878927340409], [95.68776961608697, 53.43823920192567], [96.04410349319006, 53.402111066613436], [96.24855511517934, 53.649592663296126], [96.8703039281441, 53.402583372993554], [97.88309971602463, 52.97184797225173], [98.15378105576524, 53.09396514586707], [98.4038763499303, 53.05128996840502], [98.5539962355532, 52.93723097515069], [98.62525345547202, 52.81811669022353], [98.2874964232516, 52.84166576694706], [98.2441774191361, 52.746242753692144], [98.29974332724376, 52.587109636553386], [98.16221103143943, 52.34821372336338], [98.09712994084065, 52.223404198899914], [98.33361586499457, 52.09294512715224], [98.5999672723171, 51.90769136263612], [98.81552424264329, 51.979465170545765], [99.28381923015674, 51.84896180460862], [99.87300924768239, 51.705441787185045], [100.19000022423141, 51.66151501369277], [100.41949149558941, 51.70833078441444], [100.98578636254976, 51.518117969976174], [101.36814284619545, 51.37469331959052], [101.60353001366134, 51.407946975081835], [102.07371671589397, 51.315355848498], [102.25162507035665, 50.731915266275024], [102.31091167485282, 50.561757278920965], [102.8380002731338, 50.356691565035646], [103.16720712453052, 50.16259235172553], [103.63345661852448, 50.124049611159556], [104.03676134758592, 50.14505963739088], [104.56740779825289, 50.26972653370805], [104.9774692444444, 50.46855165489462], [105.42544534657176, 50.47924142072874], [105.85360918683428, 50.34092381156098], [106.15893291174926, 50.3268657803539], [106.49425111931161, 50.28034428010442], [106.872627626013, 50.107052846813176], [107.40048577576434, 49.97731378939468], [107.7037753037451, 49.95880177376724], [107.8987115558866, 49.697533624580174], [107.99563353724103, 49.506903030263686], [108.4297118332581, 49.34826117156058], [108.86355443516602, 49.36740172703626], [109.20504145410126, 49.32578865732105], [109.4593742320912, 49.20104354871365], [109.78692769409662, 49.2038298275138], [110.01242340182591, 49.110375170585165], [110.22399522799837, 49.2060694953819], [110.6228299482266, 49.07105017789554], [111.03089052263434, 49.18638619060825], [111.39039139079131, 49.283301640536436], [111.98197674321875, 49.33004767757097], [112.38582404676195, 49.40409028419159], [112.79279358738553, 49.38148813024214], [113.0868974518212, 49.44472016822613], [113.1363507816797, 49.651775249025846], [113.3524569132026, 49.76558248185921], [113.5514443929099, 49.877548642914675], [114.11013759223174, 50.14866655899066], [114.4255800545395, 50.14872118428181], [114.75128754536021, 50.19632105034027], [114.97301708723685, 50.09276174698749], [114.95424872080034, 49.984179670639094], [115.55059063480485, 49.833583062008955], [115.82012673142276, 49.75536622480194], [116.12476809633412, 49.94072421733709], [116.52530222262506, 49.844759710972205], [116.71197916663392, 49.82214494547514], [116.53837797386197, 49.59226221840956], [116.19411949541139, 48.9053379093136], [116.00180013404449, 48.626924003411915], [115.78731753620524, 48.518316335470686], [115.70894627170668, 48.26555365850283], [115.57219834838966, 48.02801363938901], [115.6608113533683, 47.805011544220726], [115.84732467648108, 47.683430732486], [116.16341593440482, 47.85526133754791], [116.58512027868039, 47.8797056173425], [116.99019339242255, 47.806431252046146], [117.37432942697389, 47.65448147218485], [117.7307736609466, 48.03345643166853], [118.3035463405163, 47.982156695992835], [118.62906531082234, 47.823581037272255], [118.87695817648395, 47.51487538426887], [119.31897825086756, 47.22514763260178], [119.33066811326508, 47.22301963784776], [119.86774622185055, 47.123760224372774], [119.94557427754778, 46.98299526486341], [119.89940637482701, 46.57694349589928], [119.59491135334413, 46.60308312571438], [119.35760149803635, 46.622872581620854], [119.09700520787915, 46.785726221333924], [118.8110112409351, 46.7184449782302], [118.39563675394409, 46.71674322514315], [118.05161314604632, 46.616613162419696], [117.78453976997676, 46.59042877321339], [117.55473496122823, 46.608270815026664], [117.4263759464772, 46.444875693704326], [116.72601517042095, 46.42276022004023], [116.42319337963677, 46.019798667696996], [116.4358069373005, 45.81985110976685], [115.53964548389305, 45.44598274939521], [115.12859457316455, 45.42716211240257], [114.74647681590494, 45.4952922553431], [114.51406368462558, 45.23993570754849], [114.02210934269448, 44.94001517215954], [113.56270928528309, 44.87883457499962], [112.79245221350862, 44.87742811409089], [112.54749135393493, 45.11704911302078], [112.00528526582369, 45.136998867439054], [111.59507643993899, 44.834215660867436], [111.54691823178179, 44.573287935131596], [111.54807907245714, 44.567451840824226], [111.63528189275313, 44.12382189040234], [111.98873513960869, 43.82554894836151], [111.65401186273351, 43.512676553748435], [111.50203338061004, 43.490601360072375], [111.11383471791021, 43.43323168988097], [110.3472108653255, 42.73110501685138], [109.33553443028578, 42.493901618639455], [108.4144906279699, 42.449344700002875], [107.65993359100212, 42.514902675723334], [106.88476761523071, 42.286978163274675], [106.46190488843315, 42.15054286823326], [105.19754590620975, 41.66091808953122], [105.15245314906805, 41.64308377446815], [104.16436644829767, 41.78214429697013], [103.32899713764381, 42.00754483725117], [102.70396903684748, 42.17045790540378], [102.1815832420791, 42.30288024683886], [102.0164269690586, 42.58585581244594], [100.8288178157094, 42.75457193017208], [100.49454371079149, 42.71979602786342], [99.66542373139104, 42.62896368973147], [98.42343052786825, 42.6558240649582], [97.45041137012548, 42.814110911719055], [96.54000725104156, 42.703453988729834], [96.31435935400667, 42.688681649961325], [96.24598659864253, 42.836022798251854], [96.0231820261289, 43.05658394580677], [95.863146273575, 43.15248646437473], [95.76409683319142, 43.39850924571786], [95.69752431655151, 43.73064037661481], [95.54006715291891, 44.013258978253795], [95.2496985970081, 44.03744712234753], [95.44112217542485, 44.28861217282215], [95.03466560889699, 44.22431010599655], [94.71190268017403, 44.277714832497004], [94.29334661245724, 44.588887028406624], [93.59556386261652, 44.86834370823982], [93.13593650956702, 45.00758550568914], [92.47219325484319, 45.05444245458145], [91.5580452920635, 45.0199254072427], [90.92519979202228, 45.21564568381086], [90.68462545523127, 45.59343227426447], [90.69288019653665, 45.83530042758471], [90.91513523898486, 46.0074449714325], [90.8413257694303, 46.21743569101613], [90.8508023247833, 46.395545505515436], [90.92553381642111, 46.50667544092955], [90.94294146445286, 46.67288755932039], [90.81545249747093, 46.89616019821742], [90.56872328566803, 47.12859401874563], [90.48516289674367, 47.21182149946721], [90.3103276840733, 47.41907247668687], [90.212871975716, 47.68212412789395], [89.66419470174796, 47.85778236366421], [89.34231403542798, 48.07681473937879], [88.93586175228594, 47.95060487290062], [88.42838141477205, 48.13382617846085], [88.42256572038086, 48.137817519860036], [88.42228115043729, 48.13792001548094], [88.29701202138847, 48.22359654633583], [88.2116776365764, 48.371547419973055], [88.21112903555473, 48.37249399544156], [88.07909534280242, 48.44587610207282], [87.76684869454814, 48.5424108527327], [87.76206257812139, 48.54387852467035], [87.69842823229179, 48.6646682747487], [87.47556783658338, 48.735427566862306], [87.4053206717506, 48.84025645068753], [87.46236072701831, 49.15790935337676], [87.83475099244824, 49.238999999393684], [88.27826329778433, 49.51763025523996], [88.81762397629059, 49.53864116791486], [89.17532673645405, 49.57091304919471], [89.50311866676164, 49.6665388082825], [89.74058524120323, 49.68176122422559], [89.59576029383383, 49.81510415858464], [89.62598686761041, 49.924612244572], [89.81869132209575, 49.97464959453652], [89.53781153955998, 50.16401550054779], [89.48919194951243, 50.34799547793924], [89.78416974979314, 50.493658445831095], [89.9949491100847, 50.648756439239875], [89.45285078386462, 50.780414654743375], [89.1202917453973, 51.161148028976235], [88.83921801975066, 51.4714035775491], [88.94684785089916, 51.5827182915616], [89.69230091699967, 51.58595343537793], [90.01928964050147, 51.778141448439705], [90.04813116600931, 52.038833216559375], [90.45417625272196, 52.16578605375301], [90.77997612320289, 51.9147220115317], [91.72034843532353, 51.79788350299366], [92.1716861608997, 51.734402218151665], [92.62249661199415, 51.80215314270659], [92.90449478040745, 51.88223167934787], [93.1273365636583, 52.04424272485686], [93.44188469014254, 52.193621818348646], [93.65902228523072, 52.451885982656925], [93.96449209502997, 52.845148395300605], [94.2549350084782, 52.89762944040752], [94.32939759429689, 53.27772841305614], [94.73133811748373, 53.295455273597476]]]}}, {"type": "Feature", "properties": {"Province": "Altai", "Pays": "Altai", "birth_province_name": "Altai", "province_zh": "阿爾泰"}, "geometry": {"type": "Polygon", "coordinates": [[[87.46236072701831, 49.15790935337676], [87.4053206717506, 48.84025645068753], [87.47556783658338, 48.735427566862306], [87.69357711875605, 48.666217089663874], [87.69842823229179, 48.6646682747487], [87.76206257812139, 48.54387852467035], [88.07909534280242, 48.44587610207282], [88.21112903555473, 48.37249399544156], [88.29701202138847, 48.22359654633583], [88.42256572038086, 48.137817519860036], [88.42838141477205, 48.13382617846085], [88.93586175228594, 47.95060487290062], [89.34231403542798, 48.07681473937879], [89.66419470174796, 47.85778236366421], [90.212871975716, 47.68212412789395], [90.3103276840733, 47.41907247668687], [90.48516289674367, 47.21182149946721], [90.56872328566803, 47.12859401874563], [90.81545249747093, 46.89616019821742], [90.94294146445286, 46.67288755932039], [90.92553381642111, 46.50667544092955], [90.8508023247833, 46.395545505515436], [90.8413257694303, 46.21743569101613], [90.91513523898486, 46.0074449714325], [90.69288019653665, 45.83530042758471], [90.68462545523127, 45.59343227426447], [90.25031380178848, 45.33326017870135], [90.08077870433117, 45.06654812591024], [89.51779376589538, 45.07967835114897], [88.7671376134201, 45.11335032380943], [87.83746248170317, 45.154650514899956], [87.79804055940784, 45.15971769654858], [87.27005623101692, 45.22581896389365], [87.16172600741758, 45.55271404585453], [86.1279251577493, 45.537885601488206], [85.45727917898195, 45.558371373432216], [84.6672962287955, 45.384273055726574], [84.4934246146012, 45.344991297709754], [84.19589737107154, 45.27600224892922], [83.650773663229, 45.14584130652836], [83.04521761639452, 45.14051864734805], [82.51170236858087, 45.379810539211086], [82.52463611845737, 45.39376981761728], [82.19855279624518, 45.62598973726634], [83.03073253660347, 47.26992125399953], [83.93054176981535, 47.06438184016053], [85.08117438673774, 47.085769899764166], [85.73652607506372, 47.26361772514063], [85.75377529552969, 47.531503513612414], [85.54415965837131, 47.738396094091776], [85.56926901294219, 48.06051669440071], [85.77208218318201, 48.350538019610134], [86.15560552775635, 48.51975673389378], [86.57128460488764, 48.58604694504958], [86.82951007603943, 48.84309354431259], [86.8875203018523, 49.11470384433109], [87.46236072701831, 49.15790935337676]]]}}, {"type": "Feature", "properties": {"Province": "Ningxia", "Pays": "China", "birth_province_name": "Ningxia", "province_zh": "寧夏"}, "geometry": {"type": "Polygon", "coordinates": [[[105.19754590620975, 41.66091808953122], [105.25513667514832, 41.507111387381364], [105.3557902572364, 41.01098535315055], [105.5586213526824, 40.88643703292582], [106.0160166715999, 40.8572927660632], [106.41195170143037, 40.77438598811351], [106.62618729693932, 40.59250390772707], [106.90556566683365, 40.281277655785196], [106.93410985288699, 40.096563799828694], [106.93342068503061, 39.869041317524605], [106.89504783205113, 39.721471033162686], [106.63837647633939, 39.64197220856008], [106.63060277013365, 39.598232431140744], [106.87474843700868, 39.34268003514152], [107.13827076582963, 39.15260774432947], [107.02725780108901, 38.8501262263954], [106.90343090992839, 38.59435591777234], [106.7870666008714, 38.39342868817496], [106.78973481973361, 38.269042311654744], [106.91630402492883, 38.15692362147348], [107.11653275259276, 38.13630648654485], [107.25719095723761, 38.121594210323465], [107.43620435496511, 38.08989830614984], [107.53776620095077, 38.017915884874455], [107.60763596255329, 37.95340802207239], [107.75485219130822, 37.786805300604016], [107.84960291419212, 37.70768303276435], [107.7126810049771, 37.63342655400542], [107.62515769730611, 37.59541199067392], [107.54598391636596, 37.56094197824418], [107.43107816146141, 37.35168862675068], [107.45447857081324, 37.184729708549106], [107.47188687219884, 37.04532926187405], [107.32483746427805, 37.016051159019845], [107.08219797958832, 37.049018047818016], [106.84989149206457, 37.02621614082983], [106.8624321495924, 36.86747665331172], [106.9096850275495, 36.69470955957775], [106.76031079265753, 36.62669069071186], [106.72918634482464, 36.49967420188096], [106.48742678608878, 36.43722875268753], [106.34408621079287, 36.5581754327932], [106.205613395677, 36.811638160584245], [105.96197915798572, 36.85136417207018], [105.70692991272827, 36.88879622599345], [105.513378763391, 36.96323187640181], [105.24807417260021, 36.89431020320534], [105.10962388926663, 37.12719938374235], [104.93504382939192, 37.07155796552464], [104.8130579036021, 37.13702996964972], [104.97885439893756, 37.2763051876684], [104.852001606814, 37.40700873163691], [104.3849365762807, 37.29413661064164], [104.16228836517278, 37.437710937446475], [103.97665579555508, 37.60455344012374], [103.66132873797191, 37.72073515368295], [103.41534685338777, 37.904401733835904], [103.37803005059818, 38.03916805326873], [103.64580294956271, 38.17016614265161], [103.5288205730854, 38.33378325219112], [103.58444878139761, 38.456487537091014], [103.82947391977558, 38.611621017799536], [104.03501751096556, 38.71718299676617], [104.13249941445076, 38.889283282570034], [104.33313555830725, 38.95107220524269], [104.27132615847654, 39.11076774839866], [104.12954851233428, 39.22869657039951], [104.18888379556786, 39.40869962718771], [103.84240082894476, 39.406661608395396], [103.49283870748094, 39.28961573888597], [103.19517532314768, 39.12405985905002], [102.90844817796696, 38.988028169993605], [102.66200256521005, 39.084885117027724], [102.43945185414776, 39.10066633771874], [102.08800514308473, 39.063544760125524], [101.86498645354469, 38.964902796782056], [102.1065269941766, 38.82676550929414], [101.99866412346609, 38.70763252195584], [101.61946192813532, 38.53679114656227], [101.34855200736645, 38.64470812932715], [101.11589481543004, 38.76353590925294], [101.23882434566445, 38.88649674266296], [101.10688929626079, 38.95938613204992], [100.85261580025224, 38.85243862702509], [100.77477293523376, 39.034458070563346], [100.77698139892216, 39.24672169006311], [100.61942364073492, 39.22904422168056], [100.23616215522917, 39.447195715895], [100.00204002888147, 39.59626121746115], [99.73453676129674, 39.6811631292384], [99.43732730215385, 39.74478560445364], [99.88689056327067, 40.18003417434299], [100.0943755831569, 40.322750519098676], [100.18825351171654, 40.52647295257387], [100.12182895774086, 40.710955111013014], [99.75964730271488, 40.73360077190178], [99.2723753610682, 40.64266255367275], [98.70909686752688, 40.56063576476692], [98.59866248100654, 40.36603739000635], [98.25377654115702, 40.30203077769982], [98.24891139971619, 40.45651248593808], [98.32742328111763, 40.7292274891335], [97.90210660025816, 40.99950719294413], [97.68066096783417, 41.174447219604836], [97.58856257718224, 41.35126541510437], [97.78058747989662, 41.52424162018431], [97.64965193114642, 41.791633955082716], [97.42624019580488, 42.13657729596939], [97.2512052656063, 42.45035600303376], [96.99782525366561, 42.67380102816458], [96.54000725104156, 42.703453988729834], [97.45041137012548, 42.814110911719055], [98.42343052786825, 42.6558240649582], [99.66542373139104, 42.62896368973147], [100.49454371079149, 42.71979602786342], [100.8288178157094, 42.75457193017208], [102.0164269690586, 42.58585581244594], [102.1815832420791, 42.30288024683886], [102.70396903684748, 42.17045790540378], [103.32899713764381, 42.00754483725117], [104.16436644829767, 41.78214429697013], [105.15245314906805, 41.64308377446815], [105.19754590620975, 41.66091808953122]]]}}, {"type": "Feature", "properties": {"Province": "Chuanbian", "Pays": "China", "birth_province_name": "Chuanbian", "province_zh": "川邊"}, "geometry": {"type": "Polygon", "coordinates": [[[95.93102613278367, 31.63917989404148], [96.20789520436661, 31.50180258157432], [96.24698563727459, 31.857253241397217], [96.40389585441088, 31.76497774074177], [96.77098317614919, 31.68260790097186], [96.84524838478144, 31.790432143361294], [96.80269676471278, 32.00046007927354], [97.09492612676931, 32.028429747041336], [97.41668354282876, 32.31870158013398], [97.69809852205599, 32.47224419202968], [97.58632754700773, 32.55457964713519], [97.41362445904974, 32.640965056280514], [97.4844777591671, 32.83559623827883], [97.44806593278115, 33.00687089900489], [97.59168001292758, 33.23155387602273], [97.77537565406632, 33.38215896416752], [97.60686312765515, 33.55262151170133], [97.45611102763482, 33.768157087677885], [97.59355330782219, 33.90926443225443], [97.79361585391698, 33.80103698874115], [98.06576210883331, 33.83252704764729], [98.28815387915368, 33.81108138325211], [98.59315845271078, 33.515489446481375], [98.72895970343343, 33.280684707465646], [98.782570188813, 33.09795115657912], [99.03393767507407, 33.02499454291619], [99.15710022408727, 32.93925305628773], [99.28223505595189, 32.72907370571029], [99.52415765298842, 32.62501016180957], [99.76439342694172, 32.644662329763186], [99.81334107394727, 32.765174948891485], [100.00524683413559, 32.84425009097045], [100.06602846603029, 32.62015997132191], [100.26374048108435, 32.6165358802182], [100.33355490312006, 32.47719942031191], [100.24902625828102, 32.36399422689852], [100.50338669504897, 32.32892728259943], [100.6396913115538, 32.28515418942414], [100.75171743106348, 32.16718631427141], [100.91866341392796, 32.04526539849681], [101.04293023201026, 31.96152716518188], [101.13802534118415, 31.863069930185283], [101.16516173241776, 31.775405551817677], [101.14827706642235, 31.712202957873448], [101.15046726914994, 31.615438724822763], [101.18278375528821, 31.505600763706553], [101.25607933216308, 31.426202691984084], [101.35703337955584, 31.365519552165864], [101.44567501824312, 31.26553120023319], [101.5617447399571, 31.23039240971816], [101.72109767585785, 31.262808110204475], [101.89004519968734, 31.254979008619713], [101.97915895079086, 31.17300132105305], [101.95729435465529, 31.081258957814782], [102.03166394584392, 31.01521439103103], [102.25695039045998, 30.946750398131563], [102.35124220564248, 30.81115991789565], [102.39997816620716, 30.622350292773596], [102.25205076919137, 30.505152743492456], [102.21266514906411, 30.411798445165967], [102.31512962767832, 30.370961536406448], [102.48596485934402, 30.352818407283543], [102.52199206565422, 30.156118574840203], [102.51952801153087, 29.982118609938848], [102.41681091522132, 29.872845799332634], [102.27712806143403, 29.751733329034234], [102.13661345338441, 29.636211479795065], [102.09648427016003, 29.485256628994897], [102.20156157859635, 29.363928572369296], [102.2388921620086, 29.156424929224094], [102.21414939536831, 28.898544050783702], [102.09418813013355, 28.688875433606693], [102.12368175861995, 28.51498185877865], [102.06346117399919, 28.4591914374848], [101.88811216345569, 28.42504525891409], [101.80619134628017, 28.193058319613463], [101.56005376825877, 28.066649461858738], [101.52545375637492, 28.170145351053684], [101.47427781072822, 28.35134772883018], [101.33235809495538, 28.528844977660647], [101.20406190112963, 28.760085700338465], [101.2502557943412, 28.877146432424897], [101.17180993792206, 28.99603504561907], [100.98892413803495, 28.907208932884295], [100.76027884770664, 28.879140297914116], [100.67728907983295, 28.784347598891976], [100.68795878819454, 28.591170475364926], [100.45551739955496, 28.149730406399808], [100.44875918730376, 28.034081520050428], [100.39454818570765, 27.870215904714712], [100.16085211236167, 27.795005995885145], [100.09429052649328, 27.863333316901013], [99.89405045126736, 27.953613751024168], [99.8667416440996, 28.07438604783567], [100.05752687547525, 28.142586008932934], [100.02519545104494, 28.2854845364769], [99.61452064782517, 28.497223713928953], [99.58626521506771, 28.61773281581525], [99.48646441353158, 28.65652572473049], [99.29972810217387, 28.46222706936538], [99.17933848255684, 28.37147879229764], [99.2524908404088, 28.225401080012343], [99.2127341352502, 27.955983020753507], [99.11744015429186, 28.14345518894191], [98.99114494425332, 28.188316518246477], [98.93717219901089, 28.36044722113216], [98.97543447752993, 28.629752423307927], [98.99833105910493, 28.90781236531722], [98.96205802688846, 29.09930153466404], [98.86368204596484, 28.92992650464323], [98.76032751313528, 28.71868402007503], [98.65151584105575, 28.656868832600043], [98.58501253818801, 28.86276124100849], [98.49615538703739, 28.845575717513807], [98.49858141191595, 28.586508628056468], [98.45564728732015, 28.50997502137931], [98.47937531016558, 28.35076778320136], [98.50711058162595, 28.110527476762375], [98.3613589329253, 28.014543082114557], [98.18472865656108, 28.171285914640066], [98.06098137089096, 28.17449711725872], [98.11055672303492, 27.908579618656347], [98.01179563268674, 27.918310435637153], [97.93480627113415, 28.08612103630964], [97.77157027079724, 28.156092846601503], [97.66488461905894, 28.304962640268652], [97.55688364006863, 28.276642289456777], [97.50546995312281, 28.11691074739323], [97.36936985783356, 28.110057615217897], [97.129672747607, 28.238075815897123], [96.83669333535816, 28.24589694834268], [96.64521825653567, 28.362039197807714], [96.29868272373331, 28.228486433092588], [96.20634078494749, 28.3441621800257], [96.57813963474618, 28.61223780765941], [96.45446668779897, 28.92503527081362], [96.16172329531861, 28.842075970378936], [96.05194779592608, 29.014739739769254], [96.30678187271, 29.12400342621814], [96.13235681984321, 29.167685866689457], [96.07626151643751, 29.31140014246023], [96.0216648756768, 29.34015164120894], [95.73093330316739, 29.22203999854014], [95.49397132163158, 29.081563353555556], [95.36611628152544, 28.965243391079685], [95.17675648582461, 28.956561705339624], [94.95498224867525, 28.99010539294325], [94.8038080851384, 29.00906629967356], [94.66588744736464, 29.062872780879143], [94.54323843654485, 29.170705780736935], [94.38955732488529, 29.129327116205726], [94.27230762704298, 29.073879975044278], [94.10496144430705, 28.995365210211965], [93.94328821917674, 28.87887712706606], [93.90429752817458, 28.819334800187796], [93.78118289939977, 28.661694842838674], [93.63350209963228, 28.565254420548037], [93.40735383235227, 28.561399749899497], [93.077951296144, 28.492507797054746], [92.72638119232423, 28.625737265155852], [92.82879805303118, 28.68436038560555], [92.7847581424526, 28.757108489064567], [92.66596864828635, 28.744164779786104], [92.2780385369961, 28.913599624397733], [92.13880641320793, 28.991509516520473], [92.1191243761761, 29.11977543957448], [92.14071467191471, 29.191980661561406], [92.51282791916107, 29.2866556038599], [92.55557050124263, 29.457935387308968], [92.50294538173772, 29.54921590774872], [92.41110060634463, 29.707614288141546], [92.31522197213286, 29.764566616487926], [92.21180072792791, 29.798111840653682], [92.07090316340759, 29.761590203539168], [92.0323491306938, 29.81307074751736], [91.97417949380835, 29.95838703496756], [91.92826216999588, 30.090862475124162], [91.9267390145878, 30.16007652629807], [91.97441051972446, 30.27086336672174], [92.11008119574254, 30.3432477017693], [92.3198191009709, 30.463377614705326], [92.27470079583979, 30.616363941119722], [92.17786230262888, 30.665978238568407], [92.15156609597689, 30.75142881296363], [92.28990373065913, 30.78955362583004], [92.15915666126715, 31.330510038225196], [92.20700004709006, 31.3719151427913], [92.1202677778301, 31.583080813938928], [91.89143232751866, 31.67769655140537], [91.82597907796246, 31.747592543644533], [91.79469323874191, 31.88750683627108], [91.94405334991107, 32.101666861915234], [92.20237721154832, 32.38849746436333], [92.19537991031726, 32.51989176034954], [92.19876298319775, 32.526048567349285], [92.27282831344193, 32.66077120733862], [92.2894089939957, 32.67381068235494], [92.33877285734788, 32.712606521015815], [92.40985837883805, 32.698210952087244], [92.95380948753177, 32.72190615653604], [93.4029188670693, 32.54921320268383], [93.86085667950516, 32.466958524070265], [94.67185037141438, 32.542284292138724], [95.04062779394734, 32.21310374443919], [95.38307803931492, 32.14916969373147], [95.53756017253681, 32.003375784648135], [95.52011281493512, 31.72607439092462], [95.93102613278367, 31.63917989404148]]]}}, {"type": "Feature", "properties": {"Province": "Yunnan", "Pays": "China", "birth_province_name": "Yunnan", "province_zh": "雲南"}, "geometry": {"type": "Polygon", "coordinates": [[[100.16085211236167, 27.795005995885145], [100.20711808728558, 27.64309758975087], [100.49020344742475, 27.817816668753547], [100.56611240879187, 27.7049705995185], [100.7208793801232, 27.58251452827706], [100.7939966008764, 27.297274690023986], [100.92202428057121, 27.11262017706404], [101.12471240094551, 26.871232580117766], [101.36330559772978, 26.634975313326382], [101.29447969108233, 26.53237831115122], [101.41933773021732, 26.414904867854894], [101.44805411192162, 26.201956543874697], [101.80475574967159, 25.994082490446207], [102.08014387373639, 26.082008820387465], [102.15824781505712, 26.20859808757111], [102.27581033848654, 26.2608345360083], [102.44729057725462, 26.298115712648595], [102.50708609037582, 26.18064892531611], [102.63130610223865, 26.268067604147458], [102.8283721635663, 26.37768863547824], [102.84982894910891, 26.611072001746646], [102.82306368335746, 26.75679446350245], [102.71698012702767, 26.84459475614645], [102.69187208956785, 26.978989097854576], [102.69760580274516, 27.221713407294946], [102.73477755449167, 27.36560702869973], [102.94400817330208, 27.420229161823453], [103.16404449088184, 27.69552104677499], [103.43151034892774, 27.862339225657916], [103.44631177468403, 27.991713236404696], [103.28364866618598, 28.025318925501324], [103.31724845595004, 28.122822461336447], [103.56685865647269, 28.183057387465247], [103.68555113443968, 28.2468434260536], [103.73233330845414, 28.41583994321143], [103.66208276630059, 28.57920123884329], [103.79400410413348, 28.645045276310242], [104.21640562736353, 28.706605461055368], [104.27156551109977, 28.621695421525263], [104.10016433362377, 28.411457663872945], [104.18719798008338, 28.36597912802174], [104.28489612465552, 28.333532376513173], [104.31152105573933, 28.186517454585573], [104.2023561187468, 28.066666955747763], [104.29244614576862, 27.92870468184888], [104.68090329091677, 27.948050872117005], [104.81838079532247, 28.05984141747073], [104.93942305546484, 28.19258070289297], [105.15124079254583, 28.10505527008723], [105.21676668119136, 27.95106530880661], [105.35494162830638, 27.82987872931383], [105.41650776886262, 27.813233890102968], [105.3389662115884, 27.687844674959262], [105.18622369849834, 27.586288511629057], [105.1980783020024, 27.436809045688364], [105.06501216567476, 27.454009579055146], [104.8728979959373, 27.3586507481742], [104.7489237458066, 27.39993736860086], [104.5457809206787, 27.372254218869443], [104.2863468716538, 27.371200353112222], [104.19049623726835, 27.47364415164068], [104.10512887671686, 27.369022425583974], [103.9892882984427, 27.364263330915474], [103.79212886045015, 27.45188441109672], [103.72851934792847, 27.373368878790842], [103.56172034176296, 27.222208670891256], [103.4708252591438, 27.08201556355001], [103.59411900289248, 27.042027491156063], [103.6347833057501, 26.886127994230797], [103.61705121743454, 26.768110812244977], [103.60719296482979, 26.605065940146567], [103.74237059742129, 26.566416904764697], [103.95954304124831, 26.573656481678498], [104.1286984161582, 26.712703785667028], [104.31755939325956, 26.738646067083586], [104.46953059048067, 26.678269498817833], [104.5953611799462, 26.463578850806726], [104.47106413007036, 26.20387765296065], [104.28449082736117, 25.93602861088774], [104.17157222226072, 25.68978043476151], [104.38070733211462, 25.578937246821674], [104.59668335874646, 25.341277788537127], [104.71236021559973, 25.252102296096638], [104.61616380243854, 25.216605595875446], [104.57163601984847, 25.17618083290957], [104.51623802470824, 24.96102023533341], [104.40246380964298, 24.79621460453218], [104.38693344760856, 24.718994758971068], [104.37384871093316, 24.653991851419573], [104.3946791331667, 24.51815123705088], [104.44179750602783, 24.374110621115925], [104.5812596596631, 24.368656225441086], [104.67398031760968, 24.5073827180427], [104.80303858491146, 24.48888075053983], [104.96768477876523, 24.48619683300917], [105.09851148602824, 24.28247606480685], [105.1537550734996, 24.16192950199752], [105.41907409371444, 24.159046101879913], [105.52761386659733, 24.195095560770216], [105.71882377721982, 24.18283106363162], [105.91632949356413, 24.21740043660627], [106.06734410528237, 24.1303348895108], [106.20069954009405, 23.890105879397243], [106.22302613324172, 23.62564916917742], [105.85101250915291, 23.58375941955252], [105.62976604723369, 23.54683027064925], [105.50620362172981, 23.43994225880087], [105.43051296930835, 23.22663224638009], [105.25014520339478, 23.398807398850675], [105.0064689289716, 23.314561695195636], [104.7786479459229, 23.12116544555501], [104.83645900713752, 22.920364397648104], [104.73581029976118, 22.78386505026234], [104.59094076630163, 22.75279065561159], [104.41558637973611, 22.621198355950163], [104.29213108296119, 22.75824593674937], [104.12728596756652, 22.765726743354882], [104.09965507126284, 22.54152763366291], [103.99825767223555, 22.418793868229777], [103.81274863220787, 22.575172595560588], [103.59100727974705, 22.671423971061476], [103.55053945563053, 22.542401124557713], [103.45463407812505, 22.489021200493074], [103.3630834720416, 22.807630747459577], [103.24015859468298, 22.736795420129745], [103.22921766735676, 22.611625994905143], [103.1001025861786, 22.48506880727604], [102.97195492186817, 22.550914168935865], [102.86465230197481, 22.770330908596165], [102.61187424150741, 22.77798521069812], [102.44038316913566, 22.645353114631675], [102.38689377998527, 22.514879103205754], [102.10466222792178, 22.435790655329747], [101.78169501732087, 22.432650612640302], [101.62427866169935, 22.31534619536309], [101.55159022597199, 22.127967056567304], [101.72902780344417, 21.5521202894621], [101.66568952859652, 21.36872022080954], [101.71038614640793, 21.26565077752922], [101.745827818181, 21.174947073911987], [101.6480531153975, 21.10073342434556], [101.49674198310127, 21.1419062439543], [101.28460253638342, 21.154252374515863], [101.23052327208254, 21.31687688086399], [101.14079763058706, 21.426960985707698], [101.16231293567678, 21.613470935498647], [101.01414917954278, 21.722041997646482], [100.83467362190564, 21.662914288955033], [100.75026353696003, 21.556017372732654], [100.6904002543747, 21.432284853170117], [100.55695718451936, 21.406704055202965], [100.38741035316465, 21.47068099732648], [100.20536542869719, 21.47840206114292], [100.06191260702549, 21.559071188728097], [100.02905674578294, 21.669222460592056], [99.98713901856098, 21.83211585186485], [99.92287546397122, 22.03899358250192], [99.79448834617361, 22.02654602625996], [99.67711607853326, 22.07643927316509], [99.59256136452831, 22.104149567425225], [99.36689649629906, 22.069699194307148], [99.19916688005472, 22.11800702832239], [99.2296656236313, 22.31150061897134], [99.30348330568867, 22.545651261225032], [99.36653357375906, 22.798626570244586], [99.47270953132899, 22.8558524366568], [99.57183753841564, 22.952535272252703], [99.5359357672633, 23.068660600422294], [99.35235350643018, 23.073423935854144], [99.10549423222902, 23.182511854223158], [98.88723469426063, 23.255051255571246], [98.81932119680587, 23.49352236380826], [98.73588733478363, 23.769828805001318], [98.63716441214103, 23.787001909728183], [98.64402663078003, 23.936606635371305], [98.75061876133627, 23.954578606057556], [98.85204826485906, 24.07296501441461], [98.62282234018765, 24.11526472348891], [98.3649088461346, 24.118359700695972], [98.16504457035296, 24.090548134327506], [97.95139607998377, 24.060028127753856], [97.70505648426823, 23.94277319769511], [97.55391647794791, 23.862332999336086], [97.5135463027342, 23.91556288085266], [97.63534255638936, 24.031192972081683], [97.75329747027634, 24.166358134788187], [97.81875403771886, 24.238483857502217], [97.7816857490667, 24.413540542292974], [97.66320546941894, 24.486503811318226], [97.6820954119509, 24.63791614891787], [97.73915766703, 24.782855732431663], [97.78619030452438, 24.872186106622863], [97.77075013089288, 25.078287390733173], [97.82057522380107, 25.222219297094757], [97.95749458368239, 25.206631092609367], [98.12338539426459, 25.364948794402295], [98.13208067693398, 25.56253038535851], [98.24677484514945, 25.549485916921157], [98.41044490203227, 25.585709174005547], [98.3977752418186, 25.74593566913139], [98.53744908309578, 25.791376832090265], [98.49840733980163, 26.03671790619708], [98.61104958146338, 26.070614797820014], [98.58769229313978, 26.378583798152505], [98.69757191947276, 26.561576227863593], [98.56837055196337, 26.86416684962048], [98.61929553937664, 27.104779236921622], [98.62924645616225, 27.324395833424493], [98.57417936467068, 27.55923717345352], [98.36858734926751, 27.588583427390304], [98.27130768713766, 27.420510406634964], [98.21402529514874, 27.419425927862058], [98.15577769052202, 27.66206871686098], [98.11055672303492, 27.908579618656347], [98.06098137089096, 28.17449711725872], [98.18472865656108, 28.171285914640066], [98.3613589329253, 28.014543082114557], [98.50711058162595, 28.110527476762375], [98.47937531016558, 28.35076778320136], [98.45564728732015, 28.50997502137931], [98.49858141191595, 28.586508628056468], [98.49615538703739, 28.845575717513807], [98.58501253818801, 28.86276124100849], [98.65151584105575, 28.656868832600043], [98.76032751313528, 28.71868402007503], [98.86368204596484, 28.92992650464323], [98.96205802688846, 29.09930153466404], [98.99833105910493, 28.90781236531722], [98.97543447752993, 28.629752423307927], [98.93717219901089, 28.36044722113216], [98.99114494425332, 28.188316518246477], [99.11744015429186, 28.14345518894191], [99.2127341352502, 27.955983020753507], [99.2524908404088, 28.225401080012343], [99.17933848255684, 28.37147879229764], [99.29972810217387, 28.46222706936538], [99.48646441353158, 28.65652572473049], [99.58626521506771, 28.61773281581525], [99.61452064782517, 28.497223713928953], [100.02519545104494, 28.2854845364769], [100.05752687547525, 28.142586008932934], [99.8667416440996, 28.07438604783567], [99.89405045126736, 27.953613751024168], [100.09429052649328, 27.863333316901013], [100.16085211236167, 27.795005995885145]]]}}, {"type": "Feature", "properties": {"Province": "Chahaer", "Pays": "China", "birth_province_name": "Chahar", "province_zh": "察哈爾"}, "geometry": {"type": "Polygon", "coordinates": [[[119.59491135334413, 46.60308312571438], [119.4660978275695, 46.48414166834335], [119.56552909860844, 46.38140752315222], [119.55418773893807, 46.12387194007191], [119.4582030705335, 45.911362749446155], [119.54935624526539, 45.76173661516923], [119.58811389218832, 45.57237550604228], [119.55505444621106, 45.44753766375293], [119.18720530426268, 45.48346871997211], [119.09328424041203, 45.47076371825431], [119.0659840830514, 45.27929099528333], [119.05486108811048, 45.05026107444585], [119.0577676700649, 44.812183888871786], [118.98014411481796, 44.580818278854416], [118.76721769539645, 44.392090769307075], [118.4294424439119, 44.293301536177175], [118.09072704477394, 44.06008361335046], [117.72731636668534, 43.98668393518334], [117.55564177643795, 43.98813673340368], [117.28749000185071, 44.03216645562907], [117.1157426548414, 44.0329476848456], [117.01925369611207, 43.94217706042472], [117.02686700281922, 43.86636106111851], [117.11761974307963, 43.747234315108685], [117.13339046541554, 43.58608865682308], [116.80713579613632, 43.44497035007126], [116.6390734361718, 43.30233700141264], [116.4578424820269, 43.16823016331738], [116.58918007135884, 43.032801239346455], [116.8368492486738, 42.89403602584601], [116.94565078823801, 42.70932966386267], [117.02812300080224, 42.523139732052314], [117.11332372450764, 42.44590032834035], [117.09011205252281, 42.3346184240808], [117.00609192085649, 42.27308126979446], [116.89081232386694, 42.06253744432913], [116.85762451023884, 41.947667976139144], [116.91054553243463, 41.85638935488234], [116.8772750068708, 41.704573490614244], [116.80081343194887, 41.60757814794583], [116.93263267195775, 41.521755009092324], [117.09348743271319, 41.5301596175048], [117.24873417222169, 41.495184019359144], [117.38774849115698, 41.31629065754152], [117.46527916861355, 41.184289526020926], [117.45245951216582, 41.112214556745876], [117.27174602971634, 41.01759882767032], [117.13782562505934, 40.9322464705504], [116.99328773823223, 40.967650298154965], [116.81241501811152, 40.98662681851465], [116.78159151056838, 40.91351720939462], [116.91192842746649, 40.827617787679436], [116.95102295751232, 40.70822132448861], [116.90406293668904, 40.60571695561012], [116.74216080314541, 40.53272649006816], [116.5613442327227, 40.46560048832133], [116.34796821223948, 40.35345789667076], [116.08610886005489, 40.26660210053116], [115.92379647639014, 40.21388776456629], [115.76706066299057, 40.111305569104964], [115.58618817990985, 40.06410000345716], [115.59161482315723, 39.928765379301744], [115.56174282429068, 39.776880179811954], [115.51509356193934, 39.69531501592096], [115.31595360950934, 39.62234847399457], [115.08421192912841, 39.630490869790016], [114.97323490400487, 39.658521625693254], [114.94001600994103, 39.94177251459796], [114.61243473451381, 39.96596573359194], [114.38604985064477, 40.04441177926317], [114.62644349392399, 40.228734940545195], [114.5338215856988, 40.3056133178053], [114.46108025361633, 40.36447390738958], [114.31704518742511, 40.46787925100599], [114.29678285811961, 40.623387066866165], [114.21878489938048, 40.71737322908634], [114.13426541229295, 40.71799933773576], [114.13644362764208, 40.56113067355168], [113.96431753646245, 40.51913766873776], [113.88335984167453, 40.4270807415948], [113.69039762459616, 40.40443354827409], [113.49540428689667, 40.33134042637466], [113.3705723189267, 40.35659481526058], [113.27536821140374, 40.434172468049965], [113.182114880315, 40.43334798880656], [113.05515266143733, 40.40811845221144], [112.91129941090608, 40.309922673717764], [112.75380366432717, 40.18180715474167], [112.63240036921907, 40.185145348386705], [112.46002073212328, 40.27638243982731], [112.28950922324469, 40.2793586116404], [112.32229482940448, 40.376526460730446], [112.09423713918567, 40.55466582397139], [112.07727857974739, 40.65764284279946], [112.15873290215892, 40.80806199026298], [112.16793648538918, 40.942084440539375], [111.98613220248782, 41.036696051638174], [112.08852824626167, 41.11669285584114], [112.17223442720817, 41.18189667169852], [112.21755290337455, 41.47815948925547], [112.36008761930029, 41.64857374390153], [112.59462539634885, 41.72738363880217], [112.95930946062218, 41.83155683349005], [113.2172182034035, 42.139585346468664], [112.95413435477528, 42.345062895687256], [112.67027179821056, 42.548013480056824], [112.47524514467871, 42.67284735349815], [112.21056298006953, 42.74787857089595], [112.04717428824954, 42.90351625379099], [111.88690703193639, 43.09637702228781], [111.6900207446004, 43.28073142879968], [111.54925993653741, 43.42124521404014], [111.50203338061004, 43.490601360072375], [111.65401186273351, 43.512676553748435], [111.98873513960869, 43.82554894836151], [111.63528189275313, 44.12382189040234], [111.54807907245714, 44.567451840824226], [111.59507643993899, 44.834215660867436], [112.00528526582369, 45.136998867439054], [112.54749135393493, 45.11704911302078], [112.79245221350862, 44.87742811409089], [113.56270928528309, 44.87883457499962], [114.02210934269448, 44.94001517215954], [114.51406368462558, 45.23993570754849], [114.74647681590494, 45.4952922553431], [115.12859457316455, 45.42716211240257], [115.53964548389305, 45.44598274939521], [116.4358069373005, 45.81985110976685], [116.42319337963677, 46.019798667696996], [116.72601517042095, 46.42276022004023], [117.4263759464772, 46.444875693704326], [117.55473496122823, 46.608270815026664], [117.78453976997676, 46.59042877321339], [118.05161314604632, 46.616613162419696], [118.39563675394409, 46.71674322514315], [118.8110112409351, 46.7184449782302], [119.09700520787915, 46.785726221333924], [119.35760149803635, 46.622872581620854], [119.59491135334413, 46.60308312571438]]]}}, {"type": "Feature", "properties": {"Province": "Jehol", "Pays": "China", "birth_province_name": "Rehe", "province_zh": "熱河"}, "geometry": {"type": "Polygon", "coordinates": [[[119.91789747232782, 40.331415131234486], [119.63804114518202, 40.31413656202731], [119.53593501666903, 40.18005453041102], [119.40473658066605, 40.164134749681104], [119.29621232226091, 40.160709539754194], [119.11694598773737, 40.172699423001795], [118.93692866974823, 40.196296796589984], [118.72617391172344, 40.212521242167995], [118.60645141702058, 40.261638619277164], [118.46626260954397, 40.38130138309595], [118.36079247676349, 40.44262619842605], [118.13796774349751, 40.397714074186744], [118.00990945463506, 40.33864493723357], [117.82054467413697, 40.270745644686066], [117.66887923459393, 40.22215268363468], [117.48169624627371, 40.23121826475158], [117.2620414174774, 40.256229488973794], [117.16150669320753, 40.34049778272297], [117.13414563375508, 40.47605567614472], [117.2502372067396, 40.577179846631445], [117.40032310695521, 40.6500780537568], [117.16057515303952, 40.709615196835365], [116.95102295751232, 40.70822132448861], [116.91192842746649, 40.827617787679436], [116.78159151056838, 40.91351720939462], [116.81241501811152, 40.98662681851465], [116.99328773823223, 40.967650298154965], [117.13782562505934, 40.9322464705504], [117.27174602971634, 41.01759882767032], [117.45245951216582, 41.112214556745876], [117.46527916861355, 41.184289526020926], [117.38774849115698, 41.31629065754152], [117.24873417222169, 41.495184019359144], [117.09348743271319, 41.5301596175048], [116.93263267195775, 41.521755009092324], [116.80081343194887, 41.60757814794583], [116.8772750068708, 41.704573490614244], [116.91054553243463, 41.85638935488234], [116.85762451023884, 41.947667976139144], [116.89081232386694, 42.06253744432913], [117.00609192085649, 42.27308126979446], [117.09011205252281, 42.3346184240808], [117.11332372450764, 42.44590032834035], [117.02812300080224, 42.523139732052314], [116.94565078823801, 42.70932966386267], [116.8368492486738, 42.89403602584601], [116.58918007135884, 43.032801239346455], [116.4578424820269, 43.16823016331738], [116.6390734361718, 43.30233700141264], [116.80713579613632, 43.44497035007126], [117.13339046541554, 43.58608865682308], [117.11761974307963, 43.747234315108685], [117.02686700281922, 43.86636106111851], [117.01925369611207, 43.94217706042472], [117.1157426548414, 44.0329476848456], [117.28749000185071, 44.03216645562907], [117.55564177643795, 43.98813673340368], [117.72731636668534, 43.98668393518334], [118.09072704477394, 44.06008361335046], [118.4294424439119, 44.293301536177175], [118.76721769539645, 44.392090769307075], [118.98014411481796, 44.580818278854416], [119.0577676700649, 44.812183888871786], [119.05486108811048, 45.05026107444585], [119.0659840830514, 45.27929099528333], [119.09328424041203, 45.47076371825431], [119.30373588902088, 45.32818673438576], [119.53926564156697, 45.230781420660406], [119.63964281655042, 45.12898705874445], [119.7385757304467, 45.04611579809641], [119.78362699229672, 44.961651450670054], [119.86609232955222, 44.92583805650812], [120.00446313373278, 44.84381014976482], [120.08949919566926, 44.75073790794784], [120.20549394928042, 44.56308779578235], [120.26498096702757, 44.43114115769406], [120.35112188853743, 44.2902544842893], [120.57720349681897, 44.27622051060683], [120.71193257272694, 44.221831499172566], [120.80955165087657, 44.09035039099198], [120.81410770047371, 43.966567961760816], [120.81724486705654, 43.88087063747235], [120.91338688425829, 43.768322282601794], [120.83899943673744, 43.6430635607039], [120.63332751657414, 43.53416933340074], [120.50794928769753, 43.39809589237787], [120.60461533782899, 43.278606829611505], [120.96027463038514, 43.368888241588806], [121.28601241874436, 43.39805946510085], [121.46923707035322, 43.25771462652188], [121.5058942386615, 43.091426097188425], [121.31418168214798, 42.96963591796501], [121.13474409994501, 43.00258946574762], [121.1246685224353, 42.79990823956164], [121.14827940211838, 42.55011599877634], [121.29614586223138, 42.44518846811366], [121.20611614257697, 42.21745128256126], [121.11353690833958, 42.09682444854241], [121.13544718120977, 41.89463733056728], [121.34298101303298, 41.88590562622152], [121.34879666092559, 41.6596043721754], [121.08164114174257, 41.56013388998871], [120.92727171734926, 41.42638680718571], [120.90213388486644, 41.223368119563226], [120.82956301891615, 41.0313706787606], [120.65869839558115, 40.96844586991345], [120.34551790752177, 40.93782546603702], [120.33460245122961, 40.81841793417104], [120.38860935904202, 40.64091572221812], [120.17284223323854, 40.564336725530616], [119.95973552166393, 40.4397649049673], [119.91789747232782, 40.331415131234486]]]}}, {"type": "Feature", "properties": {"Province": "Liaoning", "Pays": "China", "birth_province_name": "Liaoning", "province_zh": "遼寧"}, "geometry": {"type": "Polygon", "coordinates": [[[123.85426077020735, 46.30326368087386], [123.75499470422673, 46.24662505156526], [123.49732981107272, 46.21946124521294], [123.26062481475208, 46.2202459025992], [123.13691055603897, 46.13473520527475], [123.03411653069834, 46.077660867635906], [122.9007063920935, 46.05619096879968], [122.90097421229518, 45.906165904787564], [122.89106157098362, 45.74183892532091], [122.69761974839835, 45.662902173114404], [122.55423678814411, 45.7553100016995], [122.49222487612951, 45.840782819339545], [122.29811634809174, 45.832611082221774], [122.17506425779281, 45.86036593108171], [122.04030858425648, 45.96647622297677], [121.87526525374614, 46.0221236821953], [121.84761917553159, 45.87182109005844], [121.7776089199802, 45.79965061778935], [121.78998374492414, 45.699760876768], [121.96354733180172, 45.687178566075254], [122.03599599361674, 45.6235124801806], [122.04774775199861, 45.530731416402574], [122.19096811204045, 45.467533513599165], [122.29356947697012, 45.38247695771835], [122.38635621962146, 45.240115028727665], [122.417351558142, 45.17597204869871], [122.27620518073928, 45.153729469025585], [122.2166004699036, 45.0818846768627], [122.17830866190504, 44.93870997676563], [122.1695871584172, 44.84575636060813], [122.19137092531018, 44.724438212400976], [122.29324485683118, 44.58934548779022], [122.3541099182781, 44.51110156260854], [122.35529042803523, 44.40391873974372], [122.36656747192204, 44.28249799515923], [122.49655233697877, 44.20453624302244], [122.6750952872023, 44.255207365059064], [122.74429305539557, 44.34828341871268], [122.86369862781282, 44.39136481927257], [122.92343918472615, 44.43429667285914], [123.023201338393, 44.5057795728946], [123.14302791179486, 44.5056923762141], [123.20249611696792, 44.37697451644231], [123.27187751825778, 44.29822307960502], [123.35101081273936, 44.219398888990256], [123.3206963440083, 44.12658572958889], [123.32027190255579, 44.04797611512804], [123.43837908279326, 43.940385751212425], [123.49748138647949, 43.911557195231595], [123.48695556181035, 43.83298883533153], [123.44672038692431, 43.733097812252446], [123.42665340554902, 43.68314612804731], [123.3475816091321, 43.633385105139276], [123.3470884088145, 43.54762191241312], [123.4641751825743, 43.43999891094653], [123.56006854275188, 43.332998086793886], [123.90201001620031, 43.50234603782552], [123.93082908337058, 43.67364350920864], [124.15419626419055, 43.65596241483942], [124.41355163449462, 43.52202154166861], [124.63685650483012, 43.304628445505706], [124.64738336128721, 43.09005627299809], [124.90731719590308, 43.0860178257082], [125.13429889872346, 43.0700956632757], [125.47331729816109, 43.01561859232786], [125.61373201365063, 42.88146175131887], [125.81704628643746, 42.72177620087477], [125.95269677201317, 42.515844653137364], [126.00904160468976, 42.34759994799734], [126.32224707076344, 42.19599281551977], [126.63663841473338, 42.09114645040555], [127.00296067685483, 42.06702331358245], [127.36402488634016, 41.97045849248703], [127.45126033247666, 41.84798884373956], [127.72753685911094, 41.70590523534742], [128.01594182376985, 41.77247717660756], [128.00685278752377, 41.74642337303987], [128.28038370328625, 41.59122699159238], [128.09396349871992, 41.39956644119112], [127.51379974114485, 41.401186299545074], [126.9550637462902, 41.40156296295958], [126.96900486837018, 41.62980418462779], [126.82449393430674, 41.763366961350364], [126.54900798697078, 41.61496658201565], [126.38714596224497, 41.43400438284584], [125.91015734387553, 40.96095265243686], [125.60584329207764, 40.89674462663137], [125.37427483283818, 40.74445580523662], [124.95543314758073, 40.56641325310636], [124.32749566078407, 40.10338450208361], [124.23104395865947, 39.91851765862678], [123.74751078478651, 39.86543078076294], [123.0977060784645, 39.75336984653197], [122.69130880291844, 39.62925850268427], [122.17424641378457, 39.49300636497375], [121.91581844466263, 39.49088371100331], [121.69752953337094, 39.316997059899414], [121.56514580867497, 39.48708462375129], [121.55653250540202, 39.90176501349499], [122.09178672624243, 40.15033891669502], [122.34997327929077, 40.438120334059704], [122.23523851201254, 40.65194135417944], [122.00653543487506, 40.87901408063434], [121.9288731611441, 41.021322702034745], [121.77864035044229, 40.976928049012905], [121.7624438785365, 40.83375168062207], [121.45862787884532, 40.944493031947765], [121.387590293839, 40.91421685749486], [121.21624522776794, 40.84089810006845], [121.053122876963, 40.62375914825265], [120.75922010605294, 40.432527675372484], [120.6534619288458, 40.24452464678991], [120.37817679321742, 40.12421128154898], [120.13805154597074, 40.07562276692226], [119.91789747232782, 40.331415131234486], [119.95973552166393, 40.4397649049673], [120.17284223323854, 40.564336725530616], [120.38860935904202, 40.64091572221812], [120.33460245122961, 40.81841793417104], [120.34551790752177, 40.93782546603702], [120.65869839558115, 40.96844586991345], [120.82956301891615, 41.0313706787606], [120.90213388486644, 41.223368119563226], [120.92727171734926, 41.42638680718571], [121.08164114174257, 41.56013388998871], [121.34879666092559, 41.6596043721754], [121.34298101303298, 41.88590562622152], [121.13544718120977, 41.89463733056728], [121.11353690833958, 42.09682444854241], [121.20611614257697, 42.21745128256126], [121.29614586223138, 42.44518846811366], [121.14827940211838, 42.55011599877634], [121.1246685224353, 42.79990823956164], [121.13474409994501, 43.00258946574762], [121.31418168214798, 42.96963591796501], [121.5058942386615, 43.091426097188425], [121.46923707035322, 43.25771462652188], [121.28601241874436, 43.39805946510085], [120.96027463038514, 43.368888241588806], [120.60461533782899, 43.278606829611505], [120.50794928769753, 43.39809589237787], [120.63332751657414, 43.53416933340074], [120.83899943673744, 43.6430635607039], [120.91338688425829, 43.768322282601794], [120.81724486705654, 43.88087063747235], [120.81410770047371, 43.966567961760816], [120.80955165087657, 44.09035039099198], [120.71193257272694, 44.221831499172566], [120.57720349681897, 44.27622051060683], [120.35112188853743, 44.2902544842893], [120.26498096702757, 44.43114115769406], [120.20549394928042, 44.56308779578235], [120.08949919566926, 44.75073790794784], [120.00446313373278, 44.84381014976482], [119.86609232955222, 44.92583805650812], [119.78362699229672, 44.961651450670054], [119.7385757304467, 45.04611579809641], [119.63964281655042, 45.12898705874445], [119.53926564156697, 45.230781420660406], [119.30373588902088, 45.32818673438576], [119.09328424041203, 45.47076371825431], [119.18720530426268, 45.48346871997211], [119.55505444621106, 45.44753766375293], [119.58811389218832, 45.57237550604228], [119.54935624526539, 45.76173661516923], [119.4582030705335, 45.911362749446155], [119.55418773893807, 46.12387194007191], [119.56552909860844, 46.38140752315222], [119.4660978275695, 46.48414166834335], [119.59491135334413, 46.60308312571438], [119.89940637482701, 46.57694349589928], [119.94557427754778, 46.98299526486341], [119.86774622185055, 47.123760224372774], [119.33066811326508, 47.22301963784776], [119.40059265878969, 47.25363818318773], [119.84001271418862, 47.4443021107872], [120.34093347220372, 47.53321444716593], [120.4904773915093, 47.346111557289156], [120.47426504418432, 47.09812996580307], [120.86902354763554, 46.991869715605525], [121.56469017619946, 47.0027060904414], [122.20272432728552, 47.16130470387979], [122.31663033483407, 47.28812010059887], [122.6664618873228, 47.2303377787654], [122.9811300394102, 46.959400437916926], [122.98569939085992, 46.77701781783597], [123.19592282891298, 46.73542108518095], [123.3346821773389, 46.773195927075356], [123.3580986553011, 46.837769526927296], [123.44108681673552, 46.908909374490364], [123.52788235304943, 46.90258962870712], [123.6228921285848, 46.85746859742611], [123.66535798896646, 46.78282298269426], [123.81631457611083, 46.73720125000611], [123.85426077020735, 46.30326368087386]]]}}, {"type": "Feature", "properties": {"Province": "Jilin", "Pays": "China", "birth_province_name": "Jilin", "province_zh": "吉林"}, "geometry": {"type": "Polygon", "coordinates": [[[128.01594182376985, 41.77247717660756], [127.72753685911094, 41.70590523534742], [127.45126033247666, 41.84798884373956], [127.36402488634016, 41.97045849248703], [127.00296067685483, 42.06702331358245], [126.63663841473338, 42.09114645040555], [126.32224707076344, 42.19599281551977], [126.00904160468976, 42.34759994799734], [125.95269677201317, 42.515844653137364], [125.81704628643746, 42.72177620087477], [125.61373201365063, 42.88146175131887], [125.47331729816109, 43.01561859232786], [125.13429889872346, 43.0700956632757], [124.90731719590308, 43.0860178257082], [124.64738336128721, 43.09005627299809], [124.63685650483012, 43.304628445505706], [124.41355163449462, 43.52202154166861], [124.15419626419055, 43.65596241483942], [123.93082908337058, 43.67364350920864], [123.90201001620031, 43.50234603782552], [123.56006854275188, 43.332998086793886], [123.4641751825743, 43.43999891094653], [123.3470884088145, 43.54762191241312], [123.3475816091321, 43.633385105139276], [123.42665340554902, 43.68314612804731], [123.44672038692431, 43.733097812252446], [123.48695556181035, 43.83298883533153], [123.49748138647949, 43.911557195231595], [123.43837908279326, 43.940385751212425], [123.32027190255579, 44.04797611512804], [123.3206963440083, 44.12658572958889], [123.35101081273936, 44.219398888990256], [123.27187751825778, 44.29822307960502], [123.20249611696792, 44.37697451644231], [123.14302791179486, 44.5056923762141], [123.023201338393, 44.5057795728946], [122.92343918472615, 44.43429667285914], [122.86369862781282, 44.39136481927257], [122.74429305539557, 44.34828341871268], [122.6750952872023, 44.255207365059064], [122.49655233697877, 44.20453624302244], [122.36656747192204, 44.28249799515923], [122.35529042803523, 44.40391873974372], [122.3541099182781, 44.51110156260854], [122.29324485683118, 44.58934548779022], [122.19137092531018, 44.724438212400976], [122.1695871584172, 44.84575636060813], [122.17830866190504, 44.93870997676563], [122.2166004699036, 45.0818846768627], [122.27620518073928, 45.153729469025585], [122.417351558142, 45.17597204869871], [122.38635621962146, 45.240115028727665], [122.29356947697012, 45.38247695771835], [122.19096811204045, 45.467533513599165], [122.04774775199861, 45.530731416402574], [122.03599599361674, 45.6235124801806], [121.96354733180172, 45.687178566075254], [121.78998374492414, 45.699760876768], [121.7776089199802, 45.79965061778935], [121.84761917553159, 45.87182109005844], [121.87526525374614, 46.0221236821953], [122.04030858425648, 45.96647622297677], [122.17506425779281, 45.86036593108171], [122.29811634809174, 45.832611082221774], [122.49222487612951, 45.840782819339545], [122.55423678814411, 45.7553100016995], [122.69761974839835, 45.662902173114404], [122.89106157098362, 45.74183892532091], [122.90097421229518, 45.906165904787564], [122.9007063920935, 46.05619096879968], [123.03411653069834, 46.077660867635906], [123.13691055603897, 46.13473520527475], [123.26062481475208, 46.2202459025992], [123.49732981107272, 46.21946124521294], [123.75499470422673, 46.24662505156526], [123.85426077020735, 46.30326368087386], [123.8551245910878, 46.29331067872609], [124.01932601791981, 46.25624591968297], [124.02247674569742, 45.8704418497762], [124.14196413966181, 45.71213466403438], [124.29259613415853, 45.61050648103589], [124.57274554677193, 45.4355200164652], [124.59129929194582, 45.402396883554275], [124.69414459531424, 45.40472796317562], [124.75756523867894, 45.44378033686534], [124.81861128972784, 45.490456157845976], [124.8735170794962, 45.51243164332185], [124.96209740729742, 45.4880807846564], [125.02833802779024, 45.44691257237595], [125.08588238705352, 45.39252773926531], [125.17673449243046, 45.364157498229666], [125.27495223431465, 45.387011491885566], [125.43898364131036, 45.460960956258546], [125.56561647776935, 45.51775242458942], [125.69869620234327, 45.52023227712724], [125.90573381133599, 45.593265504572884], [126.15470329645483, 45.72573897178447], [126.30256677476014, 45.78823948765477], [126.86426298612898, 45.95412643218012], [127.43356306267823, 45.81434101087478], [128.01896888594987, 45.88533851800847], [128.59602908982453, 45.85845858391597], [128.90622090613016, 45.890429699296234], [129.27205931135921, 46.10904794658934], [129.37859390754218, 46.43659619615465], [129.70692159619077, 46.58447243027224], [130.4409292416038, 46.896196638912116], [130.75402345859035, 47.13737263427637], [131.16677062058002, 47.3229549184262], [131.65538807094066, 47.310665286494775], [132.1293398104036, 47.41659583286402], [132.36243916325898, 47.502511047162166], [132.3267204094258, 47.74890034833736], [132.5717649127253, 47.75710390455092], [132.5508077034905, 47.98773786351195], [132.82943315731436, 48.10707133097918], [133.24238939711893, 48.14217742947118], [133.7183685211525, 48.2700288617412], [134.4003878882506, 48.346772722068565], [134.41908730673984, 48.14445169495087], [134.3952509233398, 48.06874995385227], [134.34510384663244, 47.90851811288303], [134.79459960679003, 47.73375336577172], [134.68663856204614, 47.44436370622675], [134.33203983091406, 47.36596008899687], [134.36646999081177, 47.233716344499996], [134.22035456116305, 46.6735250360797], [134.04707216639565, 46.20682321885246], [134.03037829250113, 46.0225520845361], [133.70724583967157, 45.8391807481421], [133.69043362497004, 45.540542796066525], [133.30637552768835, 45.33323122318551], [133.32236990933887, 45.08878468561379], [132.96740121385537, 45.02060533875887], [132.97223998803543, 45.27744646557126], [132.71780794844412, 45.32818356711602], [132.26650044491234, 45.294573717177386], [131.9886167193252, 45.20263248230865], [131.81546718936434, 45.25911486804127], [131.59685122068927, 45.01865852181618], [130.8514129399213, 44.872639040692114], [131.34590471692132, 44.12285209424773], [131.12849909775312, 42.96706915860834], [130.73389700101387, 42.92315440839349], [130.46429915968628, 42.783997972868484], [130.65487778294658, 42.59990707569256], [130.58179834889967, 42.476218509040535], [130.429729756583, 42.657675692229056], [130.13206371361423, 42.762424121007065], [130.13411783458594, 42.94803800600612], [129.8925579854002, 43.04864398118754], [129.72060549603623, 42.90174193036897], [129.68984554056263, 42.61777720913612], [129.56101068330483, 42.49666153489691], [129.30568007242113, 42.453897494413916], [129.13543988840178, 42.291696210510786], [128.87452680652473, 42.176796065029144], [128.43485187936267, 42.05797275436242], [128.09065720322877, 41.985700176364524], [128.01594182376985, 41.77247717660756]]]}}, {"type": "Feature", "properties": {"Province": "Heilongjiang", "Pays": "China", "birth_province_name": "Heilongjiang", "province_zh": "黑龍江"}, "geometry": {"type": "Polygon", "coordinates": [[[116.71197916663392, 49.82214494547514], [116.77133171294193, 49.81660764808845], [117.1753948425258, 49.67096576245507], [117.5470137412616, 49.62957911034311], [117.81626371560682, 49.511004898197555], [118.08458389363743, 49.570370917875685], [118.3693305605625, 49.75418589092916], [118.67318427906098, 49.951057721313035], [119.09532561246408, 49.9779639466684], [119.43462903013958, 50.131730261948384], [119.49635920144458, 50.30023921858364], [119.13456140910644, 50.40778401956618], [119.28593583003392, 50.61505819121992], [119.5646031909718, 50.897344532637355], [119.77599894265155, 51.10568460083101], [119.98616254538562, 51.36118345476532], [120.17733732011304, 51.651514443283254], [120.5305988901655, 51.83793971023895], [120.84654726933708, 52.05828684850998], [120.83908031597558, 52.21279965542441], [120.69749886792243, 52.32908281383088], [120.70704721920505, 52.51960282481544], [120.51899096792575, 52.741831426863406], [120.31170614145486, 52.60645088245224], [120.05806975428011, 52.60041827877395], [120.04364377544897, 52.81420635852883], [120.38585896223127, 53.000680068860284], [120.78548316607339, 53.2823709844057], [121.53839386951591, 53.317763447403216], [121.65526868625865, 53.390493345417774], [122.35000018067016, 53.49142988081775], [122.80882460144572, 53.44547886933029], [123.24750904455075, 53.52861486498505], [123.70630126612593, 53.51489353371642], [124.06357522303223, 53.44089732389255], [124.41486532029231, 53.223184791614294], [124.88549399859387, 53.109623087330434], [125.08933810293112, 53.23705459113146], [125.30401176249504, 53.17362379044057], [125.61387203757545, 53.06016423725789], [125.80256372803535, 52.92500790017309], [126.03091858430537, 52.8123241222777], [126.20508115714965, 52.510297099359164], [126.47264433538162, 52.193361844726546], [126.54750846216038, 51.91743757193757], [126.758028461353, 51.67288080128578], [126.93714625098826, 51.30995476348558], [126.98718410687218, 51.01070472109184], [127.17167408366595, 50.86011666467259], [127.21554188930166, 50.82412825807395], [127.45413100331598, 50.32866335388323], [127.57113294012207, 50.152683817808814], [127.51548860446009, 49.79771905153207], [127.82260491179524, 49.5567234624904], [128.6359867583642, 49.56273348110034], [128.96283939262779, 49.36050729088273], [129.37940979816767, 49.36676801952249], [129.88057867852007, 49.03769081624485], [130.15987517671613, 48.863354372642725], [130.50754419566067, 48.869714049953544], [130.50982192691598, 48.742175731778325], [130.51217184346893, 48.61205368330325], [130.79510996511573, 48.3500647335432], [130.63795274247042, 48.16050901626206], [130.78776893214587, 48.04722436146233], [130.88673274450719, 47.97203031263588], [131.01784907805992, 47.719830086083846], [131.22304771326614, 47.73263225962125], [131.55295078638653, 47.752419307900446], [131.8959396351478, 47.74471823542914], [132.0809377630892, 47.74013468476747], [132.3267204094258, 47.74890034833736], [132.36243916325898, 47.502511047162166], [132.1293398104036, 47.41659583286402], [131.65538807094066, 47.310665286494775], [131.16677062058002, 47.3229549184262], [130.75402345859035, 47.13737263427637], [130.4409292416038, 46.896196638912116], [129.37859390754218, 46.43659619615465], [129.27205931135921, 46.10904794658934], [128.90622090613016, 45.890429699296234], [128.59602908982453, 45.85845858391597], [128.01896888594987, 45.88533851800847], [127.43356306267823, 45.81434101087478], [126.86426298612898, 45.95412643218012], [126.30256677476014, 45.78823948765477], [126.15470329645483, 45.72573897178447], [125.90573381133599, 45.593265504572884], [125.69869620234327, 45.52023227712724], [125.56561647776935, 45.51775242458942], [125.43898364131036, 45.460960956258546], [125.27495223431465, 45.387011491885566], [125.17673449243046, 45.364157498229666], [125.08588238705352, 45.39252773926531], [125.02833802779024, 45.44691257237595], [124.96209740729742, 45.4880807846564], [124.8735170794962, 45.51243164332185], [124.81861128972784, 45.490456157845976], [124.75756523867894, 45.44378033686534], [124.69414459531424, 45.40472796317562], [124.59129929194582, 45.402396883554275], [124.57274554677193, 45.4355200164652], [124.29259613415853, 45.61050648103589], [124.14196413966181, 45.71213466403438], [124.02247674569742, 45.8704418497762], [124.01932601791981, 46.25624591968297], [123.8551245910878, 46.29331067872609], [123.85426077020735, 46.30326368087386], [123.81631457611083, 46.73720125000611], [123.66535798896646, 46.78282298269426], [123.6228921285848, 46.85746859742611], [123.52788235304943, 46.90258962870712], [123.44108681673552, 46.908909374490364], [123.3580986553011, 46.837769526927296], [123.3346821773389, 46.773195927075356], [123.19592282891298, 46.73542108518095], [122.98569939085992, 46.77701781783597], [122.9811300394102, 46.959400437916926], [122.6664618873228, 47.2303377787654], [122.31663033483407, 47.28812010059887], [122.20272432728552, 47.16130470387979], [121.56469017619946, 47.0027060904414], [120.86902354763554, 46.991869715605525], [120.47426504418432, 47.09812996580307], [120.4904773915093, 47.346111557289156], [120.34093347220372, 47.53321444716593], [119.84001271418862, 47.4443021107872], [119.40059265878969, 47.25363818318773], [119.31897825086756, 47.22514763260178], [118.87695817648395, 47.51487538426887], [118.62906531082234, 47.823581037272255], [118.3035463405163, 47.982156695992835], [117.7307736609466, 48.03345643166853], [117.37432942697389, 47.65448147218485], [116.99019339242255, 47.806431252046146], [116.58512027868039, 47.8797056173425], [116.16341593440482, 47.85526133754791], [115.84732467648108, 47.683430732486], [115.6608113533683, 47.805011544220726], [115.57219834838966, 48.02801363938901], [115.70894627170668, 48.26555365850283], [115.78731753620524, 48.518316335470686], [116.00180013404449, 48.626924003411915], [116.19411949541139, 48.9053379093136], [116.53837797386197, 49.59226221840956], [116.71197916663392, 49.82214494547514]]]}}, {"type": "Feature", "properties": {"Province": "Shanxi", "Pays": "China", "birth_province_name": "Shanxi", "province_zh": "山西"}, "geometry": {"type": "Polygon", "coordinates": [[[115.31595360950934, 39.62234847399457], [115.12368067138932, 39.41900819345354], [115.05657042912223, 39.200247028520046], [114.49569816454064, 39.16038666226963], [114.3947906876876, 38.98640973773001], [114.45294288888604, 38.8836712315211], [114.32876334909665, 38.77930414316763], [114.18846207229164, 38.685486407282056], [114.08844695042575, 38.39247788749626], [114.43748760029128, 38.25220924205148], [114.51128677811624, 38.00787290805476], [114.77239042801858, 37.824373436192936], [114.49141197258805, 37.39998057072028], [114.27560293127567, 37.20580982642569], [114.35079656932136, 37.06870437620504], [114.2505597500346, 37.03752101992716], [114.08390064900844, 36.9418145847171], [113.97909221876495, 36.82687307325143], [114.00267785544433, 36.626640604837654], [114.1624034562287, 36.51983987054365], [114.17721677061654, 36.390208132556474], [114.14444493396562, 36.161960012975285], [114.04438978665054, 36.011863332043596], [114.11184383010838, 35.803027328372096], [113.98838579045692, 35.73435436880862], [113.77722085413684, 35.670701730303215], [113.48565382671816, 35.55280883207141], [113.26546804621019, 35.45195778289567], [112.97128393448907, 35.368292574422156], [112.60849734104511, 35.37290905342737], [112.3890761976498, 35.389210572304215], [112.407653531435, 35.24851668621433], [112.35977651175189, 35.1731030231447], [112.06646915944977, 35.20595731841034], [111.98099696757546, 35.091412087920766], [111.7629311829663, 35.00003170076348], [111.4586510790282, 34.91186720183213], [111.05444543721899, 34.82489340732487], [110.65073939342426, 34.72110954827881], [110.59857280585601, 34.70758695607788], [110.5630363413922, 34.94058080544765], [110.60161816883611, 35.157635146361244], [110.66508762318149, 35.40098832784676], [110.84662283429186, 35.53810364857554], [110.9448561256725, 35.84424735200006], [110.87480102040209, 36.01478201101271], [110.7933096121059, 36.2551628913718], [110.86437247811577, 36.546886611133694], [110.79118372215497, 36.728900106993066], [110.7951707914155, 36.9781985240176], [110.84078340817234, 37.243738345044825], [111.04274546716753, 37.37133601191133], [111.1952931972431, 37.71898906865352], [111.17645065735613, 37.83569455892664], [110.92494693837281, 37.99956825150836], [111.00451043073123, 38.42305291721586], [111.17797680770059, 38.559610922142916], [111.3415166142228, 38.57624809937821], [111.24009922091082, 38.732117497901314], [111.41323745537088, 38.785263573625286], [111.3954573385192, 38.985287538419186], [111.48099351820655, 39.112611772819704], [111.68322900330256, 39.27519568720888], [111.64067645167735, 39.47853363535822], [111.793684422398, 39.519631675606355], [111.91602391824699, 39.67406754952716], [112.00861725264102, 39.78591340712209], [112.15177491058401, 40.0086892610488], [112.27593313781539, 40.23906532588424], [112.28950922324469, 40.2793586116404], [112.46002073212328, 40.27638243982731], [112.63240036921907, 40.185145348386705], [112.75380366432717, 40.18180715474167], [112.91129941090608, 40.309922673717764], [113.05515266143733, 40.40811845221144], [113.182114880315, 40.43334798880656], [113.27536821140374, 40.434172468049965], [113.3705723189267, 40.35659481526058], [113.49540428689667, 40.33134042637466], [113.69039762459616, 40.40443354827409], [113.88335984167453, 40.4270807415948], [113.96431753646245, 40.51913766873776], [114.13644362764208, 40.56113067355168], [114.13426541229295, 40.71799933773576], [114.21878489938048, 40.71737322908634], [114.29678285811961, 40.623387066866165], [114.31704518742511, 40.46787925100599], [114.46108025361633, 40.36447390738958], [114.5338215856988, 40.3056133178053], [114.62644349392399, 40.228734940545195], [114.38604985064477, 40.04441177926317], [114.61243473451381, 39.96596573359194], [114.94001600994103, 39.94177251459796], [114.97323490400487, 39.658521625693254], [115.08421192912841, 39.630490869790016], [115.31595360950934, 39.62234847399457]]]}}, {"type": "Feature", "properties": {"Province": "Guizhou", "Pays": "China", "birth_province_name": "Guizhou", "province_zh": "貴州"}, "geometry": {"type": "Polygon", "coordinates": [[[109.31078372155015, 28.68515634977805], [109.4178719521505, 28.56243406438474], [109.42934083847194, 28.26959988519101], [109.36721930191436, 28.133972576946594], [109.44925351189896, 27.907116351549863], [109.54083858704834, 27.810437383703878], [109.46844076411716, 27.65040586755597], [109.23564310949851, 27.509568615219656], [109.0899966053035, 27.412593191879818], [108.8942728998527, 27.29864078400126], [108.7682550590901, 27.156557943824428], [108.81454402031513, 27.10268427519222], [109.09058785992264, 27.2013048686348], [109.18281870397156, 27.198868554001578], [109.3976678621719, 27.267300316147995], [109.59095228070395, 27.192274465099555], [109.6296192839574, 27.090237859879334], [109.55708492266213, 26.930409111072652], [109.42589596212976, 26.82363317913043], [109.49306708597108, 26.70094908354789], [109.38065218303593, 26.549071624854125], [109.40748413744234, 26.434242307094692], [109.53182091258138, 26.3757563783885], [109.54284679895211, 26.059673790158556], [109.51913232519995, 25.92824135382029], [109.39414179368575, 25.77547296022137], [109.16116924862258, 25.882120315805583], [109.05552323653481, 25.789704093350352], [109.12506288331932, 25.74957035593105], [109.21417769496065, 25.652616781351924], [109.15238323230085, 25.51763173471676], [108.96389091696817, 25.581400547082065], [108.74131135868876, 25.711748273572077], [108.69585161361279, 25.660336390510686], [108.65736012271587, 25.445638502864085], [108.58094965780664, 25.54338726822253], [108.38816520996268, 25.640910834114234], [108.2410207166724, 25.578981989399182], [108.1846155536976, 25.514660947909213], [108.21344389497622, 25.2836895136966], [108.08356755329855, 25.293698512872076], [107.87078321295091, 25.24814766109079], [107.60618840124856, 25.406961233873915], [107.50327366086614, 25.407552100898585], [107.44248143096678, 25.576051954846676], [107.15604098929184, 25.696156109716686], [106.99430581988736, 25.56144513229581], [107.02102013421529, 25.459523529745336], [107.04118769000901, 25.31023551859771], [106.79660562105391, 25.31777791282334], [106.60900654762642, 25.284817048007984], [106.47057470033336, 25.175856685039726], [106.19880467169358, 25.109495460775097], [106.09674612698595, 25.109166875185494], [106.0768814927563, 24.979041599070975], [106.16972256785648, 24.86207568912385], [105.9947046698989, 24.748765362305473], [105.77733458902368, 24.75798211718931], [105.48783700598253, 24.8276779381651], [105.29308619290838, 24.94300101028213], [105.13321784903181, 24.992752404941175], [105.0175735422, 25.001494623290302], [104.85519315754969, 24.900119545486223], [104.73347704705724, 24.69977618564423], [104.61281163294467, 24.66140692918581], [104.38693344760856, 24.718994758971068], [104.40246380964298, 24.79621460453218], [104.51623802470824, 24.96102023533341], [104.57163601984847, 25.17618083290957], [104.61616380243854, 25.216605595875446], [104.71236021559973, 25.252102296096638], [104.59668335874646, 25.341277788537127], [104.38070733211462, 25.578937246821674], [104.17157222226072, 25.68978043476151], [104.28449082736117, 25.93602861088774], [104.47106413007036, 26.20387765296065], [104.5953611799462, 26.463578850806726], [104.46953059048067, 26.678269498817833], [104.31755939325956, 26.738646067083586], [104.1286984161582, 26.712703785667028], [103.95954304124831, 26.573656481678498], [103.74237059742129, 26.566416904764697], [103.60719296482979, 26.605065940146567], [103.61705121743454, 26.768110812244977], [103.6347833057501, 26.886127994230797], [103.59411900289248, 27.042027491156063], [103.4708252591438, 27.08201556355001], [103.56172034176296, 27.222208670891256], [103.72851934792847, 27.373368878790842], [103.79212886045015, 27.45188441109672], [103.9892882984427, 27.364263330915474], [104.10512887671686, 27.369022425583974], [104.19049623726835, 27.47364415164068], [104.2863468716538, 27.371200353112222], [104.5457809206787, 27.372254218869443], [104.7489237458066, 27.39993736860086], [104.8728979959373, 27.3586507481742], [105.06501216567476, 27.454009579055146], [105.1980783020024, 27.436809045688364], [105.18622369849834, 27.586288511629057], [105.3389662115884, 27.687844674959262], [105.41650776886262, 27.813233890102968], [105.61518903586314, 27.759248357313087], [106.24415005812212, 27.839378806294206], [106.37130035943608, 27.948532908283525], [106.27047695412794, 28.16922581785471], [106.14701094998841, 28.200281450840365], [105.8635041916319, 28.16400830556426], [105.82426326367876, 28.32205921556118], [105.5635791224452, 28.462631529390606], [105.62100815403207, 28.66826031179318], [105.97554447120413, 28.7613956623724], [106.33338288765229, 28.597239870050096], [106.41856493958917, 28.724751606057847], [106.39418968037758, 28.95522984926135], [106.52059093410591, 28.994591389868667], [106.59310883984226, 28.87517873949958], [106.59843914447168, 28.677230261571925], [106.74109421916981, 28.61312555039128], [106.95709879049801, 28.756508859899103], [106.84025331387221, 28.824042448057007], [106.8089686883569, 28.93709824786743], [106.89293171011522, 28.99422942230101], [106.94175269833498, 29.105504040431494], [107.11306776316738, 29.03284269633732], [107.26103602324274, 28.851736408309776], [107.41670609330261, 28.963961829961246], [107.46268035155013, 29.09824834310103], [107.4038048324118, 29.2200708531196], [107.48133632221459, 29.323040938342718], [107.77562621580063, 29.32261247087208], [107.7782247943326, 29.21740348670134], [107.81839266423069, 29.1282892597603], [108.04620552387904, 29.21316687719449], [108.36371617076301, 29.237357715404972], [108.33956166885271, 29.035113395327752], [108.38412141505738, 28.910969992084173], [108.3908074650256, 28.77087900691842], [108.64174075135415, 28.78664067888895], [108.5939291214874, 28.652294103599623], [108.61804935916811, 28.47881846541279], [108.72315494824267, 28.584072556461564], [108.76843220573438, 28.448011990141275], [108.89201580061713, 28.32020781615377], [109.15392576892864, 28.347589917307364], [109.19490673239989, 28.539894465055763], [109.31400341934882, 28.64625924579651], [109.31078372155015, 28.68515634977805]]]}}, {"type": "Feature", "properties": {"Province": "Hebei", "Pays": "China", "birth_province_name": "Hebei", "province_zh": "河北"}, "geometry": {"type": "Polygon", "coordinates": [[[119.91789747232782, 40.331415131234486], [120.13805154597074, 40.07562276692226], [119.79352152376299, 39.88070108173409], [119.57891902908825, 39.71727452102982], [119.60858343745804, 39.48935642996225], [119.49034971518176, 39.27135335194576], [119.2187090059784, 39.19134477777705], [118.96604739847136, 39.11136844870811], [118.7018541200651, 39.23058373661798], [118.4616310959771, 39.25004602654567], [118.25886113037078, 38.984636334682605], [118.20023910339312, 38.76780669494469], [118.21830852395615, 38.49693595474825], [118.37077049745234, 38.38870492462782], [118.40039670275027, 38.29140916121126], [118.24134883789033, 38.254918627244955], [118.19131953367517, 38.24105956816996], [117.98934233395748, 38.18484334368403], [117.99666368547824, 38.077946227126205], [118.06635874767906, 37.93794890230334], [118.1783599261688, 37.83538466191682], [118.05149241614549, 37.710983171306005], [117.87700292891967, 37.63204018466486], [117.8896967860737, 37.882742544658186], [117.7082200754277, 37.89852518576283], [117.59011534918707, 37.869319841483374], [117.57410720844963, 37.678014339862145], [117.45906592481063, 37.61310003235949], [117.39748903796375, 37.59673178276927], [117.0779413950042, 37.51117374966517], [116.96124693514986, 37.66003770869573], [116.85174105976606, 37.535293501247835], [116.83468134829646, 37.37961670128586], [116.75737070442031, 37.23267376804561], [116.54114167936018, 37.14960374734986], [116.38662566363101, 37.04581755365447], [116.15772090950334, 36.949464242855846], [116.0699344129291, 37.09906702294717], [115.89779581880617, 36.87462874358381], [115.70522721537657, 37.02948550259938], [115.6565099059381, 36.91937855111026], [115.64868264211952, 36.692827435906885], [115.8458635479107, 36.478816886081844], [116.05125153494487, 36.32440699921172], [115.73435865763582, 35.93663340445802], [115.7473766917274, 35.79465234689608], [115.64761128787555, 35.610110075299886], [115.67140381300597, 35.34984236079033], [115.54772607773866, 35.11622975823008], [115.51902944292458, 35.11815210962529], [115.27096662996082, 35.13447569841104], [115.11314060535234, 35.18983974772403], [114.95606937435406, 35.24464056200486], [114.90952392628614, 35.419858735426956], [115.10343234109101, 35.516019396667105], [115.33473290099474, 35.53103310198354], [115.38132341532372, 35.65294526131454], [115.40105169015388, 35.903987502197765], [115.33677284586535, 36.11397929781893], [115.2381238735049, 36.369258872840675], [115.08239545315685, 36.45412016912984], [114.83174823867554, 36.31821172721084], [114.60919251825592, 36.33835559171344], [114.4172764729281, 36.47916122905075], [114.50521812172184, 36.616273666295875], [114.6566916601247, 36.57949519147859], [114.85817180439815, 36.48650250524189], [114.85283290042898, 36.676398742846544], [114.98336017399697, 36.83992459918857], [114.7809731100318, 36.93303576560394], [114.35079656932136, 37.06870437620504], [114.27560293127567, 37.20580982642569], [114.49141197258805, 37.39998057072028], [114.77239042801858, 37.824373436192936], [114.51128677811624, 38.00787290805476], [114.43748760029128, 38.25220924205148], [114.08844695042575, 38.39247788749626], [114.18846207229164, 38.685486407282056], [114.32876334909665, 38.77930414316763], [114.45294288888604, 38.8836712315211], [114.3947906876876, 38.98640973773001], [114.49569816454064, 39.16038666226963], [115.05657042912223, 39.200247028520046], [115.12368067138932, 39.41900819345354], [115.31595360950934, 39.62234847399457], [115.51509356193934, 39.69531501592096], [115.56174282429068, 39.776880179811954], [115.59161482315723, 39.928765379301744], [115.58618817990985, 40.06410000345716], [115.76706066299057, 40.111305569104964], [115.92379647639014, 40.21388776456629], [116.08610886005489, 40.26660210053116], [116.34796821223948, 40.35345789667076], [116.5613442327227, 40.46560048832133], [116.74216080314541, 40.53272649006816], [116.90406293668904, 40.60571695561012], [116.95102295751232, 40.70822132448861], [117.16057515303952, 40.709615196835365], [117.40032310695521, 40.6500780537568], [117.2502372067396, 40.577179846631445], [117.13414563375508, 40.47605567614472], [117.16150669320753, 40.34049778272297], [117.2620414174774, 40.256229488973794], [117.48169624627371, 40.23121826475158], [117.66887923459393, 40.22215268363468], [117.82054467413697, 40.270745644686066], [118.00990945463506, 40.33864493723357], [118.13796774349751, 40.397714074186744], [118.36079247676349, 40.44262619842605], [118.46626260954397, 40.38130138309595], [118.60645141702058, 40.261638619277164], [118.72617391172344, 40.212521242167995], [118.93692866974823, 40.196296796589984], [119.11694598773737, 40.172699423001795], [119.29621232226091, 40.160709539754194], [119.40473658066605, 40.164134749681104], [119.53593501666903, 40.18005453041102], [119.63804114518202, 40.31413656202731], [119.91789747232782, 40.331415131234486]]]}}, {"type": "Feature", "properties": {"Province": "Henan", "Pays": "China", "birth_province_name": "Henan", "province_zh": "河南"}, "geometry": {"type": "Polygon", "coordinates": [[[115.51902944292458, 35.11815210962529], [115.60347277936398, 34.98048690456392], [115.75665434481662, 34.88270258164434], [115.74358448740522, 34.7034731217469], [116.24838268451664, 34.6969373687482], [116.39376556892357, 34.74604896883508], [116.42901033782788, 34.599735818414615], [116.55470653214732, 34.463630411242185], [116.6871271232763, 34.422952622224344], [116.81593430696934, 34.429559737302256], [116.74157058559781, 34.2710007386257], [116.73434257466289, 34.17539313819723], [116.88392414929247, 34.08772266991105], [116.57896062976907, 33.952991689393414], [116.36061705105097, 33.82234757504829], [116.26702288840914, 33.9243530173341], [116.1778825649132, 34.145516759088814], [116.02662017138691, 34.24406232839327], [115.81884060310504, 34.16062921849261], [115.90988334716522, 33.92800759926792], [115.75655605136318, 33.71681643299041], [115.60486562559655, 33.66020386360481], [115.6180491566753, 33.50637855003409], [115.58479600385857, 33.39734322811325], [115.46606371566715, 33.295016856385836], [115.34450381224796, 33.22809333689183], [115.13477081200755, 33.35758680887345], [115.0296892482884, 33.26763504799229], [115.08581379767897, 33.11670875236582], [115.25648403243788, 33.10372109408861], [115.38807147915024, 33.05242369987938], [115.38345624359744, 32.778665292149896], [115.55349800100147, 32.76516499162002], [115.68248487030941, 32.737127308829976], [115.7404369236889, 32.71672746462504], [115.74909162586461, 32.61018544120844], [115.86383526298653, 32.581106682945496], [116.04771642533582, 32.746130393359536], [116.19063125550699, 32.71831876927852], [116.17296448124432, 32.396097843571404], [116.15846568539482, 32.216837868717725], [116.16229042554221, 31.97908826910917], [115.82877889395665, 31.960592744930455], [115.73904466084142, 31.860321796922708], [115.67084670960321, 31.66611685776841], [115.58247094894371, 31.553965348696327], [115.39800972954292, 31.6025112426308], [115.43787439397694, 31.79511700476239], [115.33600578988552, 31.84842999281435], [115.20245977678418, 31.780832667610127], [115.15411563203845, 31.69464543987798], [114.9723461207242, 31.707028414458435], [114.9456133834889, 31.717473480367826], [114.68429513621739, 31.81911995658404], [114.76200609063116, 31.88361371138666], [114.77804876433294, 32.01535265184572], [114.58293288889102, 32.014344062001214], [114.37069951210115, 32.04748198885282], [114.20563729785711, 32.02417763115241], [113.99791505898163, 32.15193724538411], [113.98502326893075, 32.281594253873486], [113.98121092937083, 32.45939236107062], [114.0158327493651, 32.53312224103925], [113.95422043939355, 32.58802720846452], [113.79329041081762, 32.516892194303736], [113.61137303091614, 32.51519472322909], [113.45479656122498, 32.53889736398228], [113.37900375768801, 32.59238487748942], [113.10118890369255, 32.57059550290488], [112.85408524548379, 32.52697816648015], [112.57555431139588, 32.51580742573029], [112.35947484344686, 32.56859855383015], [111.99317279794107, 32.702474509912555], [111.52762355323974, 32.94428010147499], [111.50918476224452, 33.19114004699009], [111.38229307268752, 33.297558721718495], [111.28752232022188, 33.42859323700988], [111.27816532130753, 33.441498633727655], [111.28641888835969, 33.69085458025172], [111.17724719761785, 33.76315725392863], [111.11400713470724, 33.91085490893419], [110.94104024065794, 33.929292753113494], [110.87939778026104, 34.15980964041384], [110.74195222029648, 34.51276977190455], [110.65073939342426, 34.72110954827881], [111.05444543721899, 34.82489340732487], [111.4586510790282, 34.91186720183213], [111.7629311829663, 35.00003170076348], [111.98099696757546, 35.091412087920766], [112.06646915944977, 35.20595731841034], [112.35977651175189, 35.1731030231447], [112.407653531435, 35.24851668621433], [112.3890761976498, 35.389210572304215], [112.60849734104511, 35.37290905342737], [112.97128393448907, 35.368292574422156], [113.26546804621019, 35.45195778289567], [113.48565382671816, 35.55280883207141], [113.77722085413684, 35.670701730303215], [113.98838579045692, 35.73435436880862], [114.11184383010838, 35.803027328372096], [114.04438978665054, 36.011863332043596], [114.14444493396562, 36.161960012975285], [114.17721677061654, 36.390208132556474], [114.1624034562287, 36.51983987054365], [114.00267785544433, 36.626640604837654], [113.97909221876495, 36.82687307325143], [114.08390064900844, 36.9418145847171], [114.2505597500346, 37.03752101992716], [114.35079656932136, 37.06870437620504], [114.7809731100318, 36.93303576560394], [114.98336017399697, 36.83992459918857], [114.85283290042898, 36.676398742846544], [114.85817180439815, 36.48650250524189], [114.6566916601247, 36.57949519147859], [114.50521812172184, 36.616273666295875], [114.4172764729281, 36.47916122905075], [114.60919251825592, 36.33835559171344], [114.83174823867554, 36.31821172721084], [115.08239545315685, 36.45412016912984], [115.2381238735049, 36.369258872840675], [115.33677284586535, 36.11397929781893], [115.40105169015388, 35.903987502197765], [115.38132341532372, 35.65294526131454], [115.33473290099474, 35.53103310198354], [115.10343234109101, 35.516019396667105], [114.90952392628614, 35.419858735426956], [114.95606937435406, 35.24464056200486], [115.11314060535234, 35.18983974772403], [115.27096662996082, 35.13447569841104], [115.51902944292458, 35.11815210962529]]]}}, {"type": "Feature", "properties": {"Province": "Shandong", "Pays": "China", "birth_province_name": "Shandong", "province_zh": "山東"}, "geometry": {"type": "Polygon", "coordinates": [[[119.17563324093094, 35.14569340522175], [118.88051836896548, 35.12469074280213], [118.84010180271585, 35.06371572857062], [118.80339046136736, 34.931347152801365], [118.79622711740046, 34.78807791594057], [118.65515451482733, 34.723526303561336], [118.59373073392563, 34.79282035386044], [118.48034624074809, 34.752904272641594], [118.43643569629081, 34.50101451540883], [118.2654334929013, 34.47066237651907], [118.18612022004999, 34.59862393854223], [118.16274603544066, 34.75259135169331], [118.04540396650607, 34.78360481547554], [117.88770564473492, 34.76515437868367], [117.72403066646594, 34.61520832655218], [117.48471724771717, 34.74751838527329], [117.37287174031108, 34.6947473717571], [117.28953090277598, 34.85758441905178], [117.17443352338705, 35.054546377463296], [116.813791916567, 35.036627729835956], [116.50107220234764, 34.78215547475417], [116.39376556892357, 34.74604896883508], [116.24838268451664, 34.6969373687482], [115.74358448740522, 34.7034731217469], [115.75665434481662, 34.88270258164434], [115.60347277936398, 34.98048690456392], [115.51902944292458, 35.11815210962529], [115.54772607773866, 35.11622975823008], [115.67140381300597, 35.34984236079033], [115.64761128787555, 35.610110075299886], [115.7473766917274, 35.79465234689608], [115.73435865763582, 35.93663340445802], [116.05125153494487, 36.32440699921172], [115.8458635479107, 36.478816886081844], [115.64868264211952, 36.692827435906885], [115.6565099059381, 36.91937855111026], [115.70522721537657, 37.02948550259938], [115.89779581880617, 36.87462874358381], [116.0699344129291, 37.09906702294717], [116.15772090950334, 36.949464242855846], [116.38662566363101, 37.04581755365447], [116.54114167936018, 37.14960374734986], [116.75737070442031, 37.23267376804561], [116.83468134829646, 37.37961670128586], [116.85174105976606, 37.535293501247835], [116.96124693514986, 37.66003770869573], [117.0779413950042, 37.51117374966517], [117.39748903796375, 37.59673178276927], [117.45906592481063, 37.61310003235949], [117.57410720844963, 37.678014339862145], [117.59011534918707, 37.869319841483374], [117.7082200754277, 37.89852518576283], [117.8896967860737, 37.882742544658186], [117.87700292891967, 37.63204018466486], [118.05149241614549, 37.710983171306005], [118.1783599261688, 37.83538466191682], [118.06635874767906, 37.93794890230334], [117.99666368547824, 38.077946227126205], [117.98934233395748, 38.18484334368403], [118.19131953367517, 38.24105956816996], [118.24134883789033, 38.254918627244955], [118.40039670275027, 38.29140916121126], [118.4394545576041, 38.16265515471254], [118.49399699976294, 37.864523004546456], [118.8033159169044, 38.13335271929996], [119.17219918872145, 38.0029718649323], [119.27754413940283, 37.7060405247773], [119.16131981381042, 37.5163994087963], [119.00914475537024, 37.339744632715735], [119.32565959098326, 37.092578794835646], [119.69888385687457, 37.1321768099104], [119.8684727400861, 37.35134427460436], [120.18588657261408, 37.48807222748315], [120.33918246376453, 37.72050682755891], [120.92917068841639, 37.87541506101195], [121.29690169459853, 37.580862837675426], [121.78453474835261, 37.44380903735337], [122.14455757484963, 37.346800089567935], [122.43196303865307, 37.26267226785272], [122.16657381923537, 36.974906786281586], [121.77494077309727, 36.928582530790514], [121.61688002972022, 36.798060645023384], [121.2268714189112, 36.73564853570264], [120.891202430062, 36.658630428194826], [120.5403344338278, 36.523130049993846], [120.44156396387906, 36.29212923770462], [120.10605351906464, 36.284474304937994], [119.78949622573722, 36.247776341847285], [119.99232658876956, 36.024149714485894], [119.66949083230399, 35.743805739413496], [119.45305141423896, 35.48012426859398], [119.1703811462657, 35.17109420432584], [119.17563324093094, 35.14569340522175]]]}}, {"type": "Feature", "properties": {"Province": "Jiangsu", "Pays": "China", "birth_province_name": "Jiangsu", "province_zh": "江蘇"}, "geometry": {"type": "Polygon", "coordinates": [[[121.27788885870768, 30.752701152874444], [121.0355712227847, 30.97942014315142], [120.90730590546897, 31.14446923361361], [120.76945986343794, 31.106357186464656], [120.67532943640566, 30.985370132765475], [120.55195896968567, 30.935362145720894], [120.56062830606693, 31.138367171717913], [120.3952401563918, 31.099334057958536], [120.0900601601315, 31.10473109794201], [120.04442463817308, 31.23491373029722], [119.86014152822642, 31.349823558186788], [119.71907361675913, 31.374601746616143], [119.62238176756541, 31.391486512436973], [119.45257311869308, 31.47037565931491], [119.28202222395453, 31.560927447558957], [119.21536064222835, 31.487423714536902], [118.96830248271957, 31.408333898828275], [118.80817437995799, 31.57008996302351], [118.9436077834466, 31.657923502464946], [118.88160962407926, 31.798995987090464], [118.68371981815324, 31.8520310043725], [118.49784255055182, 31.94092703219152], [118.33350144432511, 32.14950050682041], [118.53569750472201, 32.3117572112354], [118.75434057563382, 32.43851981147424], [118.74929744845336, 32.54563151672351], [118.67331948312676, 32.66223169723464], [118.72504645893856, 32.75936676385083], [118.98448965289911, 32.63682773539249], [119.18452596955449, 32.571539025478856], [119.23076965663954, 32.8113963397964], [119.19799193635627, 32.91770752476505], [119.0787426438698, 33.05707985128673], [118.9460456450799, 33.17203994462001], [118.79940140846644, 33.27445012098297], [118.82033674637304, 33.430116048843914], [118.828818217007, 33.549600618831015], [118.7121809221477, 33.60520455380797], [118.53232815599196, 33.777596349973415], [118.38606244585144, 33.84370454011146], [118.11397239571025, 33.85702853953965], [117.85968955720709, 33.810921370333396], [117.8090541102612, 33.93983725758032], [117.78460473495865, 34.10557898936938], [117.57782990315738, 34.203801119270125], [117.47699672498446, 34.21119959437176], [117.20955937832323, 34.1392847128931], [117.06004661328862, 34.0249527199786], [116.88392414929247, 34.08772266991105], [116.73434257466289, 34.17539313819723], [116.74157058559781, 34.2710007386257], [116.81593430696934, 34.429559737302256], [116.6871271232763, 34.422952622224344], [116.55470653214732, 34.463630411242185], [116.42901033782788, 34.599735818414615], [116.39376556892357, 34.74604896883508], [116.50107220234764, 34.78215547475417], [116.813791916567, 35.036627729835956], [117.17443352338705, 35.054546377463296], [117.28953090277598, 34.85758441905178], [117.37287174031108, 34.6947473717571], [117.48471724771717, 34.74751838527329], [117.72403066646594, 34.61520832655218], [117.88770564473492, 34.76515437868367], [118.04540396650607, 34.78360481547554], [118.16274603544066, 34.75259135169331], [118.18612022004999, 34.59862393854223], [118.2654334929013, 34.47066237651907], [118.43643569629081, 34.50101451540883], [118.48034624074809, 34.752904272641594], [118.59373073392563, 34.79282035386044], [118.65515451482733, 34.723526303561336], [118.79622711740046, 34.78807791594057], [118.80339046136736, 34.931347152801365], [118.84010180271585, 35.06371572857062], [118.88051836896548, 35.12469074280213], [119.17563324093094, 35.14569340522175], [119.23766090486862, 34.84420023723278], [120.24092479461191, 34.373770924052444], [120.48507965670922, 33.9019655334878], [120.70717145266087, 33.29557067001964], [120.85691442273149, 32.744702761148226], [121.40398493217491, 32.46649755908026], [121.38588225788168, 32.218071866191956], [121.76994469890828, 32.05054845035991], [121.97488162212157, 31.765944678273993], [121.54820035073995, 31.895453899671555], [121.27827953455507, 31.968453856395758], [120.84754738967435, 32.190959891302214], [120.51099785648931, 32.18478127985363], [120.80904730919139, 31.92303989010285], [121.33027990928345, 31.56819009056239], [121.71326991399579, 31.286184602134927], [121.87185254125265, 31.039414534130085], [121.65251048465332, 30.865438833541116], [121.27788885870768, 30.752701152874444]]]}}, {"type": "Feature", "properties": {"Province": "Anhui", "Pays": "China", "birth_province_name": "Anhui", "province_zh": "安徽"}, "geometry": {"type": "Polygon", "coordinates": [[[119.71907361675913, 31.374601746616143], [119.70721921266043, 31.284163641509092], [119.69356183427264, 31.19793586609272], [119.63308984237142, 31.02461538623668], [119.56299015233728, 30.893955253819403], [119.49046743613103, 30.83475866224955], [119.35099597438587, 30.795122760655445], [119.44733473170868, 30.65468470529265], [119.38623552550283, 30.517039014646027], [119.22937790114456, 30.51258904825816], [119.07822132239149, 30.572512702392306], [118.9720540494311, 30.54064963655557], [118.95114513653613, 30.446997902107228], [118.95821385940363, 30.27551809924412], [118.99751776406697, 30.119330715197993], [118.89451455162744, 30.023143933316813], [118.85851027532885, 29.90039732542549], [118.74796635419975, 29.79672592308223], [118.58794063382147, 29.705639252413498], [118.46026808201046, 29.629794540850394], [118.34978466499315, 29.540140104236528], [118.17526341185273, 29.426644328772156], [118.09239002766016, 29.375265281745083], [118.04047902890416, 29.343032717701163], [117.88080168685298, 29.272645651632896], [117.71213494010743, 29.223172138864786], [117.52094002876527, 29.294072330557366], [117.51442912842454, 29.415301029147795], [117.62091580822728, 29.562606021750426], [117.74217096550825, 29.746180413216855], [117.7135156176836, 29.823663700055125], [117.66919629558707, 29.886207546165473], [117.47069460987329, 30.063825211772805], [117.39745838083017, 30.196491072953506], [117.26782708880734, 30.162289466312156], [117.24165791769005, 30.046817682327294], [117.2188314960536, 29.874333156686045], [117.07377138193998, 29.832157091386], [116.98042674864044, 29.749343421909153], [116.79909872628394, 29.769507601198995], [116.78519046099478, 29.861699774554896], [116.87069537802738, 29.93714018777012], [117.03347393507431, 30.094657156529372], [117.03694086212177, 30.17339733532829], [116.99116866541263, 30.24988038084579], [116.8896197454837, 30.295165864102525], [116.7423673328845, 30.2810396789684], [116.67677265300699, 30.149328905261054], [116.53446530589478, 30.0638227128146], [116.37560014553297, 29.984487563568266], [116.2799213650881, 30.065281218197054], [116.27683445114099, 30.076762456533512], [116.22487304798142, 30.269452531697617], [116.21452873187874, 30.418817963710215], [116.12041209186835, 30.585173268659734], [116.12776005559407, 30.714043452812046], [116.01459864640212, 30.79361908426803], [115.9068631430771, 30.909056548580537], [116.06449174825262, 31.131773399371582], [116.2397631819573, 31.23394027089915], [116.16064397376121, 31.293981547352484], [115.93019690077791, 31.374221675553244], [115.78284597289618, 31.451601773786432], [115.58247094894371, 31.553965348696327], [115.67084670960321, 31.66611685776841], [115.73904466084142, 31.860321796922708], [115.82877889395665, 31.960592744930455], [116.16229042554221, 31.97908826910917], [116.15846568539482, 32.216837868717725], [116.17296448124432, 32.396097843571404], [116.19063125550699, 32.71831876927852], [116.04771642533582, 32.746130393359536], [115.86383526298653, 32.581106682945496], [115.74909162586461, 32.61018544120844], [115.7404369236889, 32.71672746462504], [115.68248487030941, 32.737127308829976], [115.55349800100147, 32.76516499162002], [115.38345624359744, 32.778665292149896], [115.38807147915024, 33.05242369987938], [115.25648403243788, 33.10372109408861], [115.08581379767897, 33.11670875236582], [115.0296892482884, 33.26763504799229], [115.13477081200755, 33.35758680887345], [115.34450381224796, 33.22809333689183], [115.46606371566715, 33.295016856385836], [115.58479600385857, 33.39734322811325], [115.6180491566753, 33.50637855003409], [115.60486562559655, 33.66020386360481], [115.75655605136318, 33.71681643299041], [115.90988334716522, 33.92800759926792], [115.81884060310504, 34.16062921849261], [116.02662017138691, 34.24406232839327], [116.1778825649132, 34.145516759088814], [116.26702288840914, 33.9243530173341], [116.36061705105097, 33.82234757504829], [116.57896062976907, 33.952991689393414], [116.88392414929247, 34.08772266991105], [117.06004661328862, 34.0249527199786], [117.20955937832323, 34.1392847128931], [117.47699672498446, 34.21119959437176], [117.57782990315738, 34.203801119270125], [117.78460473495865, 34.10557898936938], [117.8090541102612, 33.93983725758032], [117.85968955720709, 33.810921370333396], [118.11397239571025, 33.85702853953965], [118.38606244585144, 33.84370454011146], [118.53232815599196, 33.777596349973415], [118.7121809221477, 33.60520455380797], [118.828818217007, 33.549600618831015], [118.82033674637304, 33.430116048843914], [118.79940140846644, 33.27445012098297], [118.9460456450799, 33.17203994462001], [119.0787426438698, 33.05707985128673], [119.19799193635627, 32.91770752476505], [119.23076965663954, 32.8113963397964], [119.18452596955449, 32.571539025478856], [118.98448965289911, 32.63682773539249], [118.72504645893856, 32.75936676385083], [118.67331948312676, 32.66223169723464], [118.74929744845336, 32.54563151672351], [118.75434057563382, 32.43851981147424], [118.53569750472201, 32.3117572112354], [118.33350144432511, 32.14950050682041], [118.49784255055182, 31.94092703219152], [118.68371981815324, 31.8520310043725], [118.88160962407926, 31.798995987090464], [118.9436077834466, 31.657923502464946], [118.80817437995799, 31.57008996302351], [118.96830248271957, 31.408333898828275], [119.21536064222835, 31.487423714536902], [119.28202222395453, 31.560927447558957], [119.45257311869308, 31.47037565931491], [119.62238176756541, 31.391486512436973], [119.71907361675913, 31.374601746616143]]]}}, {"type": "Feature", "properties": {"Province": "Hubei", "Pays": "China", "birth_province_name": "Hubei", "province_zh": "湖北"}, "geometry": {"type": "Polygon", "coordinates": [[[116.27683445114099, 30.076762456533512], [116.18827244006705, 30.004391258273444], [116.0595322697894, 29.969086557260667], [115.90440818506654, 29.998838519107377], [115.69199523643081, 30.063255610803175], [115.62665768926418, 30.059587751870254], [115.60529250484636, 29.906202072981756], [115.41254721804286, 29.85715729044403], [115.30029633066907, 29.898158770446532], [115.2005669551694, 29.778185636521645], [115.04015580944093, 29.740053519312628], [114.92001416570542, 29.609185530169743], [114.62264971002699, 29.524126215655947], [114.455825370079, 29.570414280325885], [114.27873178543601, 29.48285705337457], [114.14008750936804, 29.331232799285676], [114.03813166698895, 29.324370825895638], [113.90323819535206, 29.315170912986083], [113.81853784937303, 29.413695723765027], [113.83066946322543, 29.5189148721209], [113.95983712049997, 29.651217406828735], [113.91974909131264, 29.733869100156408], [113.90685315826876, 29.875334494073353], [113.6554155883342, 29.88608232682482], [113.66372567253309, 30.028990747093214], [113.53378491836327, 29.90579120144379], [113.38257317487228, 29.780948456299466], [113.23450186214178, 29.62777653614041], [113.09780903854353, 29.693374028328417], [113.0527714012105, 29.92693368898771], [112.90736466434544, 29.85890802619183], [112.74161400872754, 29.77967837752721], [112.66523622679618, 29.783139142972853], [112.40309263464323, 29.695877663898322], [112.28550224069888, 29.780977418992908], [112.04486407011257, 30.09226091733947], [111.83038086762267, 30.064517230054513], [111.56016132406535, 30.050436603850134], [111.34654145683686, 30.20158734146897], [111.18281656058099, 30.205628280526817], [111.08873923349891, 30.26313930347698], [110.84621420426775, 30.287754494590157], [110.68846131686242, 30.244455055563797], [110.58578645450729, 30.1968480579548], [110.64998071094026, 30.033056464632487], [110.7592982666327, 29.93956315602814], [110.64360093363572, 29.82475549640091], [110.43564315280061, 29.757647741594315], [110.31330024165352, 29.86842069824819], [110.16806321399363, 29.986192562917932], [109.99328923629002, 29.997036970902847], [109.90950451345807, 29.89431213425872], [109.78820875027351, 29.75006330160073], [109.58586908916732, 29.729331319265302], [109.5065247659508, 29.5986821880282], [109.47355284151475, 29.444600973629704], [109.32920351455732, 29.319733585563387], [109.19464861995222, 29.527644379351777], [108.99611703558415, 29.60053029641718], [108.97809380328762, 29.727940788304217], [108.88855911329584, 29.788777168178612], [108.82872599982129, 29.923331279252203], [108.71884888424518, 30.028782069802897], [108.63291675071025, 29.878186048068493], [108.45920932524045, 29.776513579957655], [108.35391236466687, 29.940813172261777], [108.44279652135295, 30.068372933432602], [108.57396733438206, 30.094906649738025], [108.62976466431779, 30.265731735111913], [108.60384329367673, 30.439170787947592], [108.4652053754791, 30.458731093165778], [108.45215098181838, 30.633564809650974], [108.68583919274363, 30.70712225960512], [108.7929510688563, 30.719138746368273], [108.96058902933265, 30.6906875647188], [109.04418829528242, 30.77050751630945], [109.13642103805073, 30.79237485846159], [109.27237556760693, 30.70114755104289], [109.38985884521715, 30.737314613647143], [109.4787115858423, 30.687879723974984], [109.59633485308369, 30.723869835563303], [109.6337496482685, 30.845647319346998], [109.79743424007644, 30.945275201179843], [109.92100122290763, 31.040613940060407], [110.05607228940943, 31.054476284236976], [110.13556622374163, 31.074364597944438], [110.16496247982539, 30.959363266777103], [110.34098223349449, 31.177660615303637], [110.38442472713116, 31.465315276255804], [110.24678922864143, 31.66392380357593], [109.7728970037591, 31.98842961041168], [109.81574545260226, 32.033129752084136], [109.81155969816412, 32.20377869651628], [109.74225131079059, 32.343890023042896], [109.63170093504, 32.4322916596817], [109.64831410375383, 32.599280244513075], [109.7724640191501, 32.70118115030689], [109.99756757637736, 32.73695494267943], [110.16526358456221, 32.73682404506942], [110.3098589112969, 32.75179764043329], [110.35408450326709, 32.83314170683915], [110.31400873891732, 32.964893326571904], [110.18640956421606, 33.02253046990234], [110.02934742423778, 33.04145842469713], [109.96287491942904, 33.06393275597899], [109.96270793169926, 33.15839868660381], [109.93320023899193, 33.21430376326793], [109.79211101557648, 33.26408645838812], [109.71313368025471, 33.320458509793106], [109.8303219778864, 33.42764836059393], [110.05573640687992, 33.38091696151838], [110.1926580282921, 33.31265244566295], [110.35208151946243, 33.32926166461012], [110.47592771068582, 33.30064438974814], [110.59996575591741, 33.31919754780765], [110.70354835485558, 33.3828718622556], [110.85691673098776, 33.34498169521489], [110.95823268019633, 33.224876144641414], [111.1051117279995, 33.33387170748494], [111.16049290569089, 33.39248980640269], [111.28752232022188, 33.42859323700988], [111.38229307268752, 33.297558721718495], [111.50918476224452, 33.19114004699009], [111.52762355323974, 32.94428010147499], [111.99317279794107, 32.702474509912555], [112.35947484344686, 32.56859855383015], [112.57555431139588, 32.51580742573029], [112.85408524548379, 32.52697816648015], [113.10118890369255, 32.57059550290488], [113.37900375768801, 32.59238487748942], [113.45479656122498, 32.53889736398228], [113.61137303091614, 32.51519472322909], [113.79329041081762, 32.516892194303736], [113.95422043939355, 32.58802720846452], [114.0158327493651, 32.53312224103925], [113.98121092937083, 32.45939236107062], [113.98502326893075, 32.281594253873486], [113.99791505898163, 32.15193724538411], [114.20563729785711, 32.02417763115241], [114.37069951210115, 32.04748198885282], [114.58293288889102, 32.014344062001214], [114.77804876433294, 32.01535265184572], [114.76200609063116, 31.88361371138666], [114.68429513621739, 31.81911995658404], [114.9456133834889, 31.717473480367826], [114.9723461207242, 31.707028414458435], [115.15411563203845, 31.69464543987798], [115.20245977678418, 31.780832667610127], [115.33600578988552, 31.84842999281435], [115.43787439397694, 31.79511700476239], [115.39800972954292, 31.6025112426308], [115.58247094894371, 31.553965348696327], [115.78284597289618, 31.451601773786432], [115.93019690077791, 31.374221675553244], [116.16064397376121, 31.293981547352484], [116.2397631819573, 31.23394027089915], [116.06449174825262, 31.131773399371582], [115.9068631430771, 30.909056548580537], [116.01459864640212, 30.79361908426803], [116.12776005559407, 30.714043452812046], [116.12041209186835, 30.585173268659734], [116.21452873187874, 30.418817963710215], [116.22487304798142, 30.269452531697617], [116.27683445114099, 30.076762456533512]]]}}, {"type": "Feature", "properties": {"Province": "Zhejiang", "Pays": "China", "birth_province_name": "Zhejiang", "province_zh": "浙江"}, "geometry": {"type": "Polygon", "coordinates": [[[121.27788885870768, 30.752701152874444], [121.25619951535097, 30.746133222594583], [121.05843134748365, 30.686039516892418], [120.97406134856219, 30.493804485180917], [120.81849434743854, 30.54857490501123], [120.44366171008376, 30.54175385804686], [120.13787383862822, 30.43994421646779], [120.62374919388844, 30.392423943051536], [120.78216334798338, 30.204269141660152], [121.17601135769075, 30.30582525364331], [121.41652591863384, 30.40444518694021], [121.6841965511444, 30.159132289925882], [122.03768492640921, 29.97119502096102], [122.23526969031509, 29.953388979098037], [121.93065192323033, 29.722058043568914], [121.64774059336825, 29.604868186319376], [122.06424085227722, 29.474744034431556], [122.15330002713415, 29.265209087080347], [121.84917836502513, 29.186527167936735], [121.61053130708345, 29.126958177748797], [121.78701289331755, 28.918542244090872], [121.76911801907237, 28.59362354224618], [121.72971738965605, 28.268491740085405], [121.47245116602193, 28.151236790574263], [121.21100216060107, 28.319989605636703], [121.14922838130713, 28.147251040828504], [120.97973221534352, 27.99204836021661], [120.70131074955164, 27.930376834905896], [120.83447205305121, 27.722430159021812], [120.6886931148279, 27.50997185467645], [120.56607404054684, 27.24048611153972], [120.48264690056209, 27.162882153028374], [120.41508070183794, 27.19157414241348], [120.353663140067, 27.305015476405075], [120.25680132315364, 27.331792698552444], [120.15055400639669, 27.305794829597996], [119.99592227676189, 27.293008005788078], [119.90607126053118, 27.2576336863054], [119.79329667005507, 27.278958644923918], [119.75932539581915, 27.34499674876429], [119.73417205195601, 27.473277568999045], [119.68953708953975, 27.534267424988457], [119.65975066656637, 27.633778313075656], [119.53154720340193, 27.62108362829148], [119.47601789556346, 27.514697375926648], [119.35428278226368, 27.47338230624788], [119.25482568824431, 27.408710487699924], [119.1688720757425, 27.420685911100975], [119.10242731360903, 27.48563463259683], [119.00675303236345, 27.468606817342398], [118.87622518086366, 27.526808601226264], [118.93561582724206, 27.657359164427643], [118.93243155738445, 27.743130757590702], [118.92262409706687, 27.862097004808003], [118.85983595609544, 27.9603930126109], [118.76269790262891, 27.971740210332392], [118.74596093563524, 28.123847908891427], [118.80951452645401, 28.149657382804865], [118.81191474848596, 28.226046359397067], [118.80185868165104, 28.344978789076293], [118.6924399303844, 28.384484406748122], [118.59998168792602, 28.384795133500752], [118.55760757422603, 28.38491647310934], [118.51569129067032, 28.483681714043797], [118.52540768876999, 28.63659801100522], [118.52073867483162, 28.746120289275897], [118.50090616981888, 28.955271926090028], [118.31213236005414, 29.05370441667068], [118.16823980450664, 29.229744726081982], [118.09239002766016, 29.375265281745083], [118.17526341185273, 29.426644328772156], [118.34978466499315, 29.540140104236528], [118.46026808201046, 29.629794540850394], [118.58794063382147, 29.705639252413498], [118.74796635419975, 29.79672592308223], [118.85851027532885, 29.90039732542549], [118.89451455162744, 30.023143933316813], [118.99751776406697, 30.119330715197993], [118.95821385940363, 30.27551809924412], [118.95114513653613, 30.446997902107228], [118.9720540494311, 30.54064963655557], [119.07822132239149, 30.572512702392306], [119.22937790114456, 30.51258904825816], [119.38623552550283, 30.517039014646027], [119.44733473170868, 30.65468470529265], [119.35099597438587, 30.795122760655445], [119.49046743613103, 30.83475866224955], [119.56299015233728, 30.893955253819403], [119.63308984237142, 31.02461538623668], [119.69356183427264, 31.19793586609272], [119.70721921266043, 31.284163641509092], [119.71907361675913, 31.374601746616143], [119.86014152822642, 31.349823558186788], [120.04442463817308, 31.23491373029722], [120.0900601601315, 31.10473109794201], [120.3952401563918, 31.099334057958536], [120.56062830606693, 31.138367171717913], [120.55195896968567, 30.935362145720894], [120.67532943640566, 30.985370132765475], [120.76945986343794, 31.106357186464656], [120.90730590546897, 31.14446923361361], [121.0355712227847, 30.97942014315142], [121.27788885870768, 30.752701152874444]]]}}, {"type": "Feature", "properties": {"Province": "Hunan", "Pays": "China", "birth_province_name": "Hunan", "province_zh": "湖南"}, "geometry": {"type": "Polygon", "coordinates": [[[114.03813166698895, 29.324370825895638], [114.06864655758439, 29.22244076049142], [114.21274491028261, 29.056436398996816], [114.27446774592177, 28.96555576971495], [114.22263915140655, 28.87672112004909], [114.18439960453026, 28.755552928845113], [114.32161475495747, 28.660071993380793], [114.36570959734088, 28.582210501958322], [114.38024733819626, 28.52522624981575], [114.27677553338384, 28.41177630998727], [114.11426764433168, 28.23748076116259], [113.95426594064314, 28.134398760939852], [113.85763083193017, 27.95007065173394], [113.76326467066895, 27.929489944864], [113.67563535935193, 27.738618338463656], [113.65047749405386, 27.566229323520755], [113.74791497839033, 27.451901155114754], [113.90064648070627, 27.53319067850764], [113.94734129814282, 27.450889520335807], [113.94194859905419, 27.322477018283852], [113.87764696869303, 27.232897264388853], [114.01118622530409, 27.156226505094274], [114.00960368714148, 26.97825753459471], [113.94705900395981, 26.867515215936585], [113.98259039044785, 26.720412607018716], [114.18189549012807, 26.70457916815678], [114.22326486052297, 26.57906666599156], [114.11666343218037, 26.42298797517162], [114.01651610149311, 26.288634108263874], [114.25951870296855, 26.31088157055979], [114.32559023175486, 26.272221347139883], [114.24557542295516, 26.18193259112209], [114.1202402154918, 26.06747438492682], [114.07346312880807, 25.95785803319473], [113.97065575572414, 25.759396033927942], [114.06092550196527, 25.70810714947225], [114.08927730011193, 25.53913301208341], [114.013051693884, 25.47953042252257], [113.83914204655179, 25.32449270985479], [113.7102361661879, 25.3732201142757], [113.52675830237116, 25.418267873748892], [113.4315458785599, 25.532827498565656], [113.3097969151961, 25.489232156047695], [113.14498054812661, 25.400032408677603], [113.04626622078531, 25.364918263968548], [112.960684987662, 25.26676824315185], [113.00164483742587, 25.148899493227116], [113.09184596751845, 24.998830833749967], [113.06943721973157, 24.890834798317822], [112.91698014036996, 24.8521200337647], [112.83158353695046, 25.037856973831076], [112.73034389217243, 25.130144472727594], [112.56041577052792, 25.203249615881642], [112.35316274191851, 25.16703814276644], [112.21825352385775, 25.107548032704734], [112.24491027882175, 24.80475595463224], [112.16685986544285, 24.721115882347384], [112.0620386680949, 24.67571211600779], [112.05707424448276, 24.73184054835758], [111.78668344883893, 24.749371533334696], [111.71483478457617, 24.630653993167556], [111.6046503261431, 24.59392983620462], [111.53955211537757, 24.739865267107046], [111.55287258090218, 24.929595337379492], [111.5517175832141, 25.05216689029802], [111.50527287338515, 25.105139924986556], [111.35952391323391, 25.112478558555697], [111.28541980421257, 25.021688936453067], [111.16374336708267, 24.889362449226223], [111.09219523564282, 24.98726621920111], [111.10081332763119, 25.11050394478486], [111.2542916326443, 25.2360804298979], [111.44481007436784, 25.411707906087447], [111.46336927026465, 25.649080439324628], [111.46180394286209, 25.77162924469953], [111.64748590578581, 25.89972420847772], [111.46499147627387, 25.951191425397752], [111.3605178884169, 25.952151486322567], [111.33798215056544, 26.07296993998673], [111.4210060693607, 26.2873756521046], [111.26978273147235, 26.435321772446795], [111.0353957376724, 26.47220168276138], [111.00405576260634, 26.27150700255518], [110.93092552347068, 26.171010035599345], [110.87312925499029, 26.02469212338105], [110.7515128628401, 25.891786203062814], [110.60603563006005, 25.88865390644292], [110.51817407103107, 25.833914902623157], [110.38318552194829, 25.83147834766558], [110.26444647246315, 25.679785760968926], [110.15741666874247, 25.61379866803771], [110.05672133471461, 25.585953231469105], [109.897625212501, 25.524535551642803], [109.84313946336005, 25.641766033187], [109.91897337545845, 25.79914267548497], [109.87453589737164, 25.91729688544235], [109.84448035367, 25.999142705138315], [109.77919418528305, 26.1152974967555], [109.5427922787509, 26.06930702672038], [109.54251896811653, 26.06927095425267], [109.53182091258138, 26.3757563783885], [109.40748413744234, 26.434242307094692], [109.38065218303593, 26.549071624854125], [109.49306708597108, 26.70094908354789], [109.42589596212976, 26.82363317913043], [109.55708492266213, 26.930409111072652], [109.6296192839574, 27.090237859879334], [109.59095228070395, 27.192274465099555], [109.3976678621719, 27.267300316147995], [109.18281870397156, 27.198868554001578], [109.09058785992264, 27.2013048686348], [108.81454402031513, 27.10268427519222], [108.7682550590901, 27.156557943824428], [108.8942728998527, 27.29864078400126], [109.0899966053035, 27.412593191879818], [109.23564310949851, 27.509568615219656], [109.46844076411716, 27.65040586755597], [109.54083858704834, 27.810437383703878], [109.44925351189896, 27.907116351549863], [109.36721930191436, 28.133972576946594], [109.42934083847194, 28.26959988519101], [109.4178719521505, 28.56243406438474], [109.31078372155015, 28.68515634977805], [109.29162690833265, 28.914422429314698], [109.42360207758523, 29.128060152917154], [109.32920351455732, 29.319733585563387], [109.47355284151475, 29.444600973629704], [109.5065247659508, 29.5986821880282], [109.58586908916732, 29.729331319265302], [109.78820875027351, 29.75006330160073], [109.90950451345807, 29.89431213425872], [109.99328923629002, 29.997036970902847], [110.16806321399363, 29.986192562917932], [110.31330024165352, 29.86842069824819], [110.43564315280061, 29.757647741594315], [110.64360093363572, 29.82475549640091], [110.7592982666327, 29.93956315602814], [110.64998071094026, 30.033056464632487], [110.58578645450729, 30.1968480579548], [110.68846131686242, 30.244455055563797], [110.84621420426775, 30.287754494590157], [111.08873923349891, 30.26313930347698], [111.18281656058099, 30.205628280526817], [111.34654145683686, 30.20158734146897], [111.56016132406535, 30.050436603850134], [111.83038086762267, 30.064517230054513], [112.04486407011257, 30.09226091733947], [112.28550224069888, 29.780977418992908], [112.40309263464323, 29.695877663898322], [112.66523622679618, 29.783139142972853], [112.74161400872754, 29.77967837752721], [112.90736466434544, 29.85890802619183], [113.0527714012105, 29.92693368898771], [113.09780903854353, 29.693374028328417], [113.23450186214178, 29.62777653614041], [113.38257317487228, 29.780948456299466], [113.53378491836327, 29.90579120144379], [113.66372567253309, 30.028990747093214], [113.6554155883342, 29.88608232682482], [113.90685315826876, 29.875334494073353], [113.91974909131264, 29.733869100156408], [113.95983712049997, 29.651217406828735], [113.83066946322543, 29.5189148721209], [113.81853784937303, 29.413695723765027], [113.90323819535206, 29.315170912986083], [114.03813166698895, 29.324370825895638]]]}}, {"type": "Feature", "properties": {"Province": "Guangxi", "Pays": "China", "birth_province_name": "Guangxi", "province_zh": "廣西"}, "geometry": {"type": "Polygon", "coordinates": [[[112.0620386680949, 24.67571211600779], [112.03588047159583, 24.503610715487156], [112.14659640699247, 24.41725065384966], [112.13125041100143, 24.236676184247667], [112.21410332028029, 24.11039180348884], [112.30618409187647, 24.116942187660698], [112.34551722832794, 24.261461532500505], [112.50950306137956, 24.272995615555658], [112.56290654616568, 24.125454620633324], [112.48950436759422, 24.0163942487388], [112.60741530509648, 23.958350471129112], [112.61236157430035, 23.769615518471007], [112.38749278061574, 23.631325282788936], [112.27595300619494, 23.491323751068766], [112.25462822658905, 23.376497633646867], [112.18804179084071, 23.315194613470876], [112.11378830541898, 23.347758853221567], [112.06767089450535, 23.410591357937225], [112.062979947849, 23.46690426319092], [112.00896605968504, 23.500819223565006], [112.07155809653075, 23.60913395277704], [112.06366017155523, 23.70298695620042], [112.04392827945502, 23.814872422309534], [111.91483015275912, 23.645075217399757], [111.74708687927385, 23.689446849474905], [111.71857381853484, 23.545835252638774], [111.72746326331735, 23.442717241126694], [111.62588078278726, 23.4352501836981], [111.56620185133514, 23.298817142580692], [111.49727440686011, 23.152294590882487], [111.50374640860626, 23.07735506095689], [111.55014427028007, 22.892213487029696], [111.50620300195696, 22.69104999174532], [111.406320289083, 22.551822662401946], [111.32197701405197, 22.470268928516056], [111.17172925605044, 22.449747561308005], [111.03977258659538, 22.33633310291643], [110.86810796852163, 22.33279047035014], [110.81012264343627, 22.187263831548], [110.88008270359241, 22.07966306303514], [110.82478952515521, 22.019052277359226], [110.73623521776426, 21.99353876461891], [110.69268954987723, 21.91500231740486], [110.4933978762247, 21.890336281181796], [110.45168026877342, 21.793147702432282], [110.4623799381869, 21.67182452597023], [110.33178960049432, 21.67113772416254], [110.16220429779082, 21.657888843828637], [110.05423229474346, 21.630592465327247], [110.04693896513834, 21.489251955280505], [109.94252016386315, 21.424697742005357], [109.86200552118106, 21.364626632211266], [109.76252845113055, 21.539051247126853], [109.62634077489315, 21.387407513474855], [109.35967456500114, 21.351486613729705], [109.1758963984693, 21.392320041691907], [109.07186138890343, 21.537914979242313], [108.92152643220868, 21.69338222689534], [108.68433951827507, 21.812849225873766], [108.5072848724712, 21.783058309500273], [108.27681040571514, 21.6922351899372], [108.13717481996548, 21.595534205212008], [107.99631616843031, 21.512671439950747], [107.83064249369694, 21.66508785585687], [107.60717507539798, 21.65798703891181], [107.27133434113377, 21.723396966038635], [107.08635846443238, 21.774989563338643], [106.97410631474638, 21.972961308793252], [106.69702286383847, 22.042430822678824], [106.70540253916829, 22.224382079278687], [106.75475859670587, 22.438486359124152], [106.69522921182781, 22.68315159890154], [106.85345753862761, 22.741475637366143], [106.99043302681082, 22.853308987280343], [106.94235024817307, 23.00180419176473], [106.72902013197061, 23.021263149171954], [106.5192576584715, 23.01288202001373], [106.26172508662158, 23.02684300151565], [105.93036858155484, 23.032101438509844], [105.55899460231545, 23.115307587582517], [105.4574302509895, 23.200852735548022], [105.43051296930835, 23.22663224638009], [105.50620362172981, 23.43994225880087], [105.62976604723369, 23.54683027064925], [105.85101250915291, 23.58375941955252], [106.22302613324172, 23.62564916917742], [106.20069954009405, 23.890105879397243], [106.06734410528237, 24.1303348895108], [105.91632949356413, 24.21740043660627], [105.71882377721982, 24.18283106363162], [105.52761386659733, 24.195095560770216], [105.41907409371444, 24.159046101879913], [105.1537550734996, 24.16192950199752], [105.09851148602824, 24.28247606480685], [104.96768477876523, 24.48619683300917], [104.80303858491146, 24.48888075053983], [104.67398031760968, 24.5073827180427], [104.5812596596631, 24.368656225441086], [104.44179750602783, 24.374110621115925], [104.3946791331667, 24.51815123705088], [104.37384871093316, 24.653991851419573], [104.38693344760856, 24.718994758971068], [104.61281163294467, 24.66140692918581], [104.73347704705724, 24.69977618564423], [104.85519315754969, 24.900119545486223], [105.0175735422, 25.001494623290302], [105.13321784903181, 24.992752404941175], [105.29308619290838, 24.94300101028213], [105.48783700598253, 24.8276779381651], [105.77733458902368, 24.75798211718931], [105.9947046698989, 24.748765362305473], [106.16972256785648, 24.86207568912385], [106.0768814927563, 24.979041599070975], [106.09674612698595, 25.109166875185494], [106.19880467169358, 25.109495460775097], [106.47057470033336, 25.175856685039726], [106.60900654762642, 25.284817048007984], [106.79660562105391, 25.31777791282334], [107.04118769000901, 25.31023551859771], [107.02102013421529, 25.459523529745336], [106.99430581988736, 25.56144513229581], [107.15604098929184, 25.696156109716686], [107.44248143096678, 25.576051954846676], [107.50327366086614, 25.407552100898585], [107.60618840124856, 25.406961233873915], [107.87078321295091, 25.24814766109079], [108.08356755329855, 25.293698512872076], [108.21344389497622, 25.2836895136966], [108.1846155536976, 25.514660947909213], [108.2410207166724, 25.578981989399182], [108.38816520996268, 25.640910834114234], [108.58094965780664, 25.54338726822253], [108.65736012271587, 25.445638502864085], [108.69585161361279, 25.660336390510686], [108.74131135868876, 25.711748273572077], [108.96389091696817, 25.581400547082065], [109.15238323230085, 25.51763173471676], [109.21417769496065, 25.652616781351924], [109.12506288331932, 25.74957035593105], [109.05552323653481, 25.789704093350352], [109.16116924862258, 25.882120315805583], [109.39414179368575, 25.77547296022137], [109.51913232519995, 25.92824135382029], [109.54284679895211, 26.059673790158556], [109.54251896811653, 26.06927095425267], [109.5427922787509, 26.06930702672038], [109.77919418528305, 26.1152974967555], [109.84448035367, 25.999142705138315], [109.87453589737164, 25.91729688544235], [109.91897337545845, 25.79914267548497], [109.84313946336005, 25.641766033187], [109.897625212501, 25.524535551642803], [110.05672133471461, 25.585953231469105], [110.15741666874247, 25.61379866803771], [110.26444647246315, 25.679785760968926], [110.38318552194829, 25.83147834766558], [110.51817407103107, 25.833914902623157], [110.60603563006005, 25.88865390644292], [110.7515128628401, 25.891786203062814], [110.87312925499029, 26.02469212338105], [110.93092552347068, 26.171010035599345], [111.00405576260634, 26.27150700255518], [111.0353957376724, 26.47220168276138], [111.26978273147235, 26.435321772446795], [111.4210060693607, 26.2873756521046], [111.33798215056544, 26.07296993998673], [111.3605178884169, 25.952151486322567], [111.46499147627387, 25.951191425397752], [111.64748590578581, 25.89972420847772], [111.46180394286209, 25.77162924469953], [111.46336927026465, 25.649080439324628], [111.44481007436784, 25.411707906087447], [111.2542916326443, 25.2360804298979], [111.10081332763119, 25.11050394478486], [111.09219523564282, 24.98726621920111], [111.16374336708267, 24.889362449226223], [111.28541980421257, 25.021688936453067], [111.35952391323391, 25.112478558555697], [111.50527287338515, 25.105139924986556], [111.5517175832141, 25.05216689029802], [111.55287258090218, 24.929595337379492], [111.53955211537757, 24.739865267107046], [111.6046503261431, 24.59392983620462], [111.71483478457617, 24.630653993167556], [111.78668344883893, 24.749371533334696], [112.05707424448276, 24.73184054835758], [112.0620386680949, 24.67571211600779]]]}}, {"type": "Feature", "properties": {"Province": "Fujian", "Pays": "China", "birth_province_name": "Fujian", "province_zh": "福建"}, "geometry": {"type": "Polygon", "coordinates": [[[115.9428792571018, 24.99909888996358], [115.8877279200027, 25.169653683034404], [115.93376368230678, 25.321671268047137], [115.99471582888548, 25.488679622564003], [116.14344369362551, 25.77403056072846], [116.23709145227052, 25.928301519899808], [116.37197926892445, 26.055906200022292], [116.5308382654953, 26.184509995724607], [116.47629852582034, 26.31053614728735], [116.45486276622472, 26.409496680679812], [116.59167080187777, 26.515676225613426], [116.60668359833008, 26.673433391083343], [116.59263538840844, 26.922696666192497], [116.65018031684352, 27.032415151056536], [116.73449628219981, 27.093338308849116], [116.92926452764519, 27.18048993194151], [117.10955698695061, 27.24535997441206], [117.21603558810803, 27.34984327662378], [117.2036987867854, 27.585109209608493], [117.09509343360551, 27.666246015624257], [117.05648168947721, 27.786033506716333], [117.23932230694012, 27.822384523914092], [117.4935109245703, 28.040049235878296], [117.62876208698921, 28.074011779710755], [117.68440042862127, 27.926073950309178], [117.86047107757953, 27.947074149677793], [117.96734127797387, 28.07258124129603], [118.19270680889565, 28.080679823797638], [118.27007697704138, 28.154891191934965], [118.35716458182642, 28.193637674017985], [118.4086896327724, 28.309817927900134], [118.53782587567495, 28.3141092092734], [118.59998168796606, 28.384795133574713], [118.6924399303844, 28.384484406748122], [118.80185868165104, 28.344978789076293], [118.81191474848596, 28.226046359397067], [118.80951452645401, 28.149657382804865], [118.74596093563524, 28.123847908891427], [118.76269790262891, 27.971740210332392], [118.85983595609544, 27.9603930126109], [118.92262409706687, 27.862097004808003], [118.93243155738445, 27.743130757590702], [118.93561582724206, 27.657359164427643], [118.87622518086366, 27.526808601226264], [119.00675303236345, 27.468606817342398], [119.10242731360903, 27.48563463259683], [119.1688720757425, 27.420685911100975], [119.25482568824431, 27.408710487699924], [119.35428278226368, 27.47338230624788], [119.47601789556346, 27.514697375926648], [119.53154720340193, 27.62108362829148], [119.65975066656637, 27.633778313075656], [119.68953708953975, 27.534267424988457], [119.73417205195601, 27.473277568999045], [119.75932539581915, 27.34499674876429], [119.79329667005507, 27.278958644923918], [119.90607126053118, 27.2576336863054], [119.99592227676189, 27.293008005788078], [120.15055400639669, 27.305794829597996], [120.25680132315364, 27.331792698552444], [120.353663140067, 27.305015476405075], [120.41508070183794, 27.19157414241348], [120.48264690056209, 27.162882153028374], [120.37786415791265, 27.065200901041162], [120.21246292198333, 26.85194798520153], [119.9601808889087, 26.732175637621513], [119.57655265074533, 26.76160935071855], [119.60627439593094, 26.475953887543433], [119.71875477880361, 26.249467673292397], [119.49539916508132, 26.10768749315439], [119.5000778993144, 25.95029965097246], [119.7379030128999, 25.941538070257387], [119.58579841611034, 25.723238448528736], [119.35322660500634, 25.574423872359933], [119.15184729309551, 25.454736415150588], [119.2027015583943, 25.341533645036687], [119.26961308151986, 25.214393510951616], [119.04948477273265, 25.208667134175386], [118.87753950272432, 25.17534038400473], [118.88472493324772, 24.960846997577775], [118.68432421999155, 24.854990210908987], [118.54843262174982, 24.707904454287178], [118.37844632603162, 24.64552689090677], [118.11046279043076, 24.694244199352777], [117.90897600130768, 24.644628214361045], [117.85058149993789, 24.542536723843355], [118.07475317015309, 24.40701639517051], [117.84717988569534, 24.242127738292382], [117.72789881369374, 24.109349918530988], [117.48336529038465, 24.000634401530466], [117.3330378621134, 23.880801942008997], [117.08936775253159, 23.771594543988282], [117.07019377219102, 23.886156061403938], [116.9952056635336, 24.161811738629986], [116.96345656753749, 24.339120912728113], [116.85796112933221, 24.58483321308718], [116.76548208407041, 24.716697156021667], [116.69166459324907, 24.785002165759764], [116.5467275903075, 24.714548058088294], [116.43633685057401, 24.881050845489113], [116.29978269089163, 24.946325198897252], [116.09241764013647, 25.015295021751893], [115.9428792571018, 24.99909888996358]]]}}, {"type": "Feature", "properties": {"Province": "Suiyuan", "Pays": "China", "birth_province_name": "Suiyuan", "province_zh": "綏遠"}, "geometry": {"type": "Polygon", "coordinates": [[[112.28950922324469, 40.2793586116404], [112.27593313781539, 40.23906532588424], [112.15177491058401, 40.0086892610488], [112.00861725264102, 39.78591340712209], [111.91602391824699, 39.67406754952716], [111.793684422398, 39.519631675606355], [111.64067645167735, 39.47853363535822], [111.45915876722094, 39.42946518524877], [111.42854924243485, 39.611642317855754], [111.22696142953265, 39.6053541814711], [111.09081422429055, 39.434552204457276], [110.79730476868309, 39.432163008837236], [110.44249335333491, 39.564700079074136], [110.4370893986334, 39.393209496411764], [110.34707660540433, 39.28362029790282], [110.09607637987243, 39.15596060534053], [109.84872321891213, 39.01397222492481], [109.61760059881982, 38.88761587590687], [109.60138590963295, 38.686562389400116], [109.49842095670458, 38.56071649097888], [109.30312677861056, 38.35275487311413], [109.4028608512608, 38.208194459341016], [109.3490977530287, 38.01703968614624], [109.05076027914932, 38.16607313933963], [109.01284229569019, 37.99094866154144], [108.94536339542697, 37.783842045590106], [108.30239485951024, 37.68952476179661], [107.84960291419212, 37.70768303276435], [107.75485219130822, 37.786805300604016], [107.60763596255329, 37.95340802207239], [107.53776620095077, 38.017915884874455], [107.43620435496511, 38.08989830614984], [107.25719095723761, 38.121594210323465], [107.11653275259276, 38.13630648654485], [106.91630402492883, 38.15692362147348], [106.78973481973361, 38.269042311654744], [106.7870666008714, 38.39342868817496], [106.90343090992839, 38.59435591777234], [107.02725780108901, 38.8501262263954], [107.13827076582963, 39.15260774432947], [106.87474843700868, 39.34268003514152], [106.63060277013365, 39.598232431140744], [106.63837647633939, 39.64197220856008], [106.89504783205113, 39.721471033162686], [106.93342068503061, 39.869041317524605], [106.93410985288699, 40.096563799828694], [106.90556566683365, 40.281277655785196], [106.62618729693932, 40.59250390772707], [106.41195170143037, 40.77438598811351], [106.0160166715999, 40.8572927660632], [105.5586213526824, 40.88643703292582], [105.3557902572364, 41.01098535315055], [105.25513667514832, 41.507111387381364], [105.19754590620975, 41.66091808953122], [106.46190488843315, 42.15054286823326], [106.88476761523071, 42.286978163274675], [107.65993359100212, 42.514902675723334], [108.4144906279699, 42.449344700002875], [109.33553443028578, 42.493901618639455], [110.3472108653255, 42.73110501685138], [111.11383471791021, 43.43323168988097], [111.50203338061004, 43.490601360072375], [111.54925993653741, 43.42124521404014], [111.6900207446004, 43.28073142879968], [111.88690703193639, 43.09637702228781], [112.04717428824954, 42.90351625379099], [112.21056298006953, 42.74787857089595], [112.47524514467871, 42.67284735349815], [112.67027179821056, 42.548013480056824], [112.95413435477528, 42.345062895687256], [113.2172182034035, 42.139585346468664], [112.95930946062218, 41.83155683349005], [112.59462539634885, 41.72738363880217], [112.36008761930029, 41.64857374390153], [112.21755290337455, 41.47815948925547], [112.17223442720817, 41.18189667169852], [112.08852824626167, 41.11669285584114], [111.98613220248782, 41.036696051638174], [112.16793648538918, 40.942084440539375], [112.15873290215892, 40.80806199026298], [112.07727857974739, 40.65764284279946], [112.09423713918567, 40.55466582397139], [112.32229482940448, 40.376526460730446], [112.28950922324469, 40.2793586116404]]]}}, {"type": "Feature", "properties": {"Province": "Shaanxi", "Pays": "China", "birth_province_name": "Shaanxi", "province_zh": "陜西"}, "geometry": {"type": "Polygon", "coordinates": [[[111.64067645167735, 39.47853363535822], [111.68322900330256, 39.27519568720888], [111.48099351820655, 39.112611772819704], [111.3954573385192, 38.985287538419186], [111.41323745537088, 38.785263573625286], [111.24009922091082, 38.732117497901314], [111.3415166142228, 38.57624809937821], [111.17797680770059, 38.559610922142916], [111.00451043073123, 38.42305291721586], [110.92494693837281, 37.99956825150836], [111.17645065735613, 37.83569455892664], [111.1952931972431, 37.71898906865352], [111.04274546716753, 37.37133601191133], [110.84078340817234, 37.243738345044825], [110.7951707914155, 36.9781985240176], [110.79118372215497, 36.728900106993066], [110.86437247811577, 36.546886611133694], [110.7933096121059, 36.2551628913718], [110.87480102040209, 36.01478201101271], [110.9448561256725, 35.84424735200006], [110.84662283429186, 35.53810364857554], [110.66508762318149, 35.40098832784676], [110.60161816883611, 35.157635146361244], [110.5630363413922, 34.94058080544765], [110.59857280585601, 34.70758695607788], [110.65073939342426, 34.72110954827881], [110.74195222029648, 34.51276977190455], [110.87939778026104, 34.15980964041384], [110.94104024065794, 33.929292753113494], [111.11400713470724, 33.91085490893419], [111.17724719761785, 33.76315725392863], [111.28641888835969, 33.69085458025172], [111.27816532130753, 33.441498633727655], [111.28752232022188, 33.42859323700988], [111.16049290569089, 33.39248980640269], [111.1051117279995, 33.33387170748494], [110.95823268019633, 33.224876144641414], [110.85691673098776, 33.34498169521489], [110.70354835485558, 33.3828718622556], [110.59996575591741, 33.31919754780765], [110.47592771068582, 33.30064438974814], [110.35208151946243, 33.32926166461012], [110.1926580282921, 33.31265244566295], [110.05573640687992, 33.38091696151838], [109.8303219778864, 33.42764836059393], [109.71313368025471, 33.320458509793106], [109.79211101557648, 33.26408645838812], [109.93320023899193, 33.21430376326793], [109.96270793169926, 33.15839868660381], [109.96287491942904, 33.06393275597899], [110.02934742423778, 33.04145842469713], [110.18640956421606, 33.02253046990234], [110.31400873891732, 32.964893326571904], [110.35408450326709, 32.83314170683915], [110.3098589112969, 32.75179764043329], [110.16526358456221, 32.73682404506942], [109.99756757637736, 32.73695494267943], [109.7724640191501, 32.70118115030689], [109.64831410375383, 32.599280244513075], [109.63170093504, 32.4322916596817], [109.74225131079059, 32.343890023042896], [109.81155969816412, 32.20377869651628], [109.81574545260226, 32.033129752084136], [109.7728970037591, 31.98842961041168], [109.68369489415537, 31.895226345495765], [109.50940100900084, 31.858816666455848], [109.40469655395577, 31.912293851815967], [109.35827685538415, 32.036900283441184], [109.11681801670754, 32.12213250230489], [108.83460308855817, 32.24337238054926], [108.67686973087869, 32.31943405496908], [108.4818416560427, 32.367308646845906], [108.27300811038816, 32.371976888284664], [108.20687179077132, 32.31110263410492], [108.0390702644933, 32.27910312938605], [107.89070128583334, 32.33746385269285], [107.80312740220516, 32.444287258186854], [107.71949455292484, 32.48683453908044], [107.54102074324794, 32.47625471076947], [107.56257808727847, 32.59064830104904], [107.48620295222773, 32.66916926472202], [107.42810984905257, 32.644159338281675], [107.35621513857109, 32.54097598218838], [107.1961630609251, 32.54393845396088], [107.15822065189937, 32.63889153270463], [107.2136354157105, 32.71655600171086], [107.22730468233799, 32.7947042095287], [107.10705269686581, 32.802516142902036], [107.01613684183708, 32.80833824231839], [106.89901570901164, 32.83990440212646], [106.70901719690703, 32.81463875187092], [106.64736242166528, 32.735945292417334], [106.50193900539682, 32.733950279935115], [106.38343622009397, 32.7002489226613], [106.26524533057147, 32.701666304589324], [106.19438106305084, 32.709499251480764], [106.13946066069627, 32.778125197916275], [106.1826684520882, 32.91312296908593], [105.92787196463894, 32.90098885743608], [105.82872333145431, 32.91043221859275], [105.75164670097891, 32.93810540312065], [105.84156126593818, 33.000167058856924], [106.02026004990978, 33.10980394037022], [106.18321331696244, 33.24521543818354], [106.16334004358035, 33.34571225017118], [105.98723209690756, 33.44300073136798], [105.97972504202822, 33.535808066904664], [106.0776063189376, 33.66231469703498], [106.15397172518219, 33.72941741669939], [106.39453615105148, 33.650213538328046], [106.52599726436209, 33.724706265804045], [106.64424147485005, 33.63746420312489], [106.7686072564418, 33.69192503490462], [106.66713986300569, 33.866222585049], [106.52832576026769, 33.941237066455415], [106.58540102032516, 34.10894097300897], [106.81195348920232, 34.33746342148574], [106.88050859947188, 34.450295581320276], [106.71475622672241, 34.54065404799206], [106.46572600200942, 34.590912986908414], [106.5300514838411, 34.72219348735492], [106.65197580656661, 34.795564643757174], [106.61726392026677, 34.910951216540546], [106.58847611291866, 35.05036625415981], [106.71076615194384, 35.18033277165157], [107.00109578970724, 35.22010675125752], [107.21312180919398, 35.13557668999136], [107.36492448320392, 35.00493967177117], [107.60905237191024, 35.04636740024576], [108.05545052480437, 35.11298582494043], [107.88349620046829, 35.23268654694923], [107.77606872505397, 35.31324341769671], [107.85010217148985, 35.40769660724646], [108.02592190972554, 35.392390681324386], [108.23117082681482, 35.34271473091772], [108.53212394803384, 35.39882684662959], [108.7320302193862, 35.442020072110694], [108.82848720988984, 35.54812637465322], [108.80848678451295, 35.65913668309452], [108.72366835795629, 35.74340636538037], [108.69434830246698, 35.96668984220483], [108.77008057418664, 36.06097289336886], [108.87726145503366, 36.11173960546934], [108.97281664542797, 36.227233345437355], [108.9584201294848, 36.43360184165685], [108.92647682958308, 36.54327854168029], [108.78826924047368, 36.59275647613118], [108.53879882843206, 36.60938791426744], [108.44796642842512, 36.65482016618926], [108.47685542446622, 36.80973301618428], [108.54823776084878, 36.98888390709558], [108.77342753852851, 37.04506315263634], [108.85093401806026, 37.1964892517561], [108.8244061244335, 37.335226258443114], [108.73347630482532, 37.43764623913573], [108.58354745414407, 37.47584890483861], [108.47497161777657, 37.42440797299038], [108.40796607243858, 37.28351104415241], [108.1826155994743, 37.226509906009724], [108.02563058858307, 37.30087405928642], [107.68581564441031, 37.56835711201445], [107.62515769730611, 37.59541199067392], [107.7126810049771, 37.63342655400542], [107.84960291419212, 37.70768303276435], [108.30239485951024, 37.68952476179661], [108.94536339542697, 37.783842045590106], [109.01284229569019, 37.99094866154144], [109.05076027914932, 38.16607313933963], [109.3490977530287, 38.01703968614624], [109.4028608512608, 38.208194459341016], [109.30312677861056, 38.35275487311413], [109.49842095670458, 38.56071649097888], [109.60138590963295, 38.686562389400116], [109.61760059881982, 38.88761587590687], [109.84872321891213, 39.01397222492481], [110.09607637987243, 39.15596060534053], [110.34707660540433, 39.28362029790282], [110.4370893986334, 39.393209496411764], [110.44249335333491, 39.564700079074136], [110.79730476868309, 39.432163008837236], [111.09081422429055, 39.434552204457276], [111.22696142953265, 39.6053541814711], [111.42854924243485, 39.611642317855754], [111.45915876722094, 39.42946518524877], [111.64067645167735, 39.47853363535822]]]}}, {"type": "Feature", "properties": {"Province": "Sichuan", "Pays": "China", "birth_province_name": "Sichuan", "province_zh": "四川"}, "geometry": {"type": "Polygon", "coordinates": [[[100.50338669504897, 32.32892728259943], [100.58194549982882, 32.52509695329073], [100.83562536497986, 32.558615243525445], [101.14658302899103, 32.75507698533385], [101.02520221864744, 32.969268519450566], [101.12556933855146, 33.154895543336714], [101.4804343178854, 33.19203557083172], [101.65467102691042, 33.02834088613843], [101.96836905841104, 33.098176417836676], [102.14909542517779, 33.17186672824934], [102.4442168363076, 33.390914332248805], [102.4077929133789, 33.53834280773459], [102.18644526778985, 33.98897805109833], [102.29789658302585, 34.008660384986314], [102.61991676978921, 34.06491044805324], [102.80802705023736, 34.256105766831496], [103.208333943007, 34.137286118359626], [103.1634023959962, 33.95220853014871], [103.23674680303846, 33.78701156747384], [103.48849254033568, 33.763334614779936], [103.61310870870582, 33.708997542754915], [103.8690215830579, 33.66633811852905], [104.14912968824234, 33.66427332124801], [104.2219907731441, 33.58222002946526], [104.2538641335382, 33.446903687219205], [104.49952643398969, 33.34480088016194], [104.43230194273845, 33.19407508460756], [104.42966294087397, 33.05337381774384], [104.47569732139634, 32.89214220342328], [104.59659366021931, 32.84517835221517], [104.65577619035588, 32.72324747125044], [104.81993543512519, 32.62640828928953], [105.05268231351728, 32.62363075111555], [105.27117519244219, 32.637002344506584], [105.57766969468244, 32.709442600326355], [105.70141955101161, 32.81148038645038], [105.70476560390746, 32.90569726271567], [105.75164670097891, 32.93810540312065], [105.82872333145431, 32.91043221859275], [105.92787196463894, 32.90098885743608], [106.1826684520882, 32.91312296908593], [106.13946066069627, 32.778125197916275], [106.19438106305084, 32.709499251480764], [106.26524533057147, 32.701666304589324], [106.38343622009397, 32.7002489226613], [106.50193900539682, 32.733950279935115], [106.64736242166528, 32.735945292417334], [106.70901719690703, 32.81463875187092], [106.89901570901164, 32.83990440212646], [107.01613684183708, 32.80833824231839], [107.10705269686581, 32.802516142902036], [107.22730468233799, 32.7947042095287], [107.2136354157105, 32.71655600171086], [107.15822065189937, 32.63889153270463], [107.1961630609251, 32.54393845396088], [107.35621513857109, 32.54097598218838], [107.42810984905257, 32.644159338281675], [107.48620295222773, 32.66916926472202], [107.56257808727847, 32.59064830104904], [107.54102074324794, 32.47625471076947], [107.71949455292484, 32.48683453908044], [107.80312740220516, 32.444287258186854], [107.89070128583334, 32.33746385269285], [108.0390702644933, 32.27910312938605], [108.20687179077132, 32.31110263410492], [108.27300811038816, 32.371976888284664], [108.4818416560427, 32.367308646845906], [108.67686973087869, 32.31943405496908], [108.83460308855817, 32.24337238054926], [109.11681801670754, 32.12213250230489], [109.35827685538415, 32.036900283441184], [109.40469655395577, 31.912293851815967], [109.50940100900084, 31.858816666455848], [109.68369489415537, 31.895226345495765], [109.7728970037591, 31.98842961041168], [110.24678922864143, 31.66392380357593], [110.38442472713116, 31.465315276255804], [110.34098223349449, 31.177660615303637], [110.16496247982539, 30.959363266777103], [110.13556622374163, 31.074364597944438], [110.05607228940943, 31.054476284236976], [109.92100122290763, 31.040613940060407], [109.79743424007644, 30.945275201179843], [109.6337496482685, 30.845647319346998], [109.59633485308369, 30.723869835563303], [109.4787115858423, 30.687879723974984], [109.38985884521715, 30.737314613647143], [109.27237556760693, 30.70114755104289], [109.13642103805073, 30.79237485846159], [109.04418829528242, 30.77050751630945], [108.96058902933265, 30.6906875647188], [108.7929510688563, 30.719138746368273], [108.68583919274363, 30.70712225960512], [108.45215098181838, 30.633564809650974], [108.4652053754791, 30.458731093165778], [108.60384329367673, 30.439170787947592], [108.62976466431779, 30.265731735111913], [108.57396733438206, 30.094906649738025], [108.44279652135295, 30.068372933432602], [108.35391236466687, 29.940813172261777], [108.45920932524045, 29.776513579957655], [108.63291675071025, 29.878186048068493], [108.71884888424518, 30.028782069802897], [108.82872599982129, 29.923331279252203], [108.88855911329584, 29.788777168178612], [108.97809380328762, 29.727940788304217], [108.99611703558415, 29.60053029641718], [109.19464861995222, 29.527644379351777], [109.32920351455732, 29.319733585563387], [109.42360207758523, 29.128060152917154], [109.29162690833265, 28.914422429314698], [109.31078372155015, 28.68515634977805], [109.31400341934882, 28.64625924579651], [109.19490673239989, 28.539894465055763], [109.15392576892864, 28.347589917307364], [108.89201580061713, 28.32020781615377], [108.76843220573438, 28.448011990141275], [108.72315494824267, 28.584072556461564], [108.61804935916811, 28.47881846541279], [108.5939291214874, 28.652294103599623], [108.64174075135415, 28.78664067888895], [108.3908074650256, 28.77087900691842], [108.38412141505738, 28.910969992084173], [108.33956166885271, 29.035113395327752], [108.36371617076301, 29.237357715404972], [108.04620552387904, 29.21316687719449], [107.81839266423069, 29.1282892597603], [107.7782247943326, 29.21740348670134], [107.77562621580063, 29.32261247087208], [107.48133632221459, 29.323040938342718], [107.4038048324118, 29.2200708531196], [107.46268035155013, 29.09824834310103], [107.41670609330261, 28.963961829961246], [107.26103602324274, 28.851736408309776], [107.11306776316738, 29.03284269633732], [106.94175269833498, 29.105504040431494], [106.89293171011522, 28.99422942230101], [106.8089686883569, 28.93709824786743], [106.84025331387221, 28.824042448057007], [106.95709879049801, 28.756508859899103], [106.74109421916981, 28.61312555039128], [106.59843914447168, 28.677230261571925], [106.59310883984226, 28.87517873949958], [106.52059093410591, 28.994591389868667], [106.39418968037758, 28.95522984926135], [106.41856493958917, 28.724751606057847], [106.33338288765229, 28.597239870050096], [105.97554447120413, 28.7613956623724], [105.62100815403207, 28.66826031179318], [105.5635791224452, 28.462631529390606], [105.82426326367876, 28.32205921556118], [105.8635041916319, 28.16400830556426], [106.14701094998841, 28.200281450840365], [106.27047695412794, 28.16922581785471], [106.37130035943608, 27.948532908283525], [106.24415005812212, 27.839378806294206], [105.61518903586314, 27.759248357313087], [105.41650776886262, 27.813233890102968], [105.35494162830638, 27.82987872931383], [105.21676668119136, 27.95106530880661], [105.15124079254583, 28.10505527008723], [104.93942305546484, 28.19258070289297], [104.81838079532247, 28.05984141747073], [104.68090329091677, 27.948050872117005], [104.29244614576862, 27.92870468184888], [104.2023561187468, 28.066666955747763], [104.31152105573933, 28.186517454585573], [104.28489612465552, 28.333532376513173], [104.18719798008338, 28.36597912802174], [104.10016433362377, 28.411457663872945], [104.27156551109977, 28.621695421525263], [104.21640562736353, 28.706605461055368], [103.79400410413348, 28.645045276310242], [103.66208276630059, 28.57920123884329], [103.73233330845414, 28.41583994321143], [103.68555113443968, 28.2468434260536], [103.56685865647269, 28.183057387465247], [103.31724845595004, 28.122822461336447], [103.28364866618598, 28.025318925501324], [103.44631177468403, 27.991713236404696], [103.43151034892774, 27.862339225657916], [103.16404449088184, 27.69552104677499], [102.94400817330208, 27.420229161823453], [102.73477755449167, 27.36560702869973], [102.69760580274516, 27.221713407294946], [102.69187208956785, 26.978989097854576], [102.71698012702767, 26.84459475614645], [102.82306368335746, 26.75679446350245], [102.84982894910891, 26.611072001746646], [102.8283721635663, 26.37768863547824], [102.63130610223865, 26.268067604147458], [102.50708609037582, 26.18064892531611], [102.44729057725462, 26.298115712648595], [102.27581033848654, 26.2608345360083], [102.15824781505712, 26.20859808757111], [102.08014387373639, 26.082008820387465], [101.80475574967159, 25.994082490446207], [101.44805411192162, 26.201956543874697], [101.41933773021732, 26.414904867854894], [101.29447969108233, 26.53237831115122], [101.36330559772978, 26.634975313326382], [101.12471240094551, 26.871232580117766], [100.92202428057121, 27.11262017706404], [100.7939966008764, 27.297274690023986], [100.7208793801232, 27.58251452827706], [100.56611240879187, 27.7049705995185], [100.49020344742475, 27.817816668753547], [100.20711808728558, 27.64309758975087], [100.16085211236167, 27.795005995885145], [100.39454818570765, 27.870215904714712], [100.44875918730376, 28.034081520050428], [100.45551739955496, 28.149730406399808], [100.68795878819454, 28.591170475364926], [100.67728907983295, 28.784347598891976], [100.76027884770664, 28.879140297914116], [100.98892413803495, 28.907208932884295], [101.17180993792206, 28.99603504561907], [101.2502557943412, 28.877146432424897], [101.20406190112963, 28.760085700338465], [101.33235809495538, 28.528844977660647], [101.47427781072822, 28.35134772883018], [101.52545375637492, 28.170145351053684], [101.56005376825877, 28.066649461858738], [101.80619134628017, 28.193058319613463], [101.88811216345569, 28.42504525891409], [102.06346117399919, 28.4591914374848], [102.12368175861995, 28.51498185877865], [102.09418813013355, 28.688875433606693], [102.21414939536831, 28.898544050783702], [102.2388921620086, 29.156424929224094], [102.20156157859635, 29.363928572369296], [102.09648427016003, 29.485256628994897], [102.13661345338441, 29.636211479795065], [102.27712806143403, 29.751733329034234], [102.41681091522132, 29.872845799332634], [102.51952801153087, 29.982118609938848], [102.52199206565422, 30.156118574840203], [102.48596485934402, 30.352818407283543], [102.31512962767832, 30.370961536406448], [102.21266514906411, 30.411798445165967], [102.25205076919137, 30.505152743492456], [102.39997816620716, 30.622350292773596], [102.35124220564248, 30.81115991789565], [102.25695039045998, 30.946750398131563], [102.03166394584392, 31.01521439103103], [101.95729435465529, 31.081258957814782], [101.97915895079086, 31.17300132105305], [101.89004519968734, 31.254979008619713], [101.72109767585785, 31.262808110204475], [101.5617447399571, 31.23039240971816], [101.44567501824312, 31.26553120023319], [101.35703337955584, 31.365519552165864], [101.25607933216308, 31.426202691984084], [101.18278375528821, 31.505600763706553], [101.15046726914994, 31.615438724822763], [101.14827706642235, 31.712202957873448], [101.16516173241776, 31.775405551817677], [101.13802534118415, 31.863069930185283], [101.04293023201026, 31.96152716518188], [100.91866341392796, 32.04526539849681], [100.75171743106348, 32.16718631427141], [100.6396913115538, 32.28515418942414], [100.50338669504897, 32.32892728259943]]]}}, {"type": "Feature", "properties": {"Province": "Guangdong", "Pays": "China", "birth_province_name": "Guangdong", "province_zh": "廣東"}, "geometry": {"type": "MultiPolygon", "coordinates": [[[[110.79063425891664, 20.15861081246245], [110.89700716140403, 20.039159045081764], [110.99524196413176, 19.92606601464922], [111.0377239443118, 19.759707687988747], [111.02502868073752, 19.63190892220071], [110.88017383931584, 19.579773895550453], [110.7898994314081, 19.496076776606188], [110.67125375373234, 19.396336295238253], [110.55599396704655, 19.25457311407836], [110.46929935159793, 19.128894172783074], [110.35021305799455, 18.944706975917537], [110.21517248784939, 18.682123157683087], [110.19327906486461, 18.582164822285392], [110.1279304104046, 18.47219323793868], [109.95265871914869, 18.452972744701693], [109.90839845196105, 18.358552028996737], [109.80460000286396, 18.27402338945702], [109.6854968939778, 18.293693353655794], [109.62735220124185, 18.19131476162662], [109.53952653658708, 18.09386843374982], [109.45123098726961, 18.28393327277669], [109.27610499077409, 18.27120033228389], [109.15379152923273, 18.332274172563377], [108.99555002695907, 18.383512464029174], [108.88598999484189, 18.466254030934522], [108.76587138317294, 18.499068745962823], [108.69693842446416, 18.61969245482239], [108.67591873499323, 18.7789735389792], [108.68395922001221, 18.94053705463589], [108.66261570408163, 19.183763348425735], [108.69718393171955, 19.375497841557976], [108.89374985191473, 19.48923753384854], [109.04540362278243, 19.613372676890616], [109.21994414935821, 19.648125961420583], [109.2549628685104, 19.75606961278271], [109.25255559323091, 19.868111274035527], [109.357554591089, 19.93949635174814], [109.48409193797555, 19.935317821058085], [109.58357157936486, 19.90086847023015], [109.68468583404928, 20.021002175729386], [109.84896838698572, 20.012424643268], [110.06450551714434, 20.01452007513241], [110.23688365911596, 20.090579040046794], [110.4859228756132, 20.143924537993456], [110.55378251585066, 20.13472355517804], [110.65593921683367, 20.16316347733126], [110.79063425891664, 20.15861081246245]]], [[[113.7102361661879, 25.3732201142757], [113.83914204550322, 25.32449271068477], [113.97082579208188, 25.446477468410226], [114.01305169381713, 25.479530423414513], [114.10750110090186, 25.428567160225253], [114.20157388961957, 25.320444125102895], [114.42463928215578, 25.376399289404823], [114.62310237058513, 25.451993516691793], [114.70875501970234, 25.39250088996941], [114.81243613565081, 25.320316129432424], [114.83028047756234, 25.17175668135445], [114.69067991333264, 25.094897210603865], [114.51381971862801, 24.99723543225537], [114.5107899474163, 24.875366064993624], [114.50758302380629, 24.74776179276621], [114.31504022289141, 24.715300066126076], [114.51094301839453, 24.584253931200603], [114.68869926548821, 24.61025696154561], [114.82713222559597, 24.630358966090434], [115.00116302326545, 24.711011252209765], [115.06793631087876, 24.764447268581026], [115.19549219047731, 24.72131331546411], [115.34577570029604, 24.814630889760284], [115.5014873102735, 24.82256581194607], [115.64926246158679, 24.701600924939488], [115.76441519026167, 24.600257458699154], [115.8876708906244, 24.627560992969915], [115.83403655405202, 24.746247771637123], [115.81021285908379, 24.88773948240114], [115.85902642433946, 24.989950398342334], [116.09241763915259, 25.01529502170596], [116.2997826908429, 24.94632519979417], [116.4363368505264, 24.88105084638627], [116.54672758927863, 24.714548058943276], [116.69166459320351, 24.785002166657424], [116.76548208407041, 24.716697156021667], [116.85796112933221, 24.58483321308718], [116.96345656749477, 24.339120913626267], [116.99520566349143, 24.16181173952821], [117.07019377214992, 23.886156062302337], [117.08936775253159, 23.771594543988282], [116.93574547579111, 23.737048052558738], [116.88178536602227, 23.563509321174685], [116.70234182381157, 23.427793568690674], [116.56473525227693, 23.39360534306841], [116.5784543492718, 23.108613879423913], [116.44881658986242, 22.91768514197569], [116.10459805371221, 22.71756588652175], [115.9080887507274, 22.65187515706147], [115.71961043320675, 22.728938240736113], [115.60079209897617, 22.652168527068813], [115.24130620346976, 22.763310685774083], [115.06950367617505, 22.811795595248416], [114.90101726084414, 22.80326916870033], [114.68669795626123, 22.792164433183892], [114.54160362194072, 22.65640133443733], [114.28639537642576, 22.571505806215313], [113.96974214639745, 22.497028036205105], [113.65061240005981, 22.691772323351366], [113.5756404788628, 22.44586255905526], [113.59477934148504, 22.162907981696026], [113.5160477818629, 21.97369254886118], [113.31314355107203, 22.04690276850345], [113.17331943972817, 21.868205962053672], [113.03611085043498, 21.874069976646506], [112.82229377791315, 21.676544007318395], [112.54267569118744, 21.559790800031664], [112.2917134130315, 21.472874813298457], [112.0886197381905, 21.558659695854985], [111.80711558423954, 21.48318965704035], [111.7000327135413, 21.30622578916408], [111.46223970786082, 21.261614733852127], [111.34458118515275, 21.225157159756368], [111.04514795607766, 21.20391713240461], [110.79442765044465, 21.14340876201531], [110.59595576372914, 21.001904447137456], [110.42476926269859, 21.073670408679394], [110.19477252777676, 20.95764401460918], [110.13848764849884, 20.74221026004287], [110.33110106389682, 20.5877752278144], [110.41705334505141, 20.453309529573197], [110.51650831866, 20.33380548991332], [110.35323121498865, 20.261801477156347], [110.14569721251092, 20.246454567606698], [109.97207188011303, 20.360001667332078], [109.82179348185845, 20.54534695735868], [109.8046327085939, 20.740849988196327], [109.76740814089554, 20.991008542944467], [109.90367659981128, 21.14240390220451], [110.07252356339195, 21.26821235044882], [109.8699060370398, 21.350740858751376], [109.86200552121977, 21.36462663225995], [109.94252016386315, 21.424697742005357], [110.04693896419766, 21.489251955206296], [110.05423229372202, 21.630592466133074], [110.16220429771155, 21.657888844709426], [110.3317895994731, 21.671137724970745], [110.4623799381869, 21.67182452597023], [110.45168026869537, 21.793147703314073], [110.49339787520157, 21.89033628199075], [110.69268954893138, 21.91500231733297], [110.73623521776426, 21.99353876461891], [110.82478952420817, 22.019052277287784], [110.88008270264477, 22.079663062963828], [110.81012264248817, 22.187263831475953], [110.86810796844406, 22.33279047123329], [111.03977258564547, 22.336333102845273], [111.17172925502318, 22.449747562121445], [111.32197701405197, 22.470268928516056], [111.40632028813032, 22.551822662332306], [111.50620300195696, 22.69104999174532], [111.55014427020478, 22.89221348791499], [111.50374640757335, 23.077355061771424], [111.49727440582636, 23.152294591696755], [111.56620185037669, 23.298817142509858], [111.62588078278726, 23.4352501836981], [111.72746326331735, 23.442717241126694], [111.71857381845825, 23.5458352535245], [111.74708687927385, 23.689446849474905], [111.91483015275912, 23.645075217399757], [112.04392827937966, 23.814872423196245], [112.06366017051737, 23.702986957018343], [112.07155809549397, 23.609133953595247], [112.00896605968504, 23.500819223565006], [112.0629799468877, 23.466904263122668], [112.06767089354445, 23.410591357869155], [112.11378830438511, 23.34775885404092], [112.1880417907681, 23.31519461435807], [112.25462822555538, 23.376497634467416], [112.27595300612228, 23.49132375195624], [112.38749278054335, 23.631325283676667], [112.61236157333508, 23.769615518405356], [112.60741530509648, 23.958350471129112], [112.48950436655447, 24.016394249559728], [112.56290654519788, 24.12545462056644], [112.50950306041082, 24.27299561548806], [112.34551722735984, 24.261461532431884], [112.30618409180187, 24.116942188548155], [112.21410331923852, 24.11039180430697], [112.13125041092519, 24.236676185134602], [112.1465964060238, 24.41725065377935], [112.03588047062685, 24.503610715415903], [112.05791200428457, 24.648550069158674], [112.06203866712454, 24.675712115936246], [112.16685986544285, 24.721115882347384], [112.24491027882175, 24.80475595463224], [112.23070589558995, 24.966719357564724], [112.21825352377901, 25.107548033591833], [112.35316274086539, 25.167038143582932], [112.56041577052792, 25.203249615881642], [112.73034389119636, 25.13014447265921], [112.8315835368764, 25.037856974719915], [112.91698014036996, 24.8521200337647], [113.06943721868448, 24.890834799141793], [113.09184596744639, 24.998830834639527], [113.00164483742587, 25.148899493227116], [112.96068498758811, 25.266768244041018], [113.04626622078531, 25.364918263968548], [113.14498054707414, 25.400032409500966], [113.3097969151961, 25.489232156047695], [113.43154587848859, 25.53282749945606], [113.52675830132014, 25.418267874575765], [113.7102361661879, 25.3732201142757]]]]}}, {"type": "Feature", "properties": {"Province": "Gansu", "Pays": "China", "birth_province_name": "Gansu", "province_zh": "甘肅"}, "geometry": {"type": "Polygon", "coordinates": [[[102.18794449486448, 33.98924354637211], [102.15496456844338, 34.08024756752934], [102.00789976983049, 34.193868905225976], [102.00878941220405, 34.31991869891211], [102.1722364601573, 34.40513309490832], [102.11425347034951, 34.56275192141152], [101.89411238902085, 34.69103543081728], [101.66980923824845, 34.70605409539365], [101.80274160560704, 34.84237712729296], [102.21021852049482, 34.97214997725828], [102.42267374317892, 35.13622610580353], [102.50940231772776, 35.25194830876727], [102.57312053115146, 35.356765885960485], [102.67293451952771, 35.411786271407095], [102.73149862257354, 35.450148572200106], [102.74321076565886, 35.53645997576514], [102.85978080169255, 35.5287498443025], [102.95974643842366, 35.452470212288574], [103.01792995200242, 35.53746428454542], [103.07430955928248, 35.76271013188465], [103.13308556878921, 35.979101570275006], [103.12390124121998, 36.14632708911952], [103.00371363725813, 36.29429421747627], [102.96151548854719, 36.408881088370194], [102.7900589396667, 36.61327068359881], [102.74844208980899, 36.765430575682416], [102.70152369397988, 37.0199372359437], [102.48532240423465, 37.2559204844549], [102.23952200407827, 37.4364818862587], [102.11946201572842, 37.484779887372696], [102.02918142152164, 37.79212181673239], [101.79859223618344, 37.7911492328222], [101.81587486451625, 37.55490750478264], [101.56154490439938, 37.57715121952167], [101.24616400798007, 37.79810050895664], [101.03334760435281, 37.91144594626177], [100.78232694157789, 37.97446228426783], [100.6606310166841, 38.07688626468161], [100.43425545433026, 38.22162244669673], [100.24291316711732, 38.332821876268255], [100.0105025184285, 38.350618105587905], [99.9589391854767, 38.255441069117424], [99.71737505239636, 38.33632666319257], [99.54600142841419, 38.384581442973634], [99.3118107360388, 38.57859039329534], [99.15347167542224, 38.72278674546688], [99.0291131206567, 38.836591782383685], [98.71198317489798, 38.98284825128225], [98.50705969953134, 38.85272375472631], [98.25950641468444, 38.93783791407481], [98.17907958899255, 38.86329827494977], [98.05506722353965, 38.71313161145111], [97.88001257941882, 38.701185855602326], [97.6410449047063, 38.8897466431506], [97.46698379395102, 38.99916248892745], [97.21427240448006, 39.061463390008456], [96.91654538386838, 39.08409357551757], [96.81956350676042, 38.99506436966355], [96.79463680131693, 38.754747313253866], [96.8071996152898, 38.57048297120399], [96.85388135800711, 38.45067425832244], [96.86482418658998, 38.238145260775795], [96.60561066595032, 38.325263739866536], [96.28085788495031, 38.54516578510652], [96.00682573454516, 38.69239501923834], [95.67693383361996, 38.7685002246437], [95.50575303765073, 38.94959645387954], [94.84322847997349, 39.06802643829234], [94.61510935774693, 39.23245871017288], [94.28728314624557, 39.2383433875435], [93.86731848621956, 39.20841343636269], [93.45552561781628, 39.18812334226036], [93.06421427866982, 39.12491997859655], [92.92578022050755, 39.15440777492809], [92.97892049520651, 39.309911633172426], [92.89579552462192, 39.63753453511597], [92.76254248723251, 39.83848914120859], [92.90342574972546, 40.07620077357193], [92.89148351598764, 40.32664142930725], [93.00469840961456, 40.359108624475226], [93.41995382547695, 40.378131585773346], [93.67306962592626, 40.50550581891422], [93.70658512183667, 40.78342982519899], [93.86008771592601, 40.96761138989714], [94.14835721264119, 41.14622934436322], [94.37061139719289, 41.34866769707915], [94.81938150688312, 41.55473862593856], [95.08138197239154, 41.681141663026445], [95.31845533188363, 41.70088290894761], [95.74826377206703, 41.755526669380124], [96.13935693215994, 41.8978397446936], [96.1436978541875, 42.09799377954607], [96.11885200799748, 42.31938061213207], [96.17464653694343, 42.49015045672236], [96.34063867408317, 42.631729906970456], [96.31435935400667, 42.688681649961325], [96.54000725104156, 42.703453988729834], [96.99782525366561, 42.67380102816458], [97.2512052656063, 42.45035600303376], [97.42624019580488, 42.13657729596939], [97.64965193114642, 41.791633955082716], [97.78058747989662, 41.52424162018431], [97.58856257718224, 41.35126541510437], [97.68066096783417, 41.174447219604836], [97.90210660025816, 40.99950719294413], [98.32742328111763, 40.7292274891335], [98.24891139971619, 40.45651248593808], [98.25377654115702, 40.30203077769982], [98.59866248100654, 40.36603739000635], [98.70909686752688, 40.56063576476692], [99.2723753610682, 40.64266255367275], [99.75964730271488, 40.73360077190178], [100.12182895774086, 40.710955111013014], [100.18825351171654, 40.52647295257387], [100.0943755831569, 40.322750519098676], [99.88689056327067, 40.18003417434299], [99.43732730215385, 39.74478560445364], [99.73453676129674, 39.6811631292384], [100.00204002888147, 39.59626121746115], [100.23616215522917, 39.447195715895], [100.61942364073492, 39.22904422168056], [100.77698139892216, 39.24672169006311], [100.77477293523376, 39.034458070563346], [100.85261580025224, 38.85243862702509], [101.10688929626079, 38.95938613204992], [101.23882434566445, 38.88649674266296], [101.11589481543004, 38.76353590925294], [101.34855200736645, 38.64470812932715], [101.61946192813532, 38.53679114656227], [101.99866412346609, 38.70763252195584], [102.1065269941766, 38.82676550929414], [101.86498645354469, 38.964902796782056], [102.08800514308473, 39.063544760125524], [102.43945185414776, 39.10066633771874], [102.66200256521005, 39.084885117027724], [102.90844817796696, 38.988028169993605], [103.19517532314768, 39.12405985905002], [103.49283870748094, 39.28961573888597], [103.84240082894476, 39.406661608395396], [104.18888379556786, 39.40869962718771], [104.12954851233428, 39.22869657039951], [104.27132615847654, 39.11076774839866], [104.33313555830725, 38.95107220524269], [104.13249941445076, 38.889283282570034], [104.03501751096556, 38.71718299676617], [103.82947391977558, 38.611621017799536], [103.58444878139761, 38.456487537091014], [103.5288205730854, 38.33378325219112], [103.64580294956271, 38.17016614265161], [103.37803005059818, 38.03916805326873], [103.41534685338777, 37.904401733835904], [103.66132873797191, 37.72073515368295], [103.97665579555508, 37.60455344012374], [104.16228836517278, 37.437710937446475], [104.3849365762807, 37.29413661064164], [104.852001606814, 37.40700873163691], [104.97885439893756, 37.2763051876684], [104.8130579036021, 37.13702996964972], [104.93504382939192, 37.07155796552464], [105.10962388926663, 37.12719938374235], [105.24807417260021, 36.89431020320534], [105.513378763391, 36.96323187640181], [105.70692991272827, 36.88879622599345], [105.96197915798572, 36.85136417207018], [106.205613395677, 36.811638160584245], [106.34408621079287, 36.5581754327932], [106.48742678608878, 36.43722875268753], [106.72918634482464, 36.49967420188096], [106.76031079265753, 36.62669069071186], [106.9096850275495, 36.69470955957775], [106.8624321495924, 36.86747665331172], [106.84989149206457, 37.02621614082983], [107.08219797958832, 37.049018047818016], [107.32483746427805, 37.016051159019845], [107.47188687219884, 37.04532926187405], [107.45447857081324, 37.184729708549106], [107.43107816146141, 37.35168862675068], [107.54598391636596, 37.56094197824418], [107.62515769730611, 37.59541199067392], [107.68581564441031, 37.56835711201445], [108.02563058858307, 37.30087405928642], [108.1826155994743, 37.226509906009724], [108.40796607243858, 37.28351104415241], [108.47497161777657, 37.42440797299038], [108.58354745414407, 37.47584890483861], [108.73347630482532, 37.43764623913573], [108.8244061244335, 37.335226258443114], [108.85093401806026, 37.1964892517561], [108.77342753852851, 37.04506315263634], [108.54823776084878, 36.98888390709558], [108.47685542446622, 36.80973301618428], [108.44796642842512, 36.65482016618926], [108.53879882843206, 36.60938791426744], [108.78826924047368, 36.59275647613118], [108.92647682958308, 36.54327854168029], [108.9584201294848, 36.43360184165685], [108.97281664542797, 36.227233345437355], [108.87726145503366, 36.11173960546934], [108.77008057418664, 36.06097289336886], [108.69434830246698, 35.96668984220483], [108.72366835795629, 35.74340636538037], [108.80848678451295, 35.65913668309452], [108.82848720988984, 35.54812637465322], [108.7320302193862, 35.442020072110694], [108.53212394803384, 35.39882684662959], [108.23117082681482, 35.34271473091772], [108.02592190972554, 35.392390681324386], [107.85010217148985, 35.40769660724646], [107.77606872505397, 35.31324341769671], [107.88349620046829, 35.23268654694923], [108.05545052480437, 35.11298582494043], [107.60905237191024, 35.04636740024576], [107.36492448320392, 35.00493967177117], [107.21312180919398, 35.13557668999136], [107.00109578970724, 35.22010675125752], [106.71076615194384, 35.18033277165157], [106.58847611291866, 35.05036625415981], [106.61726392026677, 34.910951216540546], [106.65197580656661, 34.795564643757174], [106.5300514838411, 34.72219348735492], [106.46572600200942, 34.590912986908414], [106.71475622672241, 34.54065404799206], [106.88050859947188, 34.450295581320276], [106.81195348920232, 34.33746342148574], [106.58540102032516, 34.10894097300897], [106.52832576026769, 33.941237066455415], [106.66713986300569, 33.866222585049], [106.7686072564418, 33.69192503490462], [106.64424147485005, 33.63746420312489], [106.52599726436209, 33.724706265804045], [106.39453615105148, 33.650213538328046], [106.15397172518219, 33.72941741669939], [106.0776063189376, 33.66231469703498], [105.97972504202822, 33.535808066904664], [105.98723209690756, 33.44300073136798], [106.16334004358035, 33.34571225017118], [106.18321331696244, 33.24521543818354], [106.02026004990978, 33.10980394037022], [105.84156126593818, 33.000167058856924], [105.75164670097891, 32.93810540312065], [105.70476560390746, 32.90569726271567], [105.70141955101161, 32.81148038645038], [105.57766969468244, 32.709442600326355], [105.27117519244219, 32.637002344506584], [105.05268231351728, 32.62363075111555], [104.81993543512519, 32.62640828928953], [104.65577619035588, 32.72324747125044], [104.59659366021931, 32.84517835221517], [104.47569732139634, 32.89214220342328], [104.42966294087397, 33.05337381774384], [104.43230194273845, 33.19407508460756], [104.49952643398969, 33.34480088016194], [104.2538641335382, 33.446903687219205], [104.2219907731441, 33.58222002946526], [104.14912968824234, 33.66427332124801], [103.8690215830579, 33.66633811852905], [103.61310870870582, 33.708997542754915], [103.48849254033568, 33.763334614779936], [103.23674680303846, 33.78701156747384], [103.1634023959962, 33.95220853014871], [103.208333943007, 34.137286118359626], [102.80802705023736, 34.256105766831496], [102.61991676978921, 34.06491044805324], [102.29789658302585, 34.008660384986314], [102.18794449486448, 33.98924354637211]]]}}, {"type": "Feature", "properties": {"Province": "Qinghai", "Pays": "China", "birth_province_name": "Qinghai", "province_zh": "青海"}, "geometry": {"type": "Polygon", "coordinates": [[[92.92578022050755, 39.15440777492809], [93.06421427866982, 39.12491997859655], [93.45552561781628, 39.18812334226036], [93.86731848621956, 39.20841343636269], [94.28728314624557, 39.2383433875435], [94.61510935774693, 39.23245871017288], [94.84322847997349, 39.06802643829234], [95.50575303765073, 38.94959645387954], [95.67693383361996, 38.7685002246437], [96.00682573454516, 38.69239501923834], [96.28085788495031, 38.54516578510652], [96.60561066595032, 38.325263739866536], [96.86482418658998, 38.238145260775795], [96.85388135800711, 38.45067425832244], [96.8071996152898, 38.57048297120399], [96.79463680131693, 38.754747313253866], [96.81956350676042, 38.99506436966355], [96.91654538386838, 39.08409357551757], [97.21427240448006, 39.061463390008456], [97.46698379395102, 38.99916248892745], [97.6410449047063, 38.8897466431506], [97.88001257941882, 38.701185855602326], [98.05506722353965, 38.71313161145111], [98.17907958899255, 38.86329827494977], [98.25950641468444, 38.93783791407481], [98.50705969953134, 38.85272375472631], [98.71198317489798, 38.98284825128225], [99.0291131206567, 38.836591782383685], [99.15347167542224, 38.72278674546688], [99.3118107360388, 38.57859039329534], [99.54600142841419, 38.384581442973634], [99.71737505239636, 38.33632666319257], [99.9589391854767, 38.255441069117424], [100.0105025184285, 38.350618105587905], [100.24291316711732, 38.332821876268255], [100.43425545433026, 38.22162244669673], [100.6606310166841, 38.07688626468161], [100.78232694157789, 37.97446228426783], [101.03334760435281, 37.91144594626177], [101.24616400798007, 37.79810050895664], [101.56154490439938, 37.57715121952167], [101.81587486451625, 37.55490750478264], [101.79859223618344, 37.7911492328222], [102.02918142152164, 37.79212181673239], [102.11946201572842, 37.484779887372696], [102.23952200407827, 37.4364818862587], [102.48532240423465, 37.2559204844549], [102.70152369397988, 37.0199372359437], [102.74844208980899, 36.765430575682416], [102.7900589396667, 36.61327068359881], [102.96151548854719, 36.408881088370194], [103.00371363725813, 36.29429421747627], [103.12390124121998, 36.14632708911952], [103.13308556878921, 35.979101570275006], [103.07430955928248, 35.76271013188465], [103.01792995200242, 35.53746428454542], [102.95974643842366, 35.452470212288574], [102.85978080169255, 35.5287498443025], [102.74321076565886, 35.53645997576514], [102.73149862257354, 35.450148572200106], [102.67293451952771, 35.411786271407095], [102.57312053115146, 35.356765885960485], [102.50940231772776, 35.25194830876727], [102.42267374317892, 35.13622610580353], [102.21021852049482, 34.97214997725828], [101.80274160560704, 34.84237712729296], [101.66980923824845, 34.70605409539365], [101.89411238902085, 34.69103543081728], [102.11425347034951, 34.56275192141152], [102.1722364601573, 34.40513309490832], [102.00878941220405, 34.31991869891211], [102.00789976983049, 34.193868905225976], [102.15496456844338, 34.08024756752934], [102.18794449486448, 33.98924354637211], [102.18644526778985, 33.98897805109833], [102.4077929133789, 33.53834280773459], [102.4442168363076, 33.390914332248805], [102.14909542517779, 33.17186672824934], [101.96836905841104, 33.098176417836676], [101.65467102691042, 33.02834088613843], [101.4804343178854, 33.19203557083172], [101.12556933855146, 33.154895543336714], [101.02520221864744, 32.969268519450566], [101.14658302899103, 32.75507698533385], [100.83562536497986, 32.558615243525445], [100.58194549982882, 32.52509695329073], [100.50338669504897, 32.32892728259943], [100.24902625828102, 32.36399422689852], [100.33355490312006, 32.47719942031191], [100.26374048108435, 32.6165358802182], [100.06602846603029, 32.62015997132191], [100.00524683413559, 32.84425009097045], [99.81334107394727, 32.765174948891485], [99.76439342694172, 32.644662329763186], [99.52415765298842, 32.62501016180957], [99.28223505595189, 32.72907370571029], [99.15710022408727, 32.93925305628773], [99.03393767507407, 33.02499454291619], [98.782570188813, 33.09795115657912], [98.72895970343343, 33.280684707465646], [98.59315845271078, 33.515489446481375], [98.28815387915368, 33.81108138325211], [98.06576210883331, 33.83252704764729], [97.79361585391698, 33.80103698874115], [97.59355330782219, 33.90926443225443], [97.45611102763482, 33.768157087677885], [97.60686312765515, 33.55262151170133], [97.77537565406632, 33.38215896416752], [97.59168001292758, 33.23155387602273], [97.44806593278115, 33.00687089900489], [97.4844777591671, 32.83559623827883], [97.41362445904974, 32.640965056280514], [97.58632754700773, 32.55457964713519], [97.69809852205599, 32.47224419202968], [97.41668354282876, 32.31870158013398], [97.09492612676931, 32.028429747041336], [96.80269676471278, 32.00046007927354], [96.84524838478144, 31.790432143361294], [96.77098317614919, 31.68260790097186], [96.40389585441088, 31.76497774074177], [96.24698563727459, 31.857253241397217], [96.20789520436661, 31.50180258157432], [95.93102613278367, 31.63917989404148], [95.52011281493512, 31.72607439092462], [95.53756017253681, 32.003375784648135], [95.38307803931492, 32.14916969373147], [95.04062779394734, 32.21310374443919], [94.67185037141438, 32.542284292138724], [93.86085667950516, 32.466958524070265], [93.4029188670693, 32.54921320268383], [92.95380948753177, 32.72190615653604], [92.40985837883805, 32.698210952087244], [92.33877285734788, 32.712606521015815], [92.3083517305671, 32.79262058726082], [92.11039310331367, 32.7499312403655], [91.70796028604204, 32.880382757266275], [91.42944008469684, 33.03395935228329], [91.31354720627169, 33.09721641857295], [91.39787389201769, 33.15506164391617], [91.39064571604759, 33.19825863576282], [91.26333189392952, 33.255371636129865], [91.17079519170375, 33.2345839231644], [91.19431578812012, 33.18477615124145], [91.06867263243991, 33.15837150947454], [91.01129820712549, 33.180330240328864], [90.86803829567012, 33.144647769075476], [90.84366079151263, 33.081144074478395], [90.78024084380336, 33.10407104460313], [90.37338334955955, 33.192680886490045], [90.2079603460001, 33.292595333591585], [90.13894784559511, 33.36681437917646], [90.07687134814098, 33.537900278029184], [89.96510328218253, 33.572056909615355], [89.94803230935109, 33.66179071882258], [89.86596382821624, 33.76827449090566], [89.74843347693891, 33.91859774651373], [89.7142136304515, 34.05417574942983], [89.76408513908353, 34.15427572851933], [89.8478073966962, 34.20163165457481], [89.77864233706069, 34.35730163104592], [89.77145367647998, 34.49577431021325], [89.7289438186045, 34.62437403772948], [89.81621496064878, 34.663587407347464], [89.84028337923466, 34.72139707944786], [89.81145959504079, 34.82167159566551], [89.6485785698876, 34.84251812928356], [89.67673953774025, 34.933072767798706], [89.57352574225894, 35.04791839821075], [89.60764831459778, 35.181886112789726], [89.69862567068586, 35.33337956531174], [89.81252243962226, 35.370333641522514], [89.92341654513022, 35.72817662957242], [89.5044447981191, 35.91216718843818], [89.83760521450297, 36.07650337738444], [90.07533753734536, 36.21936656870626], [90.32416279541083, 36.26869800771041], [90.66699168769127, 36.152950155705575], [90.98007073704339, 36.1370456578986], [91.15115225558294, 36.2846709476359], [91.10998990163722, 36.521802728798455], [90.81298448549383, 36.500576451408676], [90.7206284545443, 36.73502929361323], [90.83497493102061, 36.89425982835354], [91.10121175293283, 36.98853553059007], [91.36117843045784, 37.135653250727735], [91.06414219030506, 37.43495892890745], [90.68532825921798, 37.750077613874765], [90.36540708391976, 37.90126517707697], [90.39993912469767, 38.07906228247769], [90.30927232837851, 38.259690300211666], [90.21166301866737, 38.45215146102691], [90.536685223618, 38.581965032723886], [90.70635932602774, 38.70457162363032], [91.17768820960319, 38.65358860619931], [91.81611207243192, 38.84538235247275], [92.92578022050755, 39.15440777492809]]]}}]}