student,source,source_display,target,target_display,source_year,target_year,source_levels,target_levels,source_country,target_country
N00003,Jiaotong University,交通大學,Harvard University,Harvard University,1939,1943,['Unspecified'],['Unspecified'],China,US
N00005,St. John's University,聖約翰大學,Stanford University,Stanford University,1940,1942,['Unspecified'],['Master'],China,US
N00009,Michigan State College,Michigan State College,Ohio State University,Ohio State University,1941,1943,['Bachelor'],['Unspecified'],US,US
N00011,Jinling University,金陵大學,University of Edinburgh,University of Edinburgh,1936,1941,['Unspecified'],['Master'],China,Other
N00011,University of Edinburgh,University of Edinburgh,Columbia University,Columbia University,1941,1943,['Master'],['Unspecified'],Other,US
N00012,Denison University,Denison University,New York University,New York University,1921,1924,['Bachelor'],['Doctorate'],US,US
N00012,New York University,New York University,Columbia University,Columbia University,1924,1927,['Doctorate'],['Master'],US,US
N00014,Central Army Military Academy,中央陸軍軍官學校,Cambridge University,Cambridge University,1930,1940,['Unspecified'],['Unspecified'],China,Other
N00018,Tientsin Institute of Commerce,天津工商學院學,Cornell University,Cornell University,1941,1942,['Unspecified'],['Master'],China,US
N00020,University of Southern California,University of Southern California,Wheaton College,Wheaton College,1939,1942,['Unspecified'],['Unspecified'],US,US
N00020,Wheaton College,Wheaton College,State University of Iowa,State University of Iowa,1942,1943,['Unspecified'],['Unspecified'],US,US
N00020,Wheaton College,Wheaton College,University of Chicago,University of Chicago,1942,1943,['Unspecified'],['Unspecified'],US,US
N00021,Lingnan University,嶺南大學,Radcliffe College,Radcliffe College,1941,1943,['Unspecified'],['Unspecified'],China,US
N00023,Yenching University,燕京大學,Wellesley College,Wellesley College,1938,1943,['Unspecified'],['Unspecified'],China,US
N00025,Southeast University,東南大學,New York University,New York University,1935,1936,['Unspecified'],['Master'],China,US
N00025,New York University,New York University,Columbia University,Columbia University,1936,1938,['Master'],['Master'],US,US
N00025,Columbia University,Columbia University,New York University,New York University,1938,1939,['Master'],['Doctorate'],US,US
N00026,Southeast University,東南大學,Detroit College of Law,Detroit College of Law,1941,1942,['Unspecified'],['Unspecified'],China,US
N00026,Detroit College of Law,Detroit College of Law,Dartmouth College,Dartmouth College,1942,1943,['Unspecified'],['Unspecified'],US,US
N00027,Tsinghua University,清華大學,University of Illinois,University of Illinois,1941,1943,['Unspecified'],['Unspecified'],China,US
N00028,Jiaotong University,交通大學,University of London,University of London,1935,1939,['Unspecified'],['Master'],China,Other
N00028,University of London,University of London,Massachusetts Institute of Technology,Massachusetts Institute of Technology,1939,1941,['Master'],['Unspecified'],Other,US
N00029,Jiaotong University,交通大學,Harvard University,Harvard University,1936,1942,['Unspecified'],['Master'],China,US
N00030,Massachusetts Institute of Technology,Massachusetts Institute of Technology,University of Colorado,University of Colorado,1941,1942,['Bachelor'],['Unspecified'],US,US
N00031,University of Colorado,University of Colorado,Oxford University,Oxford University,1936,1939,['Unspecified'],['Unspecified'],US,Other
N00031,Oxford University,Oxford University,University of London,University of London,1939,1941,['Unspecified'],['Unspecified'],Other,Other
N00032,Dominican College,Dominican College,University of California,University of California,1940,1942,['Unspecified'],['Unspecified'],US,US
N00032,University of California,University of California,University of Michigan,University of Michigan,1942,1943,['Unspecified'],['Unspecified'],US,US
N00034,Jiaotong University,交通大學,University of London,University of London,1932,1939,['Unspecified'],['Doctorate'],China,Other
N00036,University of Colorado,University of Colorado,University of Illinois,University of Illinois,1942,1943,['Master'],['Unspecified'],US,US
N00039,Yenching University,燕京大學,Columbia University,Columbia University,1938,1940,['Unspecified'],['Unspecified'],China,US
N00040,Fu-jen University,輔仁大學,University of Notre Dame,University of Notre Dame,1932,1941,['Unspecified'],['Master'],China,US
N00040,University of Notre Dame,University of Notre Dame,Syracuse University,Syracuse University,1941,1943,['Master'],['Bachelor'],US,US
N00041,Yenching University,燕京大學,George Williams College,George Williams College,1932,1942,['Unspecified'],['Bachelor'],China,US
N00041,George Williams College,George Williams College,New York University,New York University,1942,1943,['Bachelor'],['Unspecified'],US,US
N00042,Shanghai University,滬江大學,University of Pennsylvania,University of Pennsylvania,1933,1943,['Unspecified'],['Unspecified'],China,US
N00044,Tsinghua University,清華大學,Tokyo Imperial University,東京帝國大學,1933,1936,['Unspecified'],['Unspecified'],China,Other
N00045,Madison College,Madison College,University of Cincinnati,University of Cincinnati,1941,1943,['Bachelor'],['Unspecified'],US,US
N00046,Columbia University,Columbia University,Harvard University,Harvard University,1941,1943,['Unspecified'],['Unspecified'],US,US
N00048,Ginling College,金陵女子文理學院,Yenching University,燕京大學,1928,1932,['Unspecified'],['Unspecified'],China,China
N00048,Yenching University,燕京大學,University of Michigan,University of Michigan,1932,1942,['Unspecified'],['Doctorate'],China,US
N00049,Jinling University,金陵大學,Cornell University,Cornell University,1937,1942,['Unspecified'],['Master'],China,US
N00051,Lingnan University,嶺南大學,Harvard University,Harvard University,1940,1943,['Unspecified'],['Doctorate'],China,US
N00052,Jiaotong University,交通大學,Rensselaer Polytechnic Institute,Rensselaer Polytechnic Institute,1940,1942,['Unspecified'],['Master'],China,US
N00052,Rensselaer Polytechnic Institute,Rensselaer Polytechnic Institute,Brown University,Brown University,1942,1943,['Master'],['Master'],US,US
N00052,Rensselaer Polytechnic Institute,Rensselaer Polytechnic Institute,Massachusetts Institute of Technology,Massachusetts Institute of Technology,1942,1943,['Master'],['Unspecified'],US,US
N00053,Beijing University,北京大學,California Institute of Technology,California Institute of Technology,1934,1938,['Unspecified'],['Master'],China,US
N00053,California Institute of Technology,California Institute of Technology,Stanford University,Stanford University,1938,1941,['Master'],['Doctorate'],US,US
N00054,St. John's University,聖約翰大學,Neurological Institute,Neurological Institute,1936,1943,['Unspecified'],['Unspecified'],China,US
N00055,Tsinghua University,清華大學,Yale University,Yale University,1934,1942,['Unspecified'],['Master'],China,US
N00056,Tsinghua University,清華大學,Columbia University,Columbia University,1932,1943,['Unspecified'],['Unspecified'],China,US
N00060,Qilu University,齊魯大學,College of St. Teresa,College of St. Teresa,1937,1943,['Unspecified'],['Bachelor'],China,US
N00061,Hwa Nan College,華南學院,Northwestern University,Northwestern University,1931,1943,['Unspecified'],['Unspecified'],China,US
N00063,Shanghai University,滬江大學,Columbia University,Columbia University,1936,1938,['Unspecified'],['Unspecified'],China,US
N00064,Shanghai University,滬江大學,George Peabody College,George Peabody College,1931,1942,['Unspecified'],['Bachelor'],China,US
N00065,Beijing University,北京大學,Nankai University,南開大學,1936,1937,['Unspecified'],['Unspecified'],China,China
N00065,Nankai University,南開大學,Columbia University,Columbia University,1937,1943,['Unspecified'],['Unspecified'],China,US
N00067,Yenching University,燕京大學,Peking Union Medical College,協和醫學院,1934,1937,['Unspecified'],['Unspecified'],China,China
N00067,Peking Union Medical College,協和醫學院,University of Minnesota,University of Minnesota,1937,1943,['Unspecified'],['Doctorate'],China,US
N00068,Yenching University,燕京大學,Columbia University,Columbia University,1938,1942,['Unspecified'],['Master'],China,US
N00069,Yenching University,燕京大學,Brown University,Brown University,1941,1943,['Unspecified'],['Bachelor'],China,US
N00069,Yenching University,燕京大學,Massachusetts Institute of Technology,Massachusetts Institute of Technology,1941,1943,['Unspecified'],['Unspecified'],China,US
N00071,Shanghai University,滬江大學,Northwestern University,Northwestern University,1928,1931,['Unspecified'],['Unspecified'],China,US
N00071,Northwestern University,Northwestern University,University of Chicago,University of Chicago,1931,1937,['Unspecified'],['Unspecified'],US,US
N00071,University of Chicago,University of Chicago,Tulane University,Tulane University,1937,1941,['Unspecified'],['Unspecified'],US,US
N00072,Yenching University,燕京大學,Missouri School of Mines & Metals,Missouri School of Mines & Metals,1940,1942,['Unspecified'],['Unspecified'],China,US
N00072,Missouri School of Mines & Metals,Missouri School of Mines & Metals,Columbia University,Columbia University,1942,1943,['Unspecified'],['Unspecified'],US,US
N00073,Guangxi University,廣西大學,Oregon State College,Oregon State College,1937,1941,['Unspecified'],['Master'],China,US
N00073,Oregon State College,Oregon State College,University of Wisconsin,University of Wisconsin,1941,1943,['Master'],['Unspecified'],US,US
N00074,Shanghai University,滬江大學,University of Chicago,University of Chicago,1931,1943,['Unspecified'],['Doctorate'],China,US
N00075,Goucher College,Goucher College,Bryn Mawr College,Bryn Mawr College,1942,1943,['Unspecified'],['Unspecified'],US,US
N00076,California Institute of Technology,California Institute of Technology,University of California,University of California,1938,1943,['Master'],['Unspecified'],US,US
N00077,Southeast University,東南大學,Peking Union Medical College,協和醫學院,1932,1936,['Unspecified'],['Unspecified'],China,China
N00077,Peking Union Medical College,協和醫學院,Johns Hopkins University,Johns Hopkins University,1936,1942,['Unspecified'],['Master'],China,US
N00078,Yenching University,燕京大學,University of London,University of London,1932,1939,['Unspecified'],['Unspecified'],China,Other
N00079,Yenching University,燕京大學,Rutgers University,Rutgers University,1939,1943,['Unspecified'],['Unspecified'],China,US
N00080,Beiyang University,北洋大學,Columbia University,Columbia University,1899,1905,['Unspecified'],['Doctorate'],China,US
N00082,Yenching University,燕京大學,State University of Iowa,State University of Iowa,1934,1942,['Unspecified'],['Master'],China,US
N00082,State University of Iowa,State University of Iowa,University of Chicago,University of Chicago,1942,1943,['Master'],['Unspecified'],US,US
N00083,Zhongshan University,中山大學,University of Southern California,University of Southern California,1930,1939,['Unspecified'],['Master'],China,US
N00084,Shanghai University,滬江大學,University of Pennsylvania,University of Pennsylvania,1920,1942,['Unspecified'],['Master'],China,US
N00086,Jiaotong University,交通大學,New York University,New York University,1936,1943,['Unspecified'],['Unspecified'],China,US
N00092,Tientsin Institute of Commerce,天津工商學院學,Cornell University,Cornell University,1941,1942,['Unspecified'],['Master'],China,US
N00093,Tsinghua University,清華大學,Massachusetts Institute of Technology,Massachusetts Institute of Technology,1940,1943,['Unspecified'],['Unspecified'],China,US
N00094,Central University,中央大學,State University of Iowa,State University of Iowa,1934,1941,['Unspecified'],['Doctorate'],China,US
N00095,China Academy,中國學院,University of London,University of London,1928,1936,['Unspecified'],['Unspecified'],China,Other
N00095,University of London,University of London,University of California,University of California,1936,1942,['Unspecified'],['Master'],Other,US
N00096,Ginling College,金陵女子文理學院,University of California,University of California,1925,1939,['Unspecified'],['Master'],China,US
N00099,Shanghai University,滬江大學,University of Dubuque,University of Dubuque,1940,1942,['Unspecified'],['Bachelor'],China,US
N00099,University of Dubuque,University of Dubuque,University of Chicago,University of Chicago,1942,1943,['Bachelor'],['Unspecified'],US,US
N00101,Yenching University,燕京大學,University of California,University of California,1933,1943,['Unspecified'],['Unspecified'],China,US
N00102,Yenching University,燕京大學,University of Chicago,University of Chicago,1937,1943,['Unspecified'],['Master'],China,US
N00104,Jinling University,金陵大學,Cornell University,Cornell University,1940,1943,['Unspecified'],['Unspecified'],China,US
N00105,Normal University,師範大學,Oxford University,Oxford University,1927,1940,['Unspecified'],['Master'],China,Other
N00105,Oxford University,Oxford University,Princeton University,Princeton University,1940,1943,['Master'],['Unspecified'],Other,US
N00106,Beijing University,北京大學,University of Michigan,University of Michigan,1932,1940,['Unspecified'],['Master'],China,US
N00107,Fudan University,復旦大學,New York University,New York University,1926,1937,['Unspecified'],['Unspecified'],China,US
N00107,New York University,New York University,University of Michigan,University of Michigan,1937,1942,['Unspecified'],['Master'],US,US
N00109,West China Union University,華西協和大學,Syracuse University,Syracuse University,1931,1940,['Unspecified'],['Doctorate'],China,US
N00110,Yenching University,燕京大學,University of Michigan,University of Michigan,1934,1943,['Unspecified'],['Unspecified'],China,US
N00111,Yenching University,燕京大學,Pacific School of Religion,Pacific School of Religion,1935,1941,['Unspecified'],['Master'],China,US
N00112,Beijing University,北京大學,Purdue University,Purdue University,1934,1940,['Unspecified'],['Unspecified'],China,US
N00115,Zhongshan University,中山大學,Emmanuel College,Emmanuel College,1936,1942,['Unspecified'],['Bachelor'],China,US
N00116,Zhijiang University,之江大學,University of Michigan,University of Michigan,1938,1941,['Unspecified'],['Master'],China,US
N00117,Jinan University,暨南大學,University of Michigan,University of Michigan,1938,1940,['Unspecified'],['Unspecified'],China,US
N00117,University of Michigan,University of Michigan,New York University,New York University,1940,1943,['Unspecified'],['Unspecified'],US,US
N00118,Yenching University,燕京大學,University of Michigan,University of Michigan,1936,1943,['Unspecified'],['Unspecified'],China,US
N00121,Beijing University,北京大學,Hartford Seminary Foundation,Hartford Seminary Foundation,1931,1934,['Unspecified'],['Bachelor'],China,US
N00121,Hartford Seminary Foundation,Hartford Seminary Foundation,University of Chicago,University of Chicago,1934,1943,['Bachelor'],['Doctorate'],US,US
N00123,Yenching University,燕京大學,Columbia University,Columbia University,1931,1943,['Unspecified'],['Unspecified'],China,US
N00124,Tsinghua University,清華大學,Harvard University,Harvard University,1936,1943,['Unspecified'],['Unspecified'],China,US
N00126,Yenching University,燕京大學,Harvard University,Harvard University,1932,1941,['Unspecified'],['Master'],China,US
N00127,Jinling University,金陵大學,Syracuse University,Syracuse University,1933,1942,['Unspecified'],['Master'],China,US
N00127,Syracuse University,Syracuse University,Harvard University,Harvard University,1942,1943,['Master'],['Unspecified'],US,US
N00128,Jinling University,金陵大學,University of California,University of California,1939,1943,['Unspecified'],['Unspecified'],China,US
N00129,Shanghai University,滬江大學,University of Washington,University of Washington,1939,1943,['Unspecified'],['Unspecified'],China,US
N00130,Tsinghua University,清華大學,Massachusetts Institute of Technology,Massachusetts Institute of Technology,1940,1943,['Unspecified'],['Unspecified'],China,US
N00133,Lingnan University,嶺南大學,Iowa State College,Iowa State College,1937,1940,['Unspecified'],['Bachelor'],China,US
N00133,Iowa State College,Iowa State College,University of California,University of California,1940,1943,['Bachelor'],['Unspecified'],US,US
N00134,Oberlin College,Oberlin College,Columbia University,Columbia University,1939,1943,['Unspecified'],['Unspecified'],US,US
N00135,Tsinghua University,清華大學,University of Illinois,University of Illinois,1935,1943,['Unspecified'],['Unspecified'],China,US
N00136,Zhongshan University,中山大學,New York University,New York University,1938,1940,['Unspecified'],['Master'],China,US
N00137,Zhongshan University,中山大學,California Institute of Technology,California Institute of Technology,1938,1941,['Unspecified'],['Master'],China,US
N00138,Guanghua University,光華大學,American Conservatory of Music,American Conservatory of Music,1938,1942,['Unspecified'],['Master'],China,US
N00138,American Conservatory of Music,American Conservatory of Music,Northeastern University,Northeastern University,1942,1943,['Master'],['Unspecified'],US,US
N00139,Zhijiang University,之江大學,Sweet Briar College,Sweet Briar College,1939,1943,['Unspecified'],['Unspecified'],China,US
N00141,Jiaotong University,交通大學,University of Toronto,University of Toronto,1937,1941,['Unspecified'],['Master'],China,Other
N00141,University of Toronto,University of Toronto,Massachusetts Institute of Technology,Massachusetts Institute of Technology,1941,1943,['Master'],['Unspecified'],Other,US
N00143,Datong University,大同大學,Worcester Polytechnic Institute,Worcester Polytechnic Institute,1940,1942,['Unspecified'],['Bachelor'],China,US
N00145,Lingnan University,嶺南大學,George Washington University,George Washington University,1930,1939,['Unspecified'],['Master'],China,US
N00145,George Washington University,George Washington University,Hartford Seminary Foundation,Hartford Seminary Foundation,1939,1943,['Master'],['Unspecified'],US,US
N00146,St. John's University,聖約翰大學,University of Michigan,University of Michigan,1940,1941,['Unspecified'],['Bachelor'],China,US
N00147,Oberlin College,Oberlin College,University of Michigan,University of Michigan,1939,1942,['Unspecified'],['Unspecified'],US,US
N00148,Shanghai University,滬江大學,Oberlin College,Oberlin College,1937,1938,['Unspecified'],['Bachelor'],China,US
N00148,Oberlin College,Oberlin College,University of California,University of California,1938,1941,['Bachelor'],['Master'],US,US
N00150,Datong University,大同大學,University of Michigan,University of Michigan,1932,1943,['Unspecified'],['Doctorate'],China,US
N00153,Zhijiang University,之江大學,Virginia Polytechnic Institute,Virginia Polytechnic Institute,1926,1942,['Unspecified'],['Master'],China,US
N00153,Virginia Polytechnic Institute,Virginia Polytechnic Institute,Drew University,Drew University,1942,1943,['Master'],['Unspecified'],US,US
N00155,Purdue University,Purdue University,University of Minnesota,University of Minnesota,1940,1941,['Bachelor'],['Master'],US,US
N00156,Tsinghua University,清華大學,University of Illinois,University of Illinois,1935,1943,['Unspecified'],['Unspecified'],China,US
N00157,Tsinghua University,清華大學,State University of Iowa,State University of Iowa,1937,1942,['Unspecified'],['Master'],China,US
N00159,Tsinghua University,清華大學,University of Wisconsin,University of Wisconsin,1930,1932,['Unspecified'],['Bachelor'],China,US
N00159,University of Wisconsin,University of Wisconsin,University of Missouri,University of Missouri,1932,1933,['Bachelor'],['Master'],US,US
N00159,University of Missouri,University of Missouri,University of Illinois,University of Illinois,1933,1937,['Master'],['Doctorate'],US,US
N00160,Lingnan University,嶺南大學,Columbia University,Columbia University,1927,1943,['Unspecified'],['Master'],China,US
N00161,Jiaotong University,交通大學,Massachusetts Institute of Technology,Massachusetts Institute of Technology,1934,1938,['Unspecified'],['Master'],China,US
N00163,University of Minnesota,University of Minnesota,University of Pennsylvania,University of Pennsylvania,1942,1943,['Unspecified'],['Unspecified'],US,US
N00164,Ginling College,金陵女子文理學院,University of Chicago,University of Chicago,1934,1943,['Unspecified'],['Unspecified'],China,US
N00169,Park College,Park College,George Washington University,George Washington University,1941,1943,['Unspecified'],['Unspecified'],US,US
N00170,Southwest Associated University,西南聯合大學,Vassar College,Vassar College,1941,1943,['Unspecified'],['Unspecified'],China,US
N00171,Tsinghua University,清華大學,Harvard University,Harvard University,1937,1943,['Unspecified'],['Unspecified'],China,US
N00174,North Dakota State College,North Dakota State College,University of Minnesota,University of Minnesota,1940,1941,['Bachelor'],['Unspecified'],US,US
N00174,University of Minnesota,University of Minnesota,University of California,University of California,1941,1942,['Unspecified'],['Unspecified'],US,US
N00180,Nihon University,日本大學,Columbia University,Columbia University,1937,1941,['Unspecified'],['Unspecified'],Other,US
N00181,Lingnan University,嶺南大學,Stanford University,Stanford University,1939,1942,['Unspecified'],['Master'],China,US
N00181,Stanford University,Stanford University,Columbia University,Columbia University,1942,1943,['Master'],['Unspecified'],US,US
N00183,University of Hong Kong,University of Hong Kong,Harvard University,Harvard University,1941,1943,['Unspecified'],['Bachelor'],Other,US
N00183,University of Hong Kong,University of Hong Kong,University of Chicago,University of Chicago,1941,1943,['Unspecified'],['Unspecified'],Other,US
N00185,University of Hong Kong,University of Hong Kong,Massachusetts Institute of Technology,Massachusetts Institute of Technology,1940,1943,['Unspecified'],['Unspecified'],Other,US
N00189,University of Maryland,University of Maryland,Johns Hopkins University,Johns Hopkins University,1934,1943,['Bachelor'],['Unspecified'],US,US
N00192,Beijing University,北京大學,University of Michigan,University of Michigan,1933,1943,['Unspecified'],['Master'],China,US
N00196,Yenching University,燕京大學,New York University,New York University,1933,1943,['Unspecified'],['Unspecified'],China,US
N00197,St. John's University,聖約翰大學,Colorado School of Mines,Colorado School of Mines,1941,1942,['Unspecified'],['Unspecified'],China,US
N00197,Colorado School of Mines,Colorado School of Mines,Massachusetts Institute of Technology,Massachusetts Institute of Technology,1942,1943,['Unspecified'],['Unspecified'],US,US
N00199,St. John's University,聖約翰大學,University of Pennsylvania,University of Pennsylvania,1929,1938,['Unspecified'],['Master'],China,US
N00202,Jinling University,金陵大學,University of Southern California,University of Southern California,1936,1943,['Unspecified'],['Doctorate'],China,US
N00203,Yenching University,燕京大學,Western Reserve University,Western Reserve University,1936,1942,['Unspecified'],['Unspecified'],China,US
N00204,Central Army Military Academy,中央陸軍軍官學校,Royal Military College,Royal Military College,1938,1940,['Unspecified'],['Unspecified'],China,Other
N00204,Royal Military College,Royal Military College,Field Artillery School,Field Artillery School,1940,1942,['Unspecified'],['Unspecified'],Other,US
N00205,Lingnan University,嶺南大學,Pomona College,Pomona College,1926,1940,['Unspecified'],['Bachelor'],China,US
N00205,Pomona College,Pomona College,University of Denver,University of Denver,1940,1943,['Bachelor'],['Unspecified'],US,US
N00206,Yenching University,燕京大學,University of Washington,University of Washington,1941,1942,['Unspecified'],['Unspecified'],China,US
N00206,University of Washington,University of Washington,Princeton University,Princeton University,1942,1943,['Unspecified'],['Unspecified'],US,US
N00207,Westminster Choir College,Westminster Choir College,Juilliard School of Music,Juilliard School of Music,1942,1943,['Bachelor'],['Unspecified'],US,US
N00208,St. John's University,聖約翰大學,Massachusetts Institute of Technology,Massachusetts Institute of Technology,1939,1942,['Unspecified'],['Bachelor'],China,US
N00209,Jiaotong University,交通大學,Harvard University,Harvard University,1938,1939,['Unspecified'],['Master'],China,US
N00210,Northwestern University,Northwestern University,Columbia University,Columbia University,1927,1934,['Bachelor'],['Unspecified'],US,US
N00212,Asbury College,Asbury College,State University of Iowa,State University of Iowa,1941,1943,['Unspecified'],['Unspecified'],US,US
N00213,Madison College,Madison College,Michigan State College,Michigan State College,1940,1941,['Bachelor'],['Master'],US,US
N00213,Michigan State College,Michigan State College,Cornell University,Cornell University,1941,1943,['Master'],['Unspecified'],US,US
N00217,Jinan University,暨南大學,Tri-State College,Tri-State College,1940,1943,['Unspecified'],['Bachelor'],China,US
N00218,Shanghai University,滬江大學,Women's Christian Medical College,Women's Christian Medical College,1930,1935,['Unspecified'],['Doctorate'],China,Other
N00218,Women's Christian Medical College,Women's Christian Medical College,University of Pennsylvania,University of Pennsylvania,1935,1940,['Doctorate'],['Unspecified'],Other,US
N00219,St. John's University,聖約翰大學,State University of Iowa,State University of Iowa,1938,1942,['Unspecified'],['Master'],China,US
N00221,Mercer University,Mercer University,George Washington University,George Washington University,1942,1943,['Unspecified'],['Unspecified'],US,US
N00222,Lingnan University,嶺南大學,Haverford College,Haverford College,1932,1941,['Unspecified'],['Master'],China,US
N00222,Haverford College,Haverford College,Hartford Seminary Foundation,Hartford Seminary Foundation,1941,1942,['Master'],['Unspecified'],US,US
N00225,Qilu University,齊魯大學,Duke University,Duke University,1933,1939,['Unspecified'],['Unspecified'],China,US
N00225,Duke University,Duke University,University of Chicago,University of Chicago,1939,1942,['Unspecified'],['Unspecified'],US,US
N00226,Zhongshan University,中山大學,New York University,New York University,1937,1942,['Unspecified'],['Master'],China,US
N00227,LaSalle College,LaSalle College,Columbia University,Columbia University,1940,1943,['Bachelor'],['Master'],US,US
N00228,Beijing University,北京大學,University of Missouri,University of Missouri,1936,1942,['Bachelor'],['Unspecified'],China,US
N00228,University of Missouri,University of Missouri,Columbia University,Columbia University,1942,1943,['Unspecified'],['Master'],US,US
N00229,Ginling College,金陵女子文理學院,Cornell University,Cornell University,1931,1943,['Unspecified'],['Unspecified'],China,US
N00229,Ginling College,金陵女子文理學院,University of Rochester,University of Rochester,1931,1943,['Unspecified'],['Master'],China,US
N00232,University of California,University of California,Massachusetts Institute of Technology,Massachusetts Institute of Technology,1941,1943,['Bachelor'],['Master'],US,US
N00233,Guanghua University,光華大學,New York University,New York University,1934,1943,['Unspecified'],['Unspecified'],China,US
N00236,Beijing University,北京大學,Columbia University,Columbia University,1930,1940,['Unspecified'],['Unspecified'],China,US
N00238,Jiaotong University,交通大學,Massachusetts Institute of Technology,Massachusetts Institute of Technology,1937,1942,['Unspecified'],['Bachelor'],China,US
N00239,Oberlin College,Oberlin College,University of Wisconsin,University of Wisconsin,1942,1943,['Unspecified'],['Unspecified'],US,US
N00240,Southeast University,東南大學,University of California,University of California,1941,1943,['Unspecified'],['Unspecified'],China,US
N00241,Beloit College,Beloit College,University of Chicago,University of Chicago,1942,1943,['Bachelor'],['Unspecified'],US,US
N00243,Jinling University,金陵大學,Juilliard School of Music,Juilliard School of Music,1928,1939,['Unspecified'],['Unspecified'],China,US
N00243,Juilliard School of Music,Juilliard School of Music,Columbia University,Columbia University,1939,1943,['Unspecified'],['Unspecified'],US,US
N00244,Tri-State College,Tri-State College,Massachusetts Institute of Technology,Massachusetts Institute of Technology,1942,1943,['Bachelor'],['Unspecified'],US,US
N00247,Central University,中央大學,Harvard University,Harvard University,1937,1943,['Unspecified'],['Unspecified'],China,US
N00247,Central University,中央大學,University of Toronto,University of Toronto,1937,1943,['Unspecified'],['Doctorate'],China,Other
N00248,Tsinghua University,清華大學,Massachusetts Institute of Technology,Massachusetts Institute of Technology,1940,1943,['Unspecified'],['Unspecified'],China,US
N00249,Yenching University,燕京大學,College of St. Elisabeth,College of St. Elisabeth,1929,1934,['Unspecified'],['Unspecified'],China,US
N00249,College of St. Elisabeth,College of St. Elisabeth,Catholic University of America,Catholic University of America,1934,1940,['Unspecified'],['Unspecified'],US,US
N00250,Fordham University,Fordham University,Polytechnic Institute of Brooklyn,Polytechnic Institute of Brooklyn,1941,1942,['Bachelor'],['Unspecified'],US,US
N00251,Yenching University,燕京大學,University of Michigan,University of Michigan,1936,1938,['Unspecified'],['Master'],China,US
N00251,University of Michigan,University of Michigan,Georgetown University,Georgetown University,1938,1942,['Master'],['Doctorate'],US,US
N00252,Tsinghua University,清華大學,University of Missouri,University of Missouri,1920,1922,['Unspecified'],['Master'],China,US
N00252,University of Missouri,University of Missouri,Harvard University,Harvard University,1922,1926,['Master'],['Doctorate'],US,US
N00256,University of Hong Kong,University of Hong Kong,New York University,New York University,1938,1941,['Unspecified'],['Master'],Other,US
N00257,Jinling University,金陵大學,University of Chicago,University of Chicago,1938,1941,['Unspecified'],['Unspecified'],China,US
N00257,University of Chicago,University of Chicago,Iowa State College,Iowa State College,1941,1943,['Unspecified'],['Doctorate'],US,US
N00258,Jiaotong University,交通大學,Florida Southern College,Florida Southern College,1940,1943,['Unspecified'],['Bachelor'],China,US
N00258,Jiaotong University,交通大學,University of Michigan,University of Michigan,1940,1943,['Unspecified'],['Unspecified'],China,US
N00260,University of Hong Kong,University of Hong Kong,Harvard University,Harvard University,1939,1943,['Unspecified'],['Unspecified'],Other,US
N00260,University of Hong Kong,University of Hong Kong,Massachusetts Institute of Technology,Massachusetts Institute of Technology,1939,1943,['Unspecified'],['Bachelor'],Other,US
N00262,Zhongshan University,中山大學,University of Hawaii,University of Hawaii,1938,1940,['Unspecified'],['Unspecified'],China,US
N00262,University of Hawaii,University of Hawaii,University of California,University of California,1940,1943,['Unspecified'],['Unspecified'],US,US
N00264,Tsinghua University,清華大學,Georgetown University,Georgetown University,1939,1943,['Unspecified'],['Unspecified'],China,US
N00265,University of Hong Kong,University of Hong Kong,Penn State College,Penn State College,1940,1942,['Unspecified'],['Bachelor'],Other,US
N00265,Penn State College,Penn State College,Massachusetts Institute of Technology,Massachusetts Institute of Technology,1942,1943,['Bachelor'],['Unspecified'],US,US
N00266,Fujian Union University,福建協和大學,Dickinson College,Dickinson College,1929,1940,['Unspecified'],['Bachelor'],China,US
N00266,Dickinson College,Dickinson College,Penn State College,Penn State College,1940,1943,['Bachelor'],['Unspecified'],US,US
N00267,University of British Columbia,University of British Columbia,University of Michigan,University of Michigan,1939,1942,['Unspecified'],['Bachelor'],Other,US
N00267,University of Michigan,University of Michigan,Columbia University,Columbia University,1942,1943,['Bachelor'],['Unspecified'],US,US
N00270,Yenching University,燕京大學,University of Tennessee,University of Tennessee,1932,1941,['Unspecified'],['Master'],China,US
N00270,University of Tennessee,University of Tennessee,University of Illinois,University of Illinois,1941,1943,['Master'],['Unspecified'],US,US
N00271,Zhongshan University,中山大學,Stanford University,Stanford University,1937,1938,['Unspecified'],['Master'],China,US
N00276,Cornell University,Cornell University,Michigan State College,Michigan State College,1941,1943,['Unspecified'],['Bachelor'],US,US
N00277,Drexel Institute of Technology,Drexel Institute of Technology,University of Pennsylvania,University of Pennsylvania,1939,1943,['Bachelor'],['Unspecified'],US,US
N00278,Stanford University,Stanford University,Lehigh University,Lehigh University,1938,1943,"['Bachelor', 'Master']",['Unspecified'],US,US
N00279,Yenching University,燕京大學,University of Missouri,University of Missouri,1935,1938,['Unspecified'],['Master'],China,US
N00279,University of Missouri,University of Missouri,University of California,University of California,1938,1943,['Master'],['Unspecified'],US,US
N00280,Ohio State University,Ohio State University,University of Michigan,University of Michigan,1938,1943,['Unspecified'],['Bachelor'],US,US
N00282,University of Hong Kong,University of Hong Kong,Central Institute for Deaf,Central Institute for Deaf,1928,1943,['Unspecified'],['Unspecified'],Other,US
N00283,University of Hong Kong,University of Hong Kong,New York University,New York University,1940,1943,['Unspecified'],['Unspecified'],Other,US
N00286,St. John's University,聖約翰大學,University of Michigan,University of Michigan,1937,1941,['Unspecified'],['Master'],China,US
N00287,St. John's University,聖約翰大學,Massachusetts Institute of Technology,Massachusetts Institute of Technology,1919,1922,['Unspecified'],['Unspecified'],China,US
N00288,Tientsin Institute of Commerce,天津工商學院學,University of Detroit,University of Detroit,1939,1942,['Unspecified'],['Unspecified'],China,US
N00288,University of Detroit,University of Detroit,New York University,New York University,1942,1943,['Unspecified'],['Unspecified'],US,US
N00290,Ginling College,金陵女子文理學院,Smith College,Smith College,1931,1939,['Unspecified'],['Master'],China,US
N00290,Smith College,Smith College,New School For Social Research,New School For Social Research,1939,1944,['Master'],['Doctorate'],US,US
N00293,Tsinghua University,清華大學,Cornell University,Cornell University,1937,1940,['Unspecified'],['Bachelor'],China,US
N00293,Cornell University,Cornell University,Harvard University,Harvard University,1940,1942,['Bachelor'],['Master'],US,US
N00294,Manhattan College,Manhattan College,Harvard University,Harvard University,1941,1943,['Bachelor'],['Unspecified'],US,US
N00295,University of Illinois,University of Illinois,Northwestern University,Northwestern University,1924,1943,['Unspecified'],['Unspecified'],US,US
N00296,Lingnan University,嶺南大學,University of Pennsylvania,University of Pennsylvania,1938,1942,['Unspecified'],['Bachelor'],China,US
N00297,University of Hawaii,University of Hawaii,Massachusetts Institute of Technology,Massachusetts Institute of Technology,1940,1942,['Unspecified'],['Bachelor'],US,US
N00299,Washington & Jefferson College,Washington & Jefferson College,Stanford University,Stanford University,1939,1942,['Bachelor'],['Master'],US,US
N00300,De La Salle College,De La Salle College,Harvard University,Harvard University,1940,1942,['Bachelor'],['Master'],Other,US
N00303,Lingnan University,嶺南大學,Massachusetts Institute of Technology,Massachusetts Institute of Technology,1940,1943,['Unspecified'],['Unspecified'],China,US
N00303,Lingnan University,嶺南大學,University of California,University of California,1940,1943,['Unspecified'],['Unspecified'],China,US
N00304,Shanghai University,滬江大學,University of California,University of California,1936,1943,['Unspecified'],['Unspecified'],China,US
N00305,Lingnan University,嶺南大學,Massachusetts Institute of Technology,Massachusetts Institute of Technology,1940,1943,['Unspecified'],['Unspecified'],China,US
N00305,Lingnan University,嶺南大學,Mills College,Mills College,1940,1943,['Unspecified'],['Unspecified'],China,US
N00313,St. John's University,聖約翰大學,New York University,New York University,1937,1943,['Unspecified'],['Unspecified'],China,US
N00314,University of Wisconsin,University of Wisconsin,Tufts College,Tufts College,1941,1943,['Unspecified'],['Unspecified'],US,US
N00320,St. John's University,聖約翰大學,Purdue University,Purdue University,1937,1941,['Unspecified'],['Bachelor'],China,US
N00321,Shanghai University,滬江大學,George Peabody College,George Peabody College,1941,1943,['Unspecified'],['Unspecified'],China,US
N00324,New York University,New York University,Columbia University,Columbia University,1940,1941,['Bachelor'],['Master'],US,US
N00326,Southeast University,東南大學,Peking Union Medical College,協和醫學院,1925,1930,['Unspecified'],['Unspecified'],China,China
N00326,Peking Union Medical College,協和醫學院,Northwestern University,Northwestern University,1930,1943,['Unspecified'],['Unspecified'],China,US
N00327,Lingnan University,嶺南大學,Penn State College,Penn State College,1940,1942,['Unspecified'],['Bachelor'],China,US
N00327,Penn State College,Penn State College,Cornell University,Cornell University,1942,1943,['Bachelor'],['Unspecified'],US,US
N00328,Jiaotong University,交通大學,Purdue University,Purdue University,1938,1941,['Unspecified'],['Bachelor'],China,US
N00331,Tsinghua University,清華大學,Massachusetts Institute of Technology,Massachusetts Institute of Technology,1939,1943,['Unspecified'],['Unspecified'],China,US
N00333,Jiaotong University,交通大學,Purdue University,Purdue University,1939,1940,['Unspecified'],['Master'],China,US
N00336,Yenching University,燕京大學,Mills College,Mills College,1935,1938,['Unspecified'],['Master'],China,US
N00336,Mills College,Mills College,University of Michigan,University of Michigan,1938,1943,['Master'],['Unspecified'],US,US
N00337,Zhejiang University,浙江大學,Massachusetts Institute of Technology,Massachusetts Institute of Technology,1936,1939,['Unspecified'],['Bachelor'],China,US
N00338,Jiaotong University,交通大學,Massachusetts Institute of Technology,Massachusetts Institute of Technology,1939,1942,['Unspecified'],['Master'],China,US
N00339,St. John's University,聖約翰大學,Purdue University,Purdue University,1933,1934,['Unspecified'],['Unspecified'],China,US
N00339,Purdue University,Purdue University,Massachusetts Institute of Technology,Massachusetts Institute of Technology,1934,1938,['Unspecified'],['Unspecified'],US,US
N00340,Yenching University,燕京大學,Cambridge University,Cambridge University,1935,1940,['Unspecified'],['Doctorate'],China,Other
N00341,Wellesley College,Wellesley College,Radcliffe College,Radcliffe College,1941,1942,['Unspecified'],['Master'],US,US
N00344,St. John's University,聖約翰大學,Harvard University,Harvard University,1939,1943,['Unspecified'],['Master'],China,US
N00345,New York University,New York University,Harvard University,Harvard University,1941,1943,['Bachelor'],['Master'],US,US
N00346,Cornell University,Cornell University,Massachusetts Institute of Technology,Massachusetts Institute of Technology,1937,1943,['Bachelor'],['Master'],US,US
N00348,Jinling University,金陵大學,Harvard University,Harvard University,1932,1942,['Unspecified'],['Master'],China,US
N00349,Guanghua University,光華大學,Harvard University,Harvard University,1941,1943,['Unspecified'],['Unspecified'],China,US
N00349,Guanghua University,光華大學,University of Pennsylvania,University of Pennsylvania,1941,1943,['Unspecified'],['Master'],China,US
N00350,Armour Institute of Technology,Armour Institute of Technology,University of Cincinnati,University of Cincinnati,1938,1943,['Bachelor'],['Unspecified'],US,US
N00352,Shanghai University,滬江大學,University of Chicago,University of Chicago,1937,1940,['Unspecified'],['Master'],China,US
N00353,Taxation College,稅務專門學校,University of Chicago,University of Chicago,1935,1943,['Unspecified'],['Unspecified'],China,US
N00353,Taxation College,稅務專門學校,University of Wisconsin,University of Wisconsin,1935,1943,['Unspecified'],['Master'],China,US
N00354,Zhijiang University,之江大學,Ohio State University,Ohio State University,1934,1941,['Unspecified'],['Master'],China,US
N00355,Tsinghua University,清華大學,University of London,University of London,1930,1937,['Unspecified'],['Unspecified'],China,Other
N00356,Lingnan University,嶺南大學,Kansas State College,Kansas State College,1929,1936,['Unspecified'],['Bachelor'],China,US
N00356,Kansas State College,Kansas State College,Art Institute of Chicago,Art Institute of Chicago,1936,1943,['Bachelor'],['Bachelor'],US,US
N00358,Southeast University,東南大學,Harvard University,Harvard University,1935,1943,['Unspecified'],['Unspecified'],China,US
N00360,St. John's University,聖約翰大學,University of Pennsylvania,University of Pennsylvania,1934,1936,['Unspecified'],['Master'],China,US
N00362,University of the Philippines,University of the Philippines,Mapúa Institute of Technology,Mapúa Institute of Technology,1937,1939,['Bachelor'],['Bachelor'],Other,Other
N00362,Mapúa Institute of Technology,Mapúa Institute of Technology,California Institute of Technology,California Institute of Technology,1939,1942,['Bachelor'],['Master'],Other,US
N00363,St. John's University,聖約翰大學,University of Michigan,University of Michigan,1939,1941,['Unspecified'],['Unspecified'],China,US
N00366,St. John's University,聖約翰大學,Purdue University,Purdue University,1935,1943,['Unspecified'],['Unspecified'],China,US
N00369,Jiaotong University,交通大學,University of Illinois,University of Illinois,1922,1943,['Unspecified'],['Unspecified'],China,US
N00370,China College University Department,中國公學大學部,University of Hawaii,University of Hawaii,1922,1935,['Unspecified'],['Bachelor'],China,US
N00374,Central University,中央大學,University of California,University of California,1930,1940,['Unspecified'],['Doctorate'],China,US
N00377,University of Hawaii,University of Hawaii,Harvard University,Harvard University,1941,1943,['Bachelor'],['Unspecified'],US,US
N00379,Nankai University,南開大學,University of Washington,University of Washington,1931,1938,['Unspecified'],['Master'],China,US
N00380,University of Hong Kong,University of Hong Kong,Cornell University,Cornell University,1939,1943,['Unspecified'],['Bachelor'],Other,US
N00381,Jinling University,金陵大學,Harvard University,Harvard University,1940,1943,['Unspecified'],['Unspecified'],China,US
N00382,St. John's University,聖約翰大學,Columbia University,Columbia University,1919,1926,['Unspecified'],['Unspecified'],China,US
N00385,Ginling College,金陵女子文理學院,Oregon State College,Oregon State College,1936,1940,['Unspecified'],['Master'],China,US
N00385,Oregon State College,Oregon State College,University of Wisconsin,University of Wisconsin,1940,1943,['Master'],['Unspecified'],US,US
N00388,Fudan University,復旦大學,University College,University College,1937,1942,['Unspecified'],['Bachelor'],China,Other
N00389,Lingnan University,嶺南大學,Rockford College,Rockford College,1941,1942,['Unspecified'],['Bachelor'],China,US
N00389,Rockford College,Rockford College,Northwestern University,Northwestern University,1942,1943,['Bachelor'],['Unspecified'],US,US
N00390,Beijing University,北京大學,University of Chicago,University of Chicago,1935,1942,['Unspecified'],['Unspecified'],China,US
N00393,University of Chicago,University of Chicago,New York University,New York University,1935,1941,['Bachelor'],['Master'],US,US
N00396,Tsinghua University,清華大學,Massachusetts Institute of Technology,Massachusetts Institute of Technology,1935,1943,['Unspecified'],['Unspecified'],China,US
N00397,Mount Mary College,Mount Mary College,Catholic University of America,Catholic University of America,1940,1941,['Unspecified'],['Unspecified'],US,US
N00399,Jinan University,暨南大學,Albion College,Albion College,1936,1938,['Unspecified'],['Unspecified'],China,US
N00399,Albion College,Albion College,Olivet College,Olivet College,1938,1942,['Unspecified'],['Unspecified'],US,US
N00401,Santa Barbara State College,Santa Barbara State College,Stanford University,Stanford University,1941,1943,['Bachelor'],['Unspecified'],US,US
N00404,Central University,中央大學,Wellesley College,Wellesley College,1938,1943,['Unspecified'],['Unspecified'],China,US
N00408,Jinling University,金陵大學,University of Minnesota,University of Minnesota,1939,1941,['Unspecified'],['Master'],China,US
N00409,Fudan University,復旦大學,University of Michigan,University of Michigan,1935,1942,['Unspecified'],['Master'],China,US
N00410,Lingnan University,嶺南大學,University of Washington,University of Washington,1940,1942,['Unspecified'],['Unspecified'],China,US
N00413,Nankai University,南開大學,University of Pennsylvania,University of Pennsylvania,1934,1940,['Unspecified'],['Master'],China,US
N00413,University of Pennsylvania,University of Pennsylvania,Louisiana State University,Louisiana State University,1940,1943,['Master'],['Unspecified'],US,US
N00414,Shanghai University,滬江大學,Purdue University,Purdue University,1939,1941,['Unspecified'],['Master'],China,US
N00415,Zhongshan University,中山大學,University of Illinois,University of Illinois,1937,1940,['Unspecified'],['Master'],China,US
N00415,University of Illinois,University of Illinois,University of Cincinnati,University of Cincinnati,1940,1943,['Master'],['Unspecified'],US,US
N00417,Lingnan University,嶺南大學,Massachusetts Institute of Technology,Massachusetts Institute of Technology,1940,1941,['Unspecified'],['Master'],China,US
N00417,Massachusetts Institute of Technology,Massachusetts Institute of Technology,University of Illinois,University of Illinois,1941,1943,['Master'],['Doctorate'],US,US
N00418,Lingnan University,嶺南大學,University of Michigan,University of Michigan,1934,1936,['Unspecified'],['Bachelor'],China,US
N00419,Shanghai University,滬江大學,Mount Holyoke College,Mount Holyoke College,1939,1941,['Unspecified'],['Bachelor'],China,US
N00419,Mount Holyoke College,Mount Holyoke College,University of North Carolina,University of North Carolina,1941,1942,['Bachelor'],['Unspecified'],US,US
N00420,Jinling University,金陵大學,University of Minnesota,University of Minnesota,1938,1943,['Unspecified'],['Unspecified'],China,US
N00421,Columbia University,Columbia University,University of Missouri,University of Missouri,1927,1932,['Unspecified'],['Bachelor'],US,US
N00422,Yenching University,燕京大學,Harvard University,Harvard University,1928,1930,['Unspecified'],['Master'],China,US
N00424,St. John's University,聖約翰大學,New York University,New York University,1937,1942,['Unspecified'],['Master'],China,US
N00424,New York University,New York University,Harvard University,Harvard University,1942,1943,['Master'],['Unspecified'],US,US
N00426,University of Notre Dame,University of Notre Dame,University of Chicago,University of Chicago,1941,1943,['Bachelor'],['Unspecified'],US,US
N00427,Southeast University,東南大學,Indiana University,Indiana University,1940,1941,['Unspecified'],['Doctorate'],China,US
N00427,Indiana University,Indiana University,Radcliffe College,Radcliffe College,1941,1943,['Doctorate'],['Unspecified'],US,US
N00428,St. John's University,聖約翰大學,St. Louis University,St. Louis University,1942,1943,['Unspecified'],['Doctorate'],China,US
N00431,Fujian Union University,福建協和大學,St. John's University,聖約翰大學,1929,1934,['Unspecified'],['Doctorate'],China,China
N00431,St. John's University,聖約翰大學,University of Minnesota,University of Minnesota,1934,1943,['Doctorate'],['Master'],China,US
N00434,Zhongshan University,中山大學,University of Michigan,University of Michigan,1937,1940,['Unspecified'],['Bachelor'],China,US
N00434,University of Michigan,University of Michigan,Purdue University,Purdue University,1940,1941,['Bachelor'],['Unspecified'],US,US
N00436,Lingnan University,嶺南大學,Kansas State College,Kansas State College,1935,1941,['Unspecified'],['Master'],China,US
N00436,Kansas State College,Kansas State College,Columbia University,Columbia University,1941,1943,['Master'],['Unspecified'],US,US
N00437,University of Michigan,University of Michigan,Harvard University,Harvard University,1939,1941,['Bachelor'],['Master'],US,US
N00439,Central Political School,中央政治學校,University of Washington,University of Washington,1938,1943,['Unspecified'],['Unspecified'],China,US
N00440,Yenching University,燕京大學,Harvard University,Harvard University,1935,1943,['Unspecified'],['Unspecified'],China,US
N00441,Creighton University,Creighton University,University of California,University of California,1935,1937,['Bachelor'],['Unspecified'],US,US
N00442,St. John's University,聖約翰大學,University of Michigan,University of Michigan,1940,1941,['Unspecified'],['Master'],China,US
N00443,Jiaotong University,交通大學,Massachusetts Institute of Technology,Massachusetts Institute of Technology,1941,1943,['Unspecified'],['Unspecified'],China,US
N00444,University of California,University of California,University of Washington,University of Washington,1940,1943,['Unspecified'],['Unspecified'],US,US
N00445,Jiaotong University,交通大學,Massachusetts Institute of Technology,Massachusetts Institute of Technology,1940,1942,['Unspecified'],['Unspecified'],China,US
N00446,Jiaotong University,交通大學,New School For Social Research,New School For Social Research,1931,1935,['Unspecified'],['Unspecified'],China,US
N00446,Jiaotong University,交通大學,New York University,New York University,1931,1935,['Unspecified'],['Doctorate'],China,US
N00447,University of Michigan,University of Michigan,University of Chicago,University of Chicago,1938,1942,['Master'],['Doctorate'],US,US
N00451,Central Political School,中央政治學校,Louisiana State University,Louisiana State University,1933,1942,['Unspecified'],['Master'],China,US
N00452,Jiaotong University,交通大學,University of Michigan,University of Michigan,1934,1940,['Unspecified'],['Master'],China,US
N00457,Datong University,大同大學,St. John's Hospital,St. John's Hospital,1928,1942,['Unspecified'],['Unspecified'],China,China
N00459,St. John's University,聖約翰大學,Purdue University,Purdue University,1941,1943,['Unspecified'],['Unspecified'],China,US
N00461,North Dakota State College,North Dakota State College,College of the Pacific,College of the Pacific,1939,1943,['Bachelor'],['Master'],US,US
N00466,University of Arizona,University of Arizona,University of California,University of California,1942,1943,['Bachelor'],['Unspecified'],US,US
N00466,University of Arizona,University of Arizona,University of Michigan,University of Michigan,1942,1943,['Bachelor'],['Unspecified'],US,US
N00467,Fudan University,復旦大學,University of Illinois,University of Illinois,1927,1943,['Unspecified'],['Doctorate'],China,US
N00468,Peiping Minguo University,北平民國大學,Tokyo University of Commerce,東京商科大學,1933,1937,['Unspecified'],['Unspecified'],China,Other
N00469,Aurora University,震旦大學,International University,International University,1930,1937,['Unspecified'],['Master'],China,Other
N00469,International University,International University,Loyola University,Loyola University,1937,1943,['Master'],['Unspecified'],Other,US
N00471,Yenching University,燕京大學,University of California,University of California,1935,1940,['Unspecified'],['Master'],China,US
N00471,University of California,University of California,Columbia University,Columbia University,1940,1942,['Master'],['Doctorate'],US,US
N00474,Aurora University,震旦大學,Catholic University of America,Catholic University of America,1935,1940,['Unspecified'],['Master'],China,US
N00474,Catholic University of America,Catholic University of America,Loyola University,Loyola University,1940,1943,['Master'],['Unspecified'],US,US
N00475,Yenching University,燕京大學,Tsinghua University,清華大學,1936,1937,['Unspecified'],['Unspecified'],China,China
N00477,Central University,中央大學,University of Edinburgh,University of Edinburgh,1936,1940,['Unspecified'],['Master'],China,Other
N00481,Wellesley College,Wellesley College,University of Michigan,University of Michigan,1931,1939,['Bachelor'],['Doctorate'],US,US
N00481,University of Michigan,University of Michigan,Texas Technical College,Texas Technical College,1939,1943,['Doctorate'],['Unspecified'],US,US
N00483,University of Colorado,University of Colorado,Cornell University,Cornell University,1942,1943,['Bachelor'],['Unspecified'],US,US
N00483,University of Colorado,University of Colorado,Massachusetts Institute of Technology,Massachusetts Institute of Technology,1942,1943,['Bachelor'],['Unspecified'],US,US
N00484,Tsinghua University,清華大學,Massachusetts Institute of Technology,Massachusetts Institute of Technology,1938,1943,['Unspecified'],['Unspecified'],China,US
N00485,Zhijiang University,之江大學,California Institute of Technology,California Institute of Technology,1936,1943,['Unspecified'],['Master'],China,US
N00488,University of Santo Tomas,University of Santo Tomas,Colorado School of Mines,Colorado School of Mines,1939,1943,['Bachelor'],['Master'],Other,US
N00490,Yenching University,燕京大學,Penn State College,Penn State College,1934,1939,['Unspecified'],['Doctorate'],China,US
N00493,Hwa Nan College,華南學院,Morningside Conservatory of Music,Morningside Conservatory of Music,1937,1940,['Unspecified'],['Bachelor'],China,US
N00493,Morningside Conservatory of Music,Morningside Conservatory of Music,Westminster Choir College,Westminster Choir College,1940,1943,['Bachelor'],['Unspecified'],US,US
N00495,Jiaotong University,交通大學,University of Illinois,University of Illinois,1928,1943,['Unspecified'],['Unspecified'],China,US
N00497,Tsinghua University,清華大學,University of Toronto,University of Toronto,1937,1941,['Unspecified'],['Master'],China,Other
N00497,University of Toronto,University of Toronto,California Institute of Technology,California Institute of Technology,1941,1943,['Master'],['Unspecified'],Other,US
N00499,University of Hawaii,University of Hawaii,Purdue University,Purdue University,1941,1943,['Unspecified'],['Unspecified'],US,US
N00500,Foochow College,福州學院,Forest Park University,Forest Park University,1909,1911,['Unspecified'],['Master'],China,US
N00500,Forest Park University,Forest Park University,University of Illinois,University of Illinois,1911,1915,['Master'],['Doctorate'],US,US
N00501,Fujian Union University,福建協和大學,Oberlin College,Oberlin College,1926,1932,['Unspecified'],['Unspecified'],China,US
N00501,Oberlin College,Oberlin College,University of Chicago,University of Chicago,1932,1935,['Unspecified'],['Doctorate'],US,US
N00501,Oberlin College,Oberlin College,Yale University,Yale University,1932,1935,['Unspecified'],['Unspecified'],US,US
N00507,Tsinghua University,清華大學,University of Wisconsin,University of Wisconsin,1937,1940,['Unspecified'],['Bachelor'],China,US
N00507,University of Wisconsin,University of Wisconsin,Columbia University,Columbia University,1940,1942,['Bachelor'],['Master'],US,US
N00507,Columbia University,Columbia University,Yale University,Yale University,1942,1943,['Master'],['Unspecified'],US,US
N00510,Jinling University,金陵大學,McGill University,McGill University,1940,1942,['Unspecified'],['Master'],China,Other
N00514,Oberlin College,Oberlin College,Michigan State College,Michigan State College,1935,1942,['Unspecified'],['Master'],US,US
N00518,Shanghai University,滬江大學,Southwestern Seminary,Southwestern Seminary,1935,1941,['Unspecified'],['Unspecified'],China,US
N00518,Southwestern Seminary,Southwestern Seminary,George Peabody College,George Peabody College,1941,1942,['Unspecified'],['Unspecified'],US,US
N00518,George Peabody College,George Peabody College,University of Colorado,University of Colorado,1942,1943,['Unspecified'],['Unspecified'],US,US
N00520,Tsinghua University,清華大學,Massachusetts Institute of Technology,Massachusetts Institute of Technology,1940,1943,['Unspecified'],['Master'],China,US
N00521,Jiaotong University,交通大學,Purdue University,Purdue University,1939,1940,['Unspecified'],['Master'],China,US
N00522,Tsinghua University,清華大學,Massachusetts Institute of Technology,Massachusetts Institute of Technology,1936,1939,['Unspecified'],['Master'],China,US
N00523,Central University,中央大學,Cambridge University,Cambridge University,1937,1941,['Unspecified'],['Bachelor'],China,Other
N00524,Beijing University,北京大學,Oregon State College,Oregon State College,1936,1943,['Unspecified'],['Unspecified'],China,US
N00525,Jiaotong University,交通大學,Cornell University,Cornell University,1939,1943,['Unspecified'],['Unspecified'],China,US
N00525,Jiaotong University,交通大學,University of Pennsylvania,University of Pennsylvania,1939,1943,['Unspecified'],['Master'],China,US
N00528,St. John's University,聖約翰大學,University of California,University of California,1938,1942,['Unspecified'],['Master'],China,US
N00528,University of California,University of California,University of Michigan,University of Michigan,1942,1943,['Master'],['Unspecified'],US,US
N00530,University of Detroit,University of Detroit,University of Michigan,University of Michigan,1940,1942,['Bachelor'],['Master'],US,US
N00531,Tsinghua University,清華大學,University of Michigan,University of Michigan,1939,1940,['Unspecified'],['Master'],China,US
N00532,Jinling University,金陵大學,University of California,University of California,1930,1936,['Unspecified'],['Master'],China,US
N00532,University of California,University of California,University of Chicago,University of Chicago,1936,1943,['Master'],['Unspecified'],US,US
N00533,West China University,華西大學,Syracuse University,Syracuse University,1935,1937,['Unspecified'],['Master'],China,US
N00533,Syracuse University,Syracuse University,Columbia University,Columbia University,1937,1943,['Master'],['Unspecified'],US,US
N00536,Fudan University,復旦大學,Cornell University,Cornell University,1941,1943,['Unspecified'],['Master'],China,US
N00537,Tsinghua University,清華大學,University of Michigan,University of Michigan,1940,1942,['Unspecified'],['Master'],China,US
N00538,Tsinghua University,清華大學,University of Michigan,University of Michigan,1940,1943,['Unspecified'],['Unspecified'],China,US
N00539,Fu-jen University,輔仁大學,University of Washington,University of Washington,1941,1942,['Unspecified'],['Unspecified'],China,US
N00539,University of Washington,University of Washington,Columbia University,Columbia University,1942,1943,['Unspecified'],['Unspecified'],US,US
N00540,Beijing University,北京大學,Columbia University,Columbia University,1932,1943,['Unspecified'],['Unspecified'],China,US
N00541,Nankai University,南開大學,Harvard University,Harvard University,1940,1943,['Unspecified'],"['Master', 'Unspecified']",China,US
N00542,Yenching University,燕京大學,Columbia University,Columbia University,1940,1943,['Unspecified'],['Unspecified'],China,US
N00542,Yenching University,燕京大學,University of Wisconsin,University of Wisconsin,1940,1943,['Unspecified'],['Unspecified'],China,US
N00545,University of California,University of California,University of Minnesota,University of Minnesota,1930,1940,['Bachelor'],['Master'],US,US
N00546,St. John's University,聖約翰大學,University of Michigan,University of Michigan,1940,1941,['Unspecified'],['Master'],China,US
N00548,University of Hong Kong,University of Hong Kong,University of California,University of California,1940,1943,['Unspecified'],['Bachelor'],Other,US
N00550,Southwest Associated University,西南聯合大學,Cornell University,Cornell University,1938,1942,['Unspecified'],['Bachelor'],China,US
N00553,Yenching University,燕京大學,Columbia University,Columbia University,1937,1940,['Unspecified'],['Master'],China,US
N00553,Columbia University,Columbia University,University of Chicago,University of Chicago,1940,1943,['Master'],['Unspecified'],US,US
N00554,Yenching University,燕京大學,Columbia University,Columbia University,1938,1940,['Unspecified'],['Master'],China,US
N00555,Jiaotong University,交通大學,University of Michigan,University of Michigan,1940,1941,['Unspecified'],['Master'],China,US
N00556,Tsinghua University,清華大學,Zhejiang University,浙江大學,1938,1942,['Unspecified'],['Unspecified'],China,China
N00556,Zhejiang University,浙江大學,University of California,University of California,1942,1943,['Unspecified'],['Unspecified'],China,US
N00557,Jinan University,暨南大學,University of Michigan,University of Michigan,1938,1940,['Unspecified'],['Master'],China,US
N00557,University of Michigan,University of Michigan,University of Southern California,University of Southern California,1940,1943,['Master'],['Unspecified'],US,US
N00558,Tsinghua University,清華大學,California Institute of Technology,California Institute of Technology,1936,1943,['Unspecified'],['Unspecified'],China,US
N00558,Tsinghua University,清華大學,Institute for Advanced Study,Institute for Advanced Study,1936,1943,['Unspecified'],['Unspecified'],China,US
N00560,Shanghai University,滬江大學,Florida Southern College,Florida Southern College,1938,1943,['Unspecified'],['Bachelor'],China,US
N00560,Shanghai University,滬江大學,University of Michigan,University of Michigan,1938,1943,['Unspecified'],['Unspecified'],China,US
N00561,Jiaotong University,交通大學,Rensselaer Polytechnic Institute,Rensselaer Polytechnic Institute,1939,1940,['Unspecified'],['Master'],China,US
N00561,Rensselaer Polytechnic Institute,Rensselaer Polytechnic Institute,California Institute of Technology,California Institute of Technology,1940,1942,['Master'],['Unspecified'],US,US
N00561,Rensselaer Polytechnic Institute,Rensselaer Polytechnic Institute,Massachusetts Institute of Technology,Massachusetts Institute of Technology,1940,1942,['Master'],['Doctorate'],US,US
N00562,Zhijiang University,之江大學,University of Michigan,University of Michigan,1940,1942,['Unspecified'],['Master'],China,US
N00562,University of Michigan,University of Michigan,University of Illinois,University of Illinois,1942,1943,['Master'],['Unspecified'],US,US
N00563,Lingnan University,嶺南大學,Harvard University,Harvard University,1941,1943,['Unspecified'],['Unspecified'],China,US
N00569,Wheaton College,Wheaton College,State University of Iowa,State University of Iowa,1942,1943,['Unspecified'],['Unspecified'],US,US
N00570,Goucher College,Goucher College,University of Chicago,University of Chicago,1942,1943,['Bachelor'],['Unspecified'],US,US
N00571,Central University,中央大學,Columbia University,Columbia University,1929,1934,['Unspecified'],['Master'],China,US
N00572,Tsinghua University,清華大學,University of Minnesota,University of Minnesota,1935,1943,['Unspecified'],['Unspecified'],China,US
N00574,Tsinghua University,清華大學,Massachusetts Institute of Technology,Massachusetts Institute of Technology,1912,1917,['Unspecified'],['Unspecified'],China,US
N00574,Massachusetts Institute of Technology,Massachusetts Institute of Technology,Columbia University,Columbia University,1917,1921,['Unspecified'],['Doctorate'],US,US
N00575,Zhijiang University,之江大學,University of Colorado,University of Colorado,1937,1938,['Unspecified'],['Unspecified'],China,US
N00575,University of Colorado,University of Colorado,Montana State College,Montana State College,1938,1943,['Unspecified'],['Unspecified'],US,US
N00577,Catholic University of America,Catholic University of America,Western Maryland College,Western Maryland College,1940,1943,['Unspecified'],['Unspecified'],US,US
N00579,Shanghai University,滬江大學,Columbia University,Columbia University,1932,1940,['Unspecified'],['Unspecified'],China,US
N00580,Jiaotong University,交通大學,California Institute of Technology,California Institute of Technology,1936,1941,['Unspecified'],['Master'],China,US
N00581,Yenching University,燕京大學,American National University,NationaI University,1939,1940,['Unspecified'],['Master'],China,US
N00581,American National University,NationaI University,New York University,New York University,1940,1943,['Master'],['Unspecified'],US,US
N00583,Jiaotong University,交通大學,Purdue University,Purdue University,1935,1940,['Unspecified'],['Master'],China,US
N00584,Yenching University,燕京大學,Harvard University,Harvard University,1937,1943,['Unspecified'],['Unspecified'],China,US
N00585,University of London,University of London,Purdue University,Purdue University,1940,1942,['Unspecified'],['Bachelor'],Other,US
N00586,Manchester University,Manchester University,North Carolina State College,North Carolina State College,1939,1942,['Unspecified'],['Bachelor'],US,US
N00587,Tianjin Industrial and Commercial College,天津工商學院,University of Michigan,University of Michigan,1938,1942,['Unspecified'],['Master'],China,US
N00588,Yenching University,燕京大學,University of Pennsylvania,University of Pennsylvania,1936,1941,['Unspecified'],['Master'],China,US
N00591,Tsinghua University,清華大學,University of Toronto,University of Toronto,1936,1941,['Unspecified'],['Master'],China,Other
N00591,University of Toronto,University of Toronto,Princeton University,Princeton University,1941,1943,['Master'],['Unspecified'],Other,US
N00592,Albion College,Albion College,University of Michigan,University of Michigan,1934,1937,['Bachelor'],['Bachelor'],US,US
N00593,University of Santo Tomas,University of Santo Tomas,Colorado School of Mines,Colorado School of Mines,1941,1943,['Unspecified'],['Master'],Other,US
N00594,Yenching University,燕京大學,Columbia University,Columbia University,1941,1943,['Unspecified'],['Unspecified'],China,US
N00594,Yenching University,燕京大學,Mills College,Mills College,1941,1943,['Unspecified'],['Unspecified'],China,US
N00595,Yenching University,燕京大學,Rockford College,Rockford College,1941,1943,['Unspecified'],['Unspecified'],China,US
N00596,Atlantic Union College,Atlantic Union College,Fordham University,Fordham University,1940,1943,['Unspecified'],['Unspecified'],US,US
N00598,Oberlin College,Oberlin College,Guilford College,Guilford College,1942,1943,['Unspecified'],['Unspecified'],US,US
N00599,Beijing University,北京大學,Oberlin College,Oberlin College,1940,1942,['Unspecified'],['Bachelor'],China,US
N00599,Oberlin College,Oberlin College,Columbia University,Columbia University,1942,1943,['Bachelor'],['Master'],US,US
N00600,Shanghai University,滬江大學,Cornell University,Cornell University,1938,1942,['Unspecified'],['Unspecified'],China,US
N00600,Shanghai University,滬江大學,Haverford College,Haverford College,1938,1942,['Unspecified'],['Bachelor'],China,US
N00600,Cornell University,Cornell University,Columbia University,Columbia University,1942,1943,['Unspecified'],['Unspecified'],US,US
N00600,Haverford College,Haverford College,Columbia University,Columbia University,1942,1943,['Bachelor'],['Unspecified'],US,US
N00602,Central University,中央大學,University of Minnesota,University of Minnesota,1934,1941,['Unspecified'],['Master'],China,US
N00603,Jiaotong University,交通大學,North American Institute of Aviation,North American Institute of Aviation,1930,1937,['Unspecified'],['Unspecified'],China,US
N00603,North American Institute of Aviation,North American Institute of Aviation,Arizona State Teachers' College,Arizona State Teachers' College,1937,1943,['Unspecified'],['Unspecified'],US,US
N00604,Central University,中央大學,Edinburgh University,Edinburgh University,1932,1940,['Unspecified'],['Doctorate'],China,Other
N00604,Edinburgh University,Edinburgh University,Harvard University,Harvard University,1940,1943,['Doctorate'],['Unspecified'],Other,US
N00605,Fu-jen University,輔仁大學,Catholic University of America,Catholic University of America,1934,1941,['Unspecified'],['Doctorate'],China,US
N00606,Trinity College of Music,Trinity College of Music,Juilliard School of Music,Juilliard School of Music,1940,1943,['Unspecified'],['Unspecified'],Other,US
N00608,Yenching University,燕京大學,Mills College,Mills College,1935,1940,['Unspecified'],['Master'],China,US
N00608,Mills College,Mills College,University of California,University of California,1940,1943,['Master'],['Unspecified'],US,US
N00610,Yenching University,燕京大學,University of Chicago,University of Chicago,1935,1941,['Unspecified'],['Unspecified'],China,US
N00610,University of Chicago,University of Chicago,University of Minnesota,University of Minnesota,1941,1943,['Unspecified'],['Unspecified'],US,US
N00611,Jinling University,金陵大學,Oregon State College,Oregon State College,1937,1940,['Unspecified'],['Unspecified'],China,US
N00611,Oregon State College,Oregon State College,University of California,University of California,1940,1943,['Unspecified'],['Unspecified'],US,US
N00615,Sino-French University,中法大學,University of Lyon,University of Lyon,1934,1937,['Unspecified'],['Master'],China,Other
N00615,University of Lyon,University of Lyon,Chemical Institute of Lyon,Chemical Institute of Lyon,1937,1938,['Master'],['Unspecified'],Other,Other
N00615,Chemical Institute of Lyon,Chemical Institute of Lyon,University of Paris,University of Paris,1938,1941,['Unspecified'],['Doctorate'],Other,Other
N00618,Blackstone College,Blackstone College,Mount Holyoke College,Mount Holyoke College,1942,1943,['Unspecified'],['Unspecified'],US,US
N00622,Lingnan University,嶺南大學,University of Michigan,University of Michigan,1936,1943,['Unspecified'],['Unspecified'],China,US
N00623,Yenching University,燕京大學,Seton Hill College,Seton Hill College,1938,1941,['Unspecified'],['Bachelor'],China,US
N00623,Seton Hill College,Seton Hill College,Drew University,Drew University,1941,1942,['Bachelor'],['Unspecified'],US,US
N00624,Yenching University,燕京大學,Peking Union Medical College,協和醫學院,1936,1941,['Unspecified'],['Unspecified'],China,China
N00624,Peking Union Medical College,協和醫學院,Drake University,Drake University,1941,1943,['Unspecified'],['Unspecified'],China,US
N00625,New York University,New York University,DePaul University,DePaul University,1940,1943,['Bachelor'],['Unspecified'],US,US
N00626,Lenoir-Rhyne College,Lenoir-Rhyne College,Cornell University,Cornell University,1940,1941,['Bachelor'],['Unspecified'],US,US
N00626,Lenoir-Rhyne College,Lenoir-Rhyne College,New York University,New York University,1940,1941,['Bachelor'],['Master'],US,US
N00626,New York University,New York University,Cornell University,Cornell University,1941,1943,['Master'],['Unspecified'],US,US
N00627,Qilu University,齊魯大學,Yenching University,燕京大學,1930,1932,['Unspecified'],['Unspecified'],China,China
N00627,Yenching University,燕京大學,Columbia University,Columbia University,1932,1938,['Unspecified'],['Doctorate'],China,US
N00628,Tsinghua University,清華大學,Harvard University,Harvard University,1934,1943,['Unspecified'],['Unspecified'],China,US
N00629,West China University,華西大學,Yenching University,燕京大學,1930,1933,['Unspecified'],['Unspecified'],China,China
N00629,Yenching University,燕京大學,Massachusetts Institute of Technology,Massachusetts Institute of Technology,1933,1942,['Unspecified'],['Doctorate'],China,US
N00630,Mount Union College,Mount Union College,Case School of Applied Science,Case School of Applied Science,1938,1941,['Unspecified'],['Unspecified'],US,US
N00631,University of Michigan,University of Michigan,Columbia University,Columbia University,1938,1943,['Master'],['Doctorate'],US,US
N00632,Zhizhi College,持誌學院,Indiana University,Indiana University,1938,1942,['Unspecified'],['Master'],China,US
N00635,Jiaotong University,交通大學,University of Pennsylvania,University of Pennsylvania,1936,1939,['Unspecified'],['Master'],China,US
N00635,University of Pennsylvania,University of Pennsylvania,University of Southern California,University of Southern California,1939,1943,['Master'],['Unspecified'],US,US
N00637,Tsinghua University,清華大學,University of Chicago,University of Chicago,1931,1938,['Unspecified'],['Doctorate'],China,US
N00638,Drew University,Drew University,Virginia Polytechnic Institute,Virginia Polytechnic Institute,1942,1943,['Unspecified'],['Unspecified'],US,US
N00639,Lingnan University,嶺南大學,Smith College,Smith College,1929,1939,['Unspecified'],['Master'],China,US
N00639,Smith College,Smith College,University of California,University of California,1939,1943,['Master'],['Unspecified'],US,US
N00642,University of California,University of California,University of Michigan,University of Michigan,1936,1939,['Bachelor'],['Master'],US,US
N00642,University of Michigan,University of Michigan,University of Colorado,University of Colorado,1939,1943,['Master'],['Unspecified'],US,US
N00643,Yenching University,燕京大學,Mount Holyoke College,Mount Holyoke College,1940,1941,['Unspecified'],['Master'],China,US
N00644,Bennett College,Bennett College,Radcliffe College,Radcliffe College,1936,1942,['Unspecified'],['Master'],US,US
N00647,University of London,University of London,Purdue University,Purdue University,1939,1942,['Unspecified'],['Bachelor'],Other,US
N00647,Purdue University,Purdue University,University of Michigan,University of Michigan,1942,1943,['Bachelor'],['Unspecified'],US,US
N00649,Jiaotong University,交通大學,Cornell University,Cornell University,1935,1937,['Unspecified'],['Master'],China,US
N00649,Cornell University,Cornell University,Massachusetts Institute of Technology,Massachusetts Institute of Technology,1937,1938,['Master'],['Unspecified'],US,US
N00649,Massachusetts Institute of Technology,Massachusetts Institute of Technology,Cornell University,Cornell University,1938,1940,['Unspecified'],['Doctorate'],US,US
N00652,University of Paris,University of Paris,University of Lyon,University of Lyon,1941,1943,['Unspecified'],['Unspecified'],Other,Other
N00652,University of Paris,University of Paris,University of Pennsylvania,University of Pennsylvania,1941,1943,['Unspecified'],['Unspecified'],Other,US
N00653,University of London,University of London,Harvard University,Harvard University,1942,1943,['Unspecified'],['Unspecified'],Other,US
N00654,Lingnan University,嶺南大學,Bryn Mawr College,Bryn Mawr College,1941,1943,['Unspecified'],['Unspecified'],China,US
N00655,St. John's University,聖約翰大學,Curtiss-Wright Technical Institute,Curtiss-Wright Technical Institute,1920,1943,['Unspecified'],['Unspecified'],China,US
N00657,Beijing University,北京大學,Massachusetts Institute of Technology,Massachusetts Institute of Technology,1935,1943,['Unspecified'],['Unspecified'],China,US
N00658,Harbin Polytechnic Institute,Harbin Polytechnic Institute,Purdue University,Purdue University,1937,1943,['Unspecified'],['Master'],China,US
N00659,University of California,University of California,New York University,New York University,1939,1942,['Unspecified'],['Master'],US,US
N00660,Jinling University,金陵大學,University of California,University of California,1941,1943,['Unspecified'],['Master'],China,US
N00662,Yenching University,燕京大學,University of Chicago,University of Chicago,1940,1943,['Unspecified'],['Unspecified'],China,US
N00663,Qilu University,齊魯大學,Lehigh University,Lehigh University,1931,1943,['Unspecified'],['Master'],China,US
N00664,St. John's University,聖約翰大學,University of Wisconsin,University of Wisconsin,1940,1943,['Unspecified'],['Unspecified'],China,US
N00665,Yenching University,燕京大學,University of Southern California,University of Southern California,1940,1943,['Unspecified'],['Unspecified'],China,US
N00670,Zhejiang University,浙江大學,University of Pittsburgh,University of Pittsburgh,1936,1942,['Unspecified'],['Master'],China,US
N00673,University of Michigan,University of Michigan,California Institute of Technology,California Institute of Technology,1936,1940,['Bachelor'],['Master'],US,US
N00674,Yenching University,燕京大學,New York University,New York University,1938,1941,['Unspecified'],['Master'],China,US
N00677,University of Chicago,University of Chicago,Cornell University,Cornell University,1918,1920,['Unspecified'],['Master'],US,US
N00677,Cornell University,Cornell University,Princeton University,Princeton University,1920,1925,['Master'],['Doctorate'],US,US
N00678,Yenching University,燕京大學,University of Wisconsin,University of Wisconsin,1937,1940,['Unspecified'],['Bachelor'],China,US
N00679,Yenching University,燕京大學,University of Minnesota,University of Minnesota,1939,1941,['Unspecified'],['Master'],China,US
N00680,Jiaotong University,交通大學,Purdue University,Purdue University,1939,1940,['Unspecified'],['Master'],China,US
N00682,Colorado College,Colorado College,Harvard University,Harvard University,1925,1927,['Bachelor'],['Master'],US,US
N00683,Yenching University,燕京大學,University of Southern California,University of Southern California,1941,1943,['Unspecified'],['Unspecified'],China,US
N00684,Yenching University,燕京大學,Columbia University,Columbia University,1931,1943,['Unspecified'],['Doctorate'],China,US
N00686,Glasgow University,Glasgow University,Edinburgh University,Edinburgh University,1919,1922,['Unspecified'],['Doctorate'],Other,Other
N00688,Southeast University,東南大學,Springfield College,Springfield College,1926,1943,['Unspecified'],['Unspecified'],China,US
N00688,Southeast University,東南大學,State University of Iowa,State University of Iowa,1926,1943,['Unspecified'],['Unspecified'],China,US
N00689,Tsinghua University,清華大學,Manchester University,Manchester University,1936,1940,['Unspecified'],['Master'],China,US
N00689,Manchester University,Manchester University,State University of Iowa,State University of Iowa,1940,1943,['Master'],['Doctorate'],US,US
N00690,Tsinghua University,清華大學,University of Chicago,University of Chicago,1932,1943,['Unspecified'],['Unspecified'],China,US
N00691,St. John's University,聖約翰大學,University of California,University of California,1939,1942,['Unspecified'],['Unspecified'],China,US
N00692,Shanghai University,滬江大學,University of Southern California,University of Southern California,1934,1941,['Unspecified'],['Bachelor'],China,US
N00695,Northeastern University,Northeastern University,Wentworth Institute,Wentworth Institute,1934,1940,['Unspecified'],['Unspecified'],US,US
N00696,Jiaotong University,交通大學,Purdue University,Purdue University,1938,1940,['Unspecified'],"['Bachelor', 'Master']",China,US
N00697,Ginling College,金陵女子文理學院,University of Chicago,University of Chicago,1935,1941,['Unspecified'],['Unspecified'],China,US
N00699,Lingnan University,嶺南大學,University of Chicago,University of Chicago,1935,1942,['Unspecified'],['Master'],China,US
N00700,Scarritt College,Scarritt College,George Peabody College,George Peabody College,1942,1943,['Unspecified'],['Unspecified'],US,US
N00701,St. John's University,聖約翰大學,Colorado College,Colorado College,1939,1940,['Unspecified'],['Master'],China,US
N00702,Shanghai University,滬江大學,Harvard University,Harvard University,1941,1943,['Unspecified'],['Unspecified'],China,US
N00702,Shanghai University,滬江大學,University of Michigan,University of Michigan,1941,1943,['Unspecified'],['Bachelor'],China,US
N00703,Shanghai University,滬江大學,Harvard University,Harvard University,1941,1943,['Unspecified'],['Unspecified'],China,US
N00703,Shanghai University,滬江大學,University of Michigan,University of Michigan,1941,1943,['Unspecified'],['Bachelor'],China,US
N00704,Shanghai University,滬江大學,Harvard University,Harvard University,1941,1943,['Unspecified'],['Unspecified'],China,US
N00704,Shanghai University,滬江大學,University of Michigan,University of Michigan,1941,1943,['Unspecified'],['Bachelor'],China,US
N00705,West China University,華西大學,Harvard University,Harvard University,1930,1943,['Unspecified'],['Unspecified'],China,US
N00706,Jiaotong University,交通大學,University of Illinois,University of Illinois,1936,1943,['Unspecified'],['Unspecified'],China,US
N00707,Fu-jen University,輔仁大學,Iowa State College,Iowa State College,1934,1942,['Unspecified'],['Doctorate'],China,US
N00709,University of London,University of London,Cambridge University,Cambridge University,1928,1929,['Unspecified'],['Unspecified'],Other,Other
N00710,Purdue University,Purdue University,University of Tulsa,University of Tulsa,1942,1943,['Bachelor'],['Unspecified'],US,US
N00711,Lowell Textile Institute,Lowell Textile Institute,Harvard University,Harvard University,1942,1943,['Unspecified'],['Master'],US,US
N00711,Lowell Textile Institute,Lowell Textile Institute,University of Pennsylvania,University of Pennsylvania,1942,1943,['Unspecified'],['Unspecified'],US,US
N00713,Lingnan University,嶺南大學,University of Washington,University of Washington,1933,1938,['Unspecified'],['Master'],China,US
N00713,University of Washington,University of Washington,Georgetown University,Georgetown University,1938,1943,['Master'],['Unspecified'],US,US
N00715,Lingnan University,嶺南大學,University of Hawaii,University of Hawaii,1928,1940,['Unspecified'],['Master'],China,US
N00715,University of Hawaii,University of Hawaii,New York University,New York University,1940,1943,['Master'],['Unspecified'],US,US
N00716,Tsinghua University,清華大學,Massachusetts Institute of Technology,Massachusetts Institute of Technology,1936,1942,['Unspecified'],['Master'],China,US
N00717,Clark University,Clark University,New York University,New York University,1930,1932,['Unspecified'],['Unspecified'],US,US
N00718,Lingnan University,嶺南大學,Stanford University,Stanford University,1929,1931,['Unspecified'],['Master'],China,US
N00718,Stanford University,Stanford University,University of Southern California,University of Southern California,1931,1936,['Master'],['Doctorate'],US,US
N00720,Zhongshan University,中山大學,University of Detroit,University of Detroit,1939,1943,['Unspecified'],['Unspecified'],China,US
N00722,Lingnan University,嶺南大學,University of California,University of California,1940,1943,['Unspecified'],['Unspecified'],China,US
N00724,University of California,University of California,Princeton University,Princeton University,1940,1942,['Bachelor'],['Doctorate'],US,US
N00725,University of Hong Kong,University of Hong Kong,Curtiss-Wright Technical Institute,Curtiss-Wright Technical Institute,1933,1942,['Unspecified'],['Unspecified'],Other,US
N00726,University of Missouri,University of Missouri,Columbia University,Columbia University,1942,1943,['Bachelor'],['Unspecified'],US,US
N00728,Radcliffe College,Radcliffe College,Columbia University,Columbia University,1941,1943,['Unspecified'],['Unspecified'],US,US
N00728,Radcliffe College,Radcliffe College,Rosary College,Rosary College,1941,1943,['Unspecified'],['Unspecified'],US,US
N00730,Central University,中央大學,University of Michigan,University of Michigan,1939,1942,['Unspecified'],['Master'],China,US
N00732,Yenching University,燕京大學,Cambridge University,Cambridge University,1933,1938,['Unspecified'],['Doctorate'],China,Other
N00733,Qilu University,齊魯大學,Madison General Hospital,Madison General Hospital,1937,1942,['Unspecified'],['Unspecified'],China,US
N00734,Yenching University,燕京大學,University of Michigan,University of Michigan,1938,1943,['Unspecified'],['Unspecified'],China,US
N00736,Zhejiang University,浙江大學,Massachusetts Institute of Technology,Massachusetts Institute of Technology,1935,1941,['Unspecified'],['Master'],China,US
N00737,Lingnan University,嶺南大學,Yenching University,燕京大學,1932,1936,['Unspecified'],['Unspecified'],China,China
N00737,Yenching University,燕京大學,Claremont College,Claremont College,1936,1943,['Unspecified'],['Unspecified'],China,US
N00737,Yenching University,燕京大學,University of California,University of California,1936,1943,['Unspecified'],['Unspecified'],China,US
N00738,Beijing University,北京大學,Stanford University,Stanford University,1924,1943,['Unspecified'],['Unspecified'],China,US
N00740,Zhizhi College,持誌學院,University of Michigan,University of Michigan,1938,1941,['Unspecified'],['Master'],China,US
N00741,Madison College,Madison College,Michigan State College,Michigan State College,1935,1943,['Bachelor'],['Unspecified'],US,US
N00743,Nankai School,南開學校,University of Southern California,University of Southern California,1929,1933,['Unspecified'],['Bachelor'],China,US
N00743,University of Southern California,University of Southern California,Columbia University,Columbia University,1933,1936,['Bachelor'],['Master'],US,US
N00743,Columbia University,Columbia University,Georgetown University,Georgetown University,1936,1938,['Master'],['Unspecified'],US,US
N00747,Pomona College,Pomona College,Columbia University,Columbia University,1939,1940,['Unspecified'],['Unspecified'],US,US
N00749,St. John's University,聖約翰大學,Cornell University,Cornell University,1936,1940,['Unspecified'],['Master'],China,US
N00751,Southeast University,東南大學,Yale University,Yale University,1939,1941,['Unspecified'],['Unspecified'],China,US
N00752,Wuhan University,武漢大學,Harvard University,Harvard University,1934,1943,['Unspecified'],['Unspecified'],China,US
N00755,Central University,中央大學,University of Michigan,University of Michigan,1929,1937,['Unspecified'],['Master'],China,US
N00755,University of Michigan,University of Michigan,Columbia University,Columbia University,1937,1941,['Master'],['Doctorate'],US,US
N00757,Beijing University,北京大學,University of Toronto,University of Toronto,1935,1942,['Unspecified'],['Doctorate'],China,Other
N00757,University of Toronto,University of Toronto,Columbia University,Columbia University,1942,1943,['Doctorate'],['Unspecified'],Other,US
N00758,Daxia University,大夏大學,George Washington University,George Washington University,1930,1941,['Unspecified'],['Unspecified'],China,US
N00758,George Washington University,George Washington University,Purdue University,Purdue University,1941,1943,['Unspecified'],['Unspecified'],US,US
N00759,University of London,University of London,Harvard University,Harvard University,1938,1941,['Other degree'],['Other degree'],Other,US
N00760,University of Michigan,University of Michigan,University of Chicago,University of Chicago,1930,1943,['Master'],['Doctorate'],US,US
N00761,Yenching University,燕京大學,University of Southern California,University of Southern California,1937,1942,['Unspecified'],['Unspecified'],China,US
N00761,University of Southern California,University of Southern California,Simmons College,Simmons College,1942,1943,['Unspecified'],['Unspecified'],US,US
N00763,University of Chicago,University of Chicago,New School For Social Research,New School For Social Research,1941,1942,['Unspecified'],['Unspecified'],US,US
N00764,University of Berlin,University of Berlin,University of Perugia,University of Perugia,1937,1938,['Unspecified'],['Unspecified'],Other,Other
N00765,Zhongshan University,中山大學,University of Illinois,University of Illinois,1936,1941,['Unspecified'],['Master'],China,US
N00766,University of California,University of California,Stanford University,Stanford University,1941,1942,['Unspecified'],['Bachelor'],US,US
N00767,Guangdong National University,廣東國民大學,University of California,University of California,1936,1943,['Unspecified'],['Unspecified'],China,US
N00768,Yenching University,燕京大學,New School For Social Research,New School For Social Research,1936,1943,['Unspecified'],['Unspecified'],China,US
N00769,Tianjin Industrial and Commercial College,天津工商學院,University of Michigan,University of Michigan,1937,1941,['Unspecified'],['Master'],China,US
N00771,Fudan University,復旦大學,Indiana University,Indiana University,1940,1942,['Unspecified'],['Unspecified'],China,US
N00771,Indiana University,Indiana University,Columbia University,Columbia University,1942,1943,['Unspecified'],['Master'],US,US
N00772,Zhejiang University,浙江大學,McGill University,McGill University,1937,1941,['Unspecified'],['Master'],China,Other
N00772,McGill University,McGill University,Carnegie Institute of Technology,Carnegie Institute of Technology,1941,1943,['Master'],['Unspecified'],Other,US
N00773,St. John's University,聖約翰大學,University of Michigan,University of Michigan,1941,1943,['Unspecified'],['Unspecified'],China,US
N00774,Massachusetts Institute of Technology,Massachusetts Institute of Technology,University of California,University of California,1942,1943,['Unspecified'],['Unspecified'],US,US
N00776,Jinling University,金陵大學,University de Nancy,University de Nancy,1932,1936,['Unspecified'],['Doctorate'],China,Other
N00777,Shanghai University,滬江大學,Mount Holyoke College,Mount Holyoke College,1937,1943,['Unspecified'],['Bachelor'],China,US
N00777,Shanghai University,滬江大學,Yale University,Yale University,1937,1943,['Unspecified'],['Unspecified'],China,US
N00779,Iowa State College,Iowa State College,University of Wisconsin,University of Wisconsin,1931,1943,['Bachelor'],['Unspecified'],US,US
N00780,Jiaotong University,交通大學,University of Pennsylvania,University of Pennsylvania,1939,1940,['Unspecified'],['Master'],China,US
N00784,Tsinghua University,清華大學,University of Toronto,University of Toronto,1937,1942,['Unspecified'],['Doctorate'],China,Other
N00785,Northeast University,東北大學,California Institute of Technology,California Institute of Technology,1932,1942,['Unspecified'],['Master'],China,US
N00787,Guanghua University,光華大學,New York University,New York University,1930,1943,['Unspecified'],['Master'],China,US
N00788,Fu-jen University,輔仁大學,Princeton University,Princeton University,1937,1943,['Unspecified'],['Unspecified'],China,US
N00791,University of Wisconsin,University of Wisconsin,Mills College,Mills College,1926,1940,['Bachelor'],['Master'],US,US
N00791,Mills College,Mills College,Massachusetts Institute of Technology,Massachusetts Institute of Technology,1940,1941,['Master'],['Other degree'],US,US
N00791,Massachusetts Institute of Technology,Massachusetts Institute of Technology,State University of Iowa,State University of Iowa,1941,1943,['Other degree'],['Unspecified'],US,US
N00792,Jinling University,金陵大學,Kansas State College,Kansas State College,1937,1941,['Unspecified'],['Master'],China,US
N00792,Kansas State College,Kansas State College,Iowa State College,Iowa State College,1941,1943,['Master'],['Doctorate'],US,US
N00794,Purdue University,Purdue University,University of Michigan,University of Michigan,1940,1941,['Bachelor'],['Master'],US,US
N00797,Southeast University,東南大學,University of Michigan,University of Michigan,1935,1939,['Unspecified'],['Doctorate'],China,US
N00798,Massachusetts Institute of Technology,Massachusetts Institute of Technology,Harvard University,Harvard University,1940,1942,['Bachelor'],['Unspecified'],US,US
N00801,Yenching University,燕京大學,Carleton College,Carleton College,1939,1942,['Unspecified'],['Bachelor'],China,US
N00803,Jiaotong University,交通大學,University of Michigan,University of Michigan,1935,1939,['Unspecified'],['Unspecified'],China,US
N00803,University of Michigan,University of Michigan,Boston University,Boston University,1939,1940,['Unspecified'],['Master'],US,US
N00804,Mary Hardin-Baylor College,Mary Hardin-Baylor College,University of Texas,University of Texas,1938,1939,['Bachelor'],['Master'],US,US
N00805,Tsinghua University,清華大學,University of Illinois,University of Illinois,1935,1943,['Unspecified'],['Unspecified'],China,US
N00807,Southeast University,東南大學,Central Political School,中央政治學校,1936,1938,['Unspecified'],['Unspecified'],China,China
N00807,Central Political School,中央政治學校,New York University,New York University,1938,1943,['Unspecified'],['Unspecified'],China,US
N00811,University of British Columbia,University of British Columbia,Iowa State College,Iowa State College,1937,1943,['Bachelor'],['Master'],Other,US
N00813,Jinan University,暨南大學,University of Paris,University of Paris,1935,1941,['Unspecified'],['Doctorate'],China,Other
N00813,University of Paris,University of Paris,Harvard University,Harvard University,1941,1942,['Doctorate'],['Unspecified'],Other,US
N00814,State University of Iowa,State University of Iowa,Georgetown University,Georgetown University,1941,1943,['Master'],['Unspecified'],US,US
N00815,Shanghai University,滬江大學,Gonzaga University,Gonzaga University,1935,1943,['Unspecified'],['Unspecified'],China,US
N00815,Shanghai University,滬江大學,University of Pennsylvania,University of Pennsylvania,1935,1943,['Unspecified'],['Unspecified'],China,US
N00816,Lingnan University,嶺南大學,New York University,New York University,1935,1936,['Unspecified'],['Master'],China,US
N00816,New York University,New York University,Harvard University,Harvard University,1936,1943,['Master'],['Unspecified'],US,US
N00818,Hwa Nan College,華南學院,Oberlin College,Oberlin College,1930,1938,['Unspecified'],['Master'],China,US
N00818,Oberlin College,Oberlin College,Radcliffe College,Radcliffe College,1938,1942,['Master'],['Doctorate'],US,US
N00821,Oberlin College,Oberlin College,Simmons College,Simmons College,1942,1943,['Unspecified'],['Unspecified'],US,US
N00822,Zhongshan University,中山大學,Drake University,Drake University,1938,1941,['Unspecified'],['Master'],China,US
N00826,Jiaotong University,交通大學,New York University,New York University,1923,1942,['Unspecified'],['Unspecified'],China,US
N00829,Southwest Associated University,西南聯合大學,University of California,University of California,1940,1943,['Unspecified'],['Unspecified'],China,US
N00832,Shanghai University,滬江大學,Massachusetts Institute of Technology,Massachusetts Institute of Technology,1938,1942,['Unspecified'],['Master'],China,US
N00832,Massachusetts Institute of Technology,Massachusetts Institute of Technology,Columbia University,Columbia University,1942,1943,['Master'],['Unspecified'],US,US
N00833,Lingnan University,嶺南大學,University of Chicago,University of Chicago,1920,1929,['Unspecified'],['Unspecified'],China,US
N00834,New York University,New York University,Harvard University,Harvard University,1942,1943,['Bachelor'],['Unspecified'],US,US
N00837,Peking Union Medical College,協和醫學院,Western Reserve University,Western Reserve University,1931,1943,['Unspecified'],['Unspecified'],China,US
N00839,Lingnan University,嶺南大學,Penn State College,Penn State College,1935,1940,['Unspecified'],['Master'],China,US
N00840,Fujian Union University,福建協和大學,Oberlin College,Oberlin College,1928,1930,['Unspecified'],['Master'],China,US
N00840,Oberlin College,Oberlin College,University of Pennsylvania,University of Pennsylvania,1930,1934,['Master'],['Doctorate'],US,US
N00841,Zhongshan University,中山大學,New York University,New York University,1938,1943,['Unspecified'],['Unspecified'],China,US
N00847,George Washington University,George Washington University,Johns Hopkins University,Johns Hopkins University,1938,1943,"['Bachelor', 'Master']",['Unspecified'],US,US
N00854,Zhongshan University,中山大學,Columbia University,Columbia University,1937,1942,['Unspecified'],['Master'],China,US
N00856,Jinling University,金陵大學,University of California,University of California,1937,1942,['Unspecified'],['Master'],China,US
N00857,Yenching University,燕京大學,Tsinghua University,清華大學,1932,1935,['Unspecified'],['Unspecified'],China,China
N00857,Tsinghua University,清華大學,Toronto University,Toronto University,1935,1942,['Unspecified'],['Unspecified'],China,Other
N00857,Toronto University,Toronto University,Columbia University,Columbia University,1942,1943,['Unspecified'],['Unspecified'],Other,US
N00858,Tsinghua University,清華大學,Massachusetts Institute of Technology,Massachusetts Institute of Technology,1935,1943,['Unspecified'],['Unspecified'],China,US
N00860,Tsinghua University,清華大學,University of Minnesota,University of Minnesota,1931,1943,['Unspecified'],['Master'],China,US
N00861,Shanghai University,滬江大學,Claremont College,Claremont College,1937,1943,['Unspecified'],['Unspecified'],China,US
N00862,Fudan University,復旦大學,University of Michigan,University of Michigan,1931,1933,['Unspecified'],['Master'],China,US
N00862,University of Michigan,University of Michigan,University of Chicago,University of Chicago,1933,1937,['Master'],['Doctorate'],US,US
N00870,Jinan University,暨南大學,University of Michigan,University of Michigan,1938,1941,['Unspecified'],['Master'],China,US
N00870,University of Michigan,University of Michigan,Cornell University,Cornell University,1941,1943,['Master'],['Unspecified'],US,US
N00872,Baldwin Wallace College,Baldwin Wallace College,New York University,New York University,1935,1943,['Unspecified'],['Unspecified'],US,US
N00874,University of Michigan,University of Michigan,Madison College,Madison College,1933,1936,['Unspecified'],['Bachelor'],US,US
N00875,Yenching University,燕京大學,University of Southern California,University of Southern California,1931,1940,['Unspecified'],['Master'],China,US
N00876,St. John's University,聖約翰大學,University of Chicago,University of Chicago,1939,1943,['Unspecified'],['Unspecified'],China,US
N00877,Schauffler College,Schauffler College,Pomona College,Pomona College,1941,1942,['Bachelor'],['Bachelor'],US,US
N00881,Jiaotong University,交通大學,New York University,New York University,1935,1942,['Unspecified'],['Master'],China,US
N00882,Tsinghua University,清華大學,State University of Iowa,State University of Iowa,1931,1943,['Unspecified'],['Master'],China,US
N00885,Jiaotong University,交通大學,Purdue University,Purdue University,1941,1943,['Unspecified'],['Master'],China,US
N00886,Zhijiang University,之江大學,University of Michigan,University of Michigan,1924,1930,['Unspecified'],['Doctorate'],China,US
N00886,University of Michigan,University of Michigan,University of Chicago,University of Chicago,1930,1942,['Doctorate'],['Doctorate'],US,US
N00887,University of Washington,University of Washington,Columbia University,Columbia University,1940,1943,['Unspecified'],['Unspecified'],US,US
N00888,Cooper Union Institute of Technology,Cooper Union Institute of Technology,University of Michigan,University of Michigan,1938,1939,['Bachelor'],['Master'],US,US
N00889,Nankai University,南開大學,Tsinghua University,清華大學,1930,1934,['Unspecified'],['Unspecified'],China,China
N00890,Shanghai Sanyu University,三育大學,Emmanuel Missionary College,Emmanuel Missionary College,1925,1929,['Unspecified'],['Bachelor'],China,US
N00890,Emmanuel Missionary College,Emmanuel Missionary College,Michigan State College,Michigan State College,1929,1933,['Bachelor'],['Master'],US,US
N00891,Zhongshan University,中山大學,University of California,University of California,1938,1943,['Unspecified'],['Unspecified'],China,US
N00894,Lingnan University,嶺南大學,Harvard University,Harvard University,1924,1929,['Unspecified'],['Unspecified'],China,US
N00895,Yenching University,燕京大學,University of Minnesota,University of Minnesota,1939,1942,['Unspecified'],['Bachelor'],China,US
N00896,Guanghua University,光華大學,University of Wisconsin,University of Wisconsin,1941,1943,['Unspecified'],['Master'],China,US
N00897,Jinling University,金陵大學,University of Minnesota,University of Minnesota,1930,1936,['Unspecified'],['Master'],China,US
N00897,University of Minnesota,University of Minnesota,University of California,University of California,1936,1943,['Master'],['Unspecified'],US,US
N00898,St. John's University,聖約翰大學,Indiana University,Indiana University,1940,1942,['Unspecified'],['Bachelor'],China,US
N00898,Indiana University,Indiana University,University of Pennsylvania,University of Pennsylvania,1942,1943,['Bachelor'],['Unspecified'],US,US
N00899,Asbury College,Asbury College,Rochester Institute of Technology,Rochester Mechanical of Technology,1940,1943,['Unspecified'],['Unspecified'],US,US
N00900,University of Hawaii,University of Hawaii,Yenching University,燕京大學,1931,1934,['Bachelor'],['Unspecified'],US,China
N00900,Yenching University,燕京大學,Harvard University,Harvard University,1934,1943,['Unspecified'],['Unspecified'],China,US
N00902,Tsinghua University,清華大學,Columbia University,Columbia University,1939,1943,['Unspecified'],['Unspecified'],China,US
N00903,Jiaotong University,交通大學,Harvard University,Harvard University,1938,1943,['Unspecified'],['Unspecified'],China,US
N00904,Yenching University,燕京大學,Haverford College,Haverford College,1937,1940,['Unspecified'],['Unspecified'],China,US
N00904,Haverford College,Haverford College,Columbia University,Columbia University,1940,1941,['Unspecified'],['Unspecified'],US,US
N00905,Fujian Union University,福建協和大學,Columbia University,Columbia University,1922,1929,['Unspecified'],['Master'],China,US
N00905,Columbia University,Columbia University,University of Southern California,University of Southern California,1929,1939,['Master'],['Doctorate'],US,US
N00909,Shanghai University,滬江大學,Carnegie Institute of Technology,Carnegie Institute of Technology,1936,1940,['Unspecified'],['Bachelor'],China,US
N00909,Carnegie Institute of Technology,Carnegie Institute of Technology,Syracuse University,Syracuse University,1940,1942,['Bachelor'],['Unspecified'],US,US
N00910,Shanghai University,滬江大學,Purdue University,Purdue University,1936,1940,['Unspecified'],['Bachelor'],China,US
N00912,Tsinghua University,清華大學,University of Pennsylvania,University of Pennsylvania,1933,1941,['Unspecified'],['Master'],China,US
N00914,Shanghai University,滬江大學,California Institute of Technology,California Institute of Technology,1940,1943,['Unspecified'],['Unspecified'],China,US
N00915,Yenching University,燕京大學,University of Michigan,University of Michigan,1936,1937,['Unspecified'],['Master'],China,US
N00915,University of Michigan,University of Michigan,Marquette University,Marquette University,1937,1942,['Master'],['Unspecified'],US,US
N00916,Zhongshan University,中山大學,University of London,University of London,1935,1940,['Unspecified'],['Doctorate'],China,Other
N00916,University of London,University of London,Massachusetts Institute of Technology,Massachusetts Institute of Technology,1940,1943,['Doctorate'],['Unspecified'],Other,US
N00917,Yenching University,燕京大學,University of Chicago,University of Chicago,1932,1942,['Unspecified'],['Master'],China,US
N00919,University of Washington,University of Washington,Columbia University,Columbia University,1929,1933,['Bachelor'],['Master'],US,US
N00921,Fujian Union University,福建協和大學,University of Pennsylvania,University of Pennsylvania,1936,1941,['Unspecified'],['Unspecified'],China,US
N00921,University of Pennsylvania,University of Pennsylvania,University of Michigan,University of Michigan,1941,1943,['Unspecified'],['Unspecified'],US,US
N00922,Jinan University,暨南大學,University of Michigan,University of Michigan,1937,1941,['Unspecified'],['Master'],China,US
N00922,University of Michigan,University of Michigan,New York University,New York University,1941,1943,['Master'],['Unspecified'],US,US
N00925,Jinan University,暨南大學,University of Michigan,University of Michigan,1940,1941,['Unspecified'],['Unspecified'],China,US
N00925,University of Michigan,University of Michigan,University of Washington,University of Washington,1941,1942,['Unspecified'],['Unspecified'],US,US
N00928,Yenching University,燕京大學,Peking Union Medical College,協和醫學院,1928,1933,['Unspecified'],['Unspecified'],China,China
N00928,Peking Union Medical College,協和醫學院,University of Michigan,University of Michigan,1933,1943,['Unspecified'],['Master'],China,US
N00931,Beijing University,北京大學,Columbia University,Columbia University,1924,1936,['Unspecified'],['Unspecified'],China,US
N00931,Columbia University,Columbia University,Canisus College,Canisus College,1936,1942,['Unspecified'],['Unspecified'],US,US
N00932,Yungli Chemical Industries Limited,Yungli Chemical Industries Limited,Stanford University,Stanford University,1934,1940,['Unspecified'],['Master'],China,US
N00932,Stanford University,Stanford University,Harvard University,Harvard University,1940,1943,['Master'],['Unspecified'],US,US
N00933,Zhongshan University,中山大學,New York University,New York University,1939,1943,['Unspecified'],['Master'],China,US
N00934,Yenching University,燕京大學,University of Chicago,University of Chicago,1934,1943,['Unspecified'],['Unspecified'],China,US
N00935,Beijing University,北京大學,Columbia University,Columbia University,1925,1934,['Unspecified'],['Master'],China,US
N00936,St. John's University,聖約翰大學,University of Illinois,University of Illinois,1940,1941,['Unspecified'],['Master'],China,US
N00937,Central University,中央大學,University of California,University of California,1936,1941,['Unspecified'],['Bachelor'],China,US
N00939,Guanghua University,光華大學,New York University,New York University,1937,1943,['Unspecified'],['Unspecified'],China,US
N00942,Shanghai University,滬江大學,Clark University,Clark University,1939,1941,['Unspecified'],['Bachelor'],China,US
N00942,Clark University,Clark University,University of Michigan,University of Michigan,1941,1942,['Bachelor'],['Master'],US,US
N00942,University of Michigan,University of Michigan,Columbia University,Columbia University,1942,1943,['Master'],['Unspecified'],US,US
N00943,University of California,University of California,Harvard University,Harvard University,1942,1943,"['Bachelor', 'Master']",['Unspecified'],US,US
N00945,China College University Department,中國公學大學部,Antioch College,Antioch College,1931,1942,['Unspecified'],['Unspecified'],China,US
N00945,Antioch College,Antioch College,University of Minnesota,University of Minnesota,1942,1943,['Unspecified'],['Unspecified'],US,US
N00947,Jinling University,金陵大學,University of California,University of California,1936,1943,['Unspecified'],['Unspecified'],China,US
N00948,Tsinghua University,清華大學,Massachusetts Institute of Technology,Massachusetts Institute of Technology,1938,1943,['Unspecified'],['Unspecified'],China,US
N00953,Jinan University,暨南大學,Yale University,Yale University,1934,1939,['Unspecified'],['Bachelor'],China,US
N00954,Ohio Wesleyan University,Ohio Wesleyan University,University of Southern California,University of Southern California,1921,1938,['Bachelor'],['Master'],US,US
N00955,Lingnan University,嶺南大學,University of Southern California,University of Southern California,1939,1942,['Unspecified'],['Master'],China,US
N00956,Bethel College,Bethel College,Cumberland Theological Seminary,Cumberland Theological Seminary,1942,1943,['Unspecified'],['Unspecified'],US,US
N00958,Arkansas State College,Arkansas State College,University of Cincinnati,University of Cincinnati,1938,1941,['Bachelor'],['Unspecified'],US,US
N00958,University of Cincinnati,University of Cincinnati,University of Chicago,University of Chicago,1941,1943,['Unspecified'],['Unspecified'],US,US
N00959,Zhongshan University,中山大學,University of Michigan,University of Michigan,1936,1941,['Unspecified'],['Master'],China,US
N00960,Shanghai University,滬江大學,University of Pennsylvania,University of Pennsylvania,1935,1940,['Unspecified'],['Master'],China,US
N00960,University of Pennsylvania,University of Pennsylvania,Columbia University,Columbia University,1940,1941,['Master'],['Unspecified'],US,US
N00960,Columbia University,Columbia University,Clarence White School of Photography,Clarence White School of Photography,1941,1942,['Unspecified'],['Unspecified'],US,US
N00961,Zhijiang University,之江大學,University of Illinois,University of Illinois,1941,1943,['Unspecified'],['Master'],China,US
N00963,University of Pennsylvania,University of Pennsylvania,Syracuse University,Syracuse University,1941,1943,['Bachelor'],['Master'],US,US
N00964,Central University,中央大學,Massachusetts Institute of Technology,Massachusetts Institute of Technology,1942,1943,['Unspecified'],['Unspecified'],China,US
N00966,Southeast University,東南大學,University of Pennsylvania,University of Pennsylvania,1931,1943,['Unspecified'],['Unspecified'],China,US
N00967,Lingnan University,嶺南大學,Purdue University,Purdue University,1938,1941,['Unspecified'],['Bachelor'],China,US
N00970,Jiaotong University,交通大學,University of Michigan,University of Michigan,1937,1943,['Unspecified'],['Master'],China,US
N00971,Datong University,大同大學,University of Michigan,University of Michigan,1933,1940,['Unspecified'],['Doctorate'],China,US
N00973,Yenching University,燕京大學,Peking Union Medical College,協和醫學院,1932,1935,['Unspecified'],['Unspecified'],China,China
N00973,Peking Union Medical College,協和醫學院,University of Michigan,University of Michigan,1935,1938,['Unspecified'],['Master'],China,US
N00973,University of Michigan,University of Michigan,Columbia University,Columbia University,1938,1941,['Master'],['Unspecified'],US,US
N00974,Tsinghua University,清華大學,Harvard University,Harvard University,1940,1943,['Unspecified'],['Unspecified'],China,US
N00975,Central University,中央大學,University of Toronto,University of Toronto,1933,1942,['Unspecified'],['Master'],China,Other
N00981,Carleton College,Carleton College,University of Chicago,University of Chicago,1942,1943,['Bachelor'],['Unspecified'],US,US
N00986,Shandong University,山東大學,Briar Cliff College,Briar Cliff College,1937,1941,['Unspecified'],['Bachelor'],China,US
N00986,Briar Cliff College,Briar Cliff College,Alverno College of Music,Alverno College of Music,1941,1943,['Bachelor'],['Bachelor'],US,US
N00986,Briar Cliff College,Briar Cliff College,Columbia University,Columbia University,1941,1943,['Bachelor'],['Unspecified'],US,US
N00987,Tsinghua University,清華大學,State University of Iowa,State University of Iowa,1935,1939,['Unspecified'],['Master'],China,US
N00987,State University of Iowa,State University of Iowa,Cornell University,Cornell University,1939,1942,['Master'],['Doctorate'],US,US
N00988,Stanford University,Stanford University,Columbia University,Columbia University,1941,1943,['Master'],['Unspecified'],US,US
N00989,Zhijiang University,之江大學,Princeton Seminary,Princeton Seminary,1938,1943,['Unspecified'],['Unspecified'],China,US
N00990,Tsinghua University,清華大學,University of Michigan,University of Michigan,1940,1943,['Unspecified'],['Unspecified'],China,US
N00992,Hunan University,湖南大學,University of Washington,University of Washington,1932,1943,['Unspecified'],['Unspecified'],China,US
N00993,Ecole des Hautes Etudes Industrielles et Commerciales,Ecole des Hautes Etudes Industrielles et Commerciales,Harvard University,Harvard University,1934,1943,['Unspecified'],['Master'],Other,US
N00994,Stanford University,Stanford University,State University of Iowa,State University of Iowa,1921,1923,['Bachelor'],['Master'],US,US
N00995,Columbia University,Columbia University,Medical College of Virginia,Medical College of Virginia,1942,1943,['Bachelor'],['Unspecified'],US,US
N00997,Huazhong University,華中大學,Yenching University,燕京大學,1938,1940,['Unspecified'],['Unspecified'],China,China
N00997,Yenching University,燕京大學,Brown University,Brown University,1940,1943,['Unspecified'],['Unspecified'],China,US
N00998,Yenching University,燕京大學,Cornell University,Cornell University,1935,1942,['Unspecified'],['Doctorate'],China,US
N00999,Shanghai University,滬江大學,George Washington University,George Washington University,1928,1934,['Unspecified'],['Unspecified'],China,US
N01001,Jinling University,金陵大學,Cornell University,Cornell University,1925,1942,['Unspecified'],['Master'],China,US
N01002,Armstrong Junior College,Armstrong Junior College,Ohio Wesleyan University,Ohio Wesleyan University,1939,1943,['Unspecified'],['Bachelor'],US,US
N01003,Yenching University,燕京大學,Stanford University,Stanford University,1938,1943,['Unspecified'],['Bachelor'],China,US
N01005,Cambridge University,Cambridge University,Harvard University,Harvard University,1938,1943,['Bachelor'],['Master'],Other,US
N01006,St. John's University,聖約翰大學,Wheaton College,Wheaton College,1941,1943,['Unspecified'],['Unspecified'],China,US
N01007,Yenching University,燕京大學,Stanford University,Stanford University,1941,1943,['Unspecified'],['Unspecified'],China,US
N01009,Jiaotong University,交通大學,Cornell University,Cornell University,1928,1931,['Unspecified'],['Master'],China,US
N01010,Jiaotong University,交通大學,Purdue University,Purdue University,1941,1942,['Unspecified'],['Master'],China,US
N01010,Purdue University,Purdue University,Massachusetts Institute of Technology,Massachusetts Institute of Technology,1942,1943,['Master'],['Unspecified'],US,US
N01011,Tsinghua University,清華大學,Massachusetts Institute of Technology,Massachusetts Institute of Technology,1940,1943,['Unspecified'],['Unspecified'],China,US
N01012,Central University,中央大學,University of Michigan,University of Michigan,1928,1934,['Unspecified'],['Master'],China,US
N01012,University of Michigan,University of Michigan,Columbia University,Columbia University,1934,1943,['Master'],['Unspecified'],US,US
N01013,Northern Baptist Theological Seminary,Northern Baptist Theological Seminary,Northwestern University,Northwestern University,1942,1943,['Bachelor'],['Unspecified'],US,US
N01015,St. John's University,聖約翰大學,University of Wisconsin,University of Wisconsin,1940,1942,['Unspecified'],['Bachelor'],China,US
N01016,University of Hawaii,University of Hawaii,Pomona College,Pomona College,1942,1943,['Unspecified'],['Unspecified'],US,US
N01019,Lingnan University,嶺南大學,Columbia University,Columbia University,1937,1943,['Unspecified'],['Unspecified'],China,US
N01029,Lingnan University,嶺南大學,Columbia University,Columbia University,1939,1942,['Unspecified'],['Unspecified'],China,US
N01029,Columbia University,Columbia University,Miami University,Miami University,1942,1943,['Unspecified'],['Unspecified'],US,US
N01031,University of Southern California,University of Southern California,Yale University,Yale University,1941,1943,['Master'],['Unspecified'],US,US
N01032,University of Hawaii,University of Hawaii,Stanford University,Stanford University,1942,1943,['Unspecified'],['Unspecified'],US,US
N01033,Pacific Union College,Pacific Union College,College of Medical Evangelists,College of Medical Evangelists,1942,1943,['Unspecified'],['Unspecified'],US,US
N01034,Columbia University,Columbia University,New York University,New York University,1939,1941,"['Bachelor', 'Master']",['Unspecified'],US,US
N01036,Jinling University,金陵大學,University of Minnesota,University of Minnesota,1931,1942,['Unspecified'],['Master'],China,US
N01037,Nankai University,南開大學,Pennsylvania College for Woman,Pennsylvania College for Woman,1937,1940,['Unspecified'],['Bachelor'],China,US
N01037,Pennsylvania College for Woman,Pennsylvania College for Woman,Oberlin College,Oberlin College,1940,1942,['Bachelor'],['Master'],US,US
N01039,St. John's University,聖約翰大學,Bryn Mawr College,Bryn Mawr College,1939,1943,['Unspecified'],['Unspecified'],China,US
N01040,Armstron College,Armstron College,University of Texas,University of Texas,1940,1943,['Unspecified'],['Unspecified'],Other,US
N01041,Lingnan University,嶺南大學,Stanford University,Stanford University,1937,1939,['Unspecified'],['Master'],China,US
N01044,Jiaotong University,交通大學,Massachusetts Institute of Technology,Massachusetts Institute of Technology,1924,1942,['Unspecified'],['Unspecified'],China,US
N01045,Yenching University,燕京大學,Peking Union Medical College,協和醫學院,1927,1932,['Unspecified'],['Unspecified'],China,China
N01045,Peking Union Medical College,協和醫學院,Harvard University,Harvard University,1932,1942,['Unspecified'],['Master'],China,US
N01047,Xiamen University,廈門大學,Lingnan University,嶺南大學,1931,1934,['Unspecified'],['Unspecified'],China,China
N01047,Lingnan University,嶺南大學,University of Michigan,University of Michigan,1934,1942,['Unspecified'],['Master'],China,US
N01054,Hebei University,河北大學,University of Illinois,University of Illinois,1929,1937,['Unspecified'],['Unspecified'],China,US
N01055,Central University,中央大學,University of Minnesota,University of Minnesota,1933,1939,['Unspecified'],['Master'],China,US
N01055,University of Minnesota,University of Minnesota,Oregon State College,Oregon State College,1939,1943,['Master'],['Doctorate'],US,US
N01056,Southeast University,東南大學,George Washington University,George Washington University,1924,1940,['Unspecified'],['Unspecified'],China,US
N01058,Central University,中央大學,University of Minnesota,University of Minnesota,1933,1939,['Unspecified'],['Master'],China,US
N01058,University of Minnesota,University of Minnesota,Oregon State College,Oregon State College,1939,1943,['Master'],['Unspecified'],US,US
N01059,Tri-State College,Tri-State College,University of Michigan,University of Michigan,1936,1941,['Bachelor'],['Unspecified'],US,US
N01062,Shanghai University,滬江大學,University of Richmond,University of Richmond,1929,1941,['Unspecified'],['Unspecified'],China,US
N01062,University of Richmond,University of Richmond,University of Pennsylvania,University of Pennsylvania,1941,1943,['Unspecified'],['Master'],US,US
N01065,Williams Hospital,Williams Hospital,"Children Hospital, Massachusetts","Children Hospital, Massachusetts",1932,1943,['Unspecified'],['Unspecified'],US,US
N01067,Tsinghua University,清華大學,Yenching University,燕京大學,1930,1934,['Unspecified'],['Unspecified'],China,China
N01067,Yenching University,燕京大學,Harvard University,Harvard University,1934,1942,['Unspecified'],['Doctorate'],China,US
N01068,Duquesne University,Duquesne University,University of Pittsburgh,University of Pittsburgh,1934,1935,['Unspecified'],['Unspecified'],US,US
N01069,Zhongshan University,中山大學,Yenching University,燕京大學,1931,1933,['Unspecified'],['Unspecified'],China,China
N01069,Yenching University,燕京大學,University of Pittsburgh,University of Pittsburgh,1933,1943,['Unspecified'],['Unspecified'],China,US
N01070,Park College,Park College,University of Nebraska,University of Nebraska,1939,1943,['Bachelor'],['Unspecified'],US,US
N01071,University of Hawaii,University of Hawaii,University of Michigan,University of Michigan,1930,1935,['Bachelor'],['Doctorate'],US,US
N01071,University of Michigan,University of Michigan,Wayne University,Wayne University,1935,1943,['Doctorate'],['Unspecified'],US,US
N01072,Lingnan University,嶺南大學,University of Hawaii,University of Hawaii,1940,1941,['Unspecified'],['Bachelor'],China,US
N01072,University of Hawaii,University of Hawaii,Cornell University,Cornell University,1941,1943,['Bachelor'],['Unspecified'],US,US
N01074,Nankai University,南開大學,Columbia University,Columbia University,1931,1940,['Unspecified'],['Master'],China,US
N01074,Columbia University,Columbia University,New School For Social Research,New School For Social Research,1940,1942,['Master'],['Unspecified'],US,US
N01076,St. John's University,聖約翰大學,Massachusetts Institute of Technology,Massachusetts Institute of Technology,1937,1942,['Unspecified'],['Bachelor'],China,US
N01078,Southeast University,東南大學,Millsaps College,Millsaps College,1940,1942,['Unspecified'],['Bachelor'],China,US
N01078,Millsaps College,Millsaps College,Indiana University,Indiana University,1942,1943,['Bachelor'],['Doctorate'],US,US
N01079,Jinling University,金陵大學,American National University,NationaI University,1935,1939,['Unspecified'],['Master'],China,US
N01080,Tsinghua University,清華大學,Colorado School of Mines,Colorado School of Mines,1933,1941,['Unspecified'],['Unspecified'],China,US
N01080,Tsinghua University,清華大學,McGill University,McGill University,1933,1941,['Unspecified'],['Master'],China,Other
N01080,Colorado School of Mines,Colorado School of Mines,California Institute of Technology,California Institute of Technology,1941,1943,['Unspecified'],['Unspecified'],US,US
N01080,McGill University,McGill University,California Institute of Technology,California Institute of Technology,1941,1943,['Master'],['Unspecified'],Other,US
N01081,Yenching University,燕京大學,Tsinghua University,清華大學,1933,1935,['Unspecified'],['Unspecified'],China,China
N01081,Tsinghua University,清華大學,University of London,University of London,1935,1938,['Unspecified'],['Doctorate'],China,Other
N01086,Yenching University,燕京大學,University of Michigan,University of Michigan,1937,1941,['Unspecified'],['Master'],China,US
N01086,University of Michigan,University of Michigan,University of Minnesota,University of Minnesota,1941,1943,['Master'],['Unspecified'],US,US
N01088,Fujian Union University,福建協和大學,Harvard University,Harvard University,1930,1940,['Unspecified'],['Unspecified'],China,US
N01088,Harvard University,Harvard University,Massachusetts Institute of Technology,Massachusetts Institute of Technology,1940,1943,['Unspecified'],['Unspecified'],US,US
N01089,Harvard University,Harvard University,Boston University,Boston University,1941,1943,['Unspecified'],['Unspecified'],US,US
N01090,Yenching University,燕京大學,Peking Union Medical College,協和醫學院,1930,1934,['Unspecified'],['Unspecified'],China,China
N01090,Peking Union Medical College,協和醫學院,Johns Hopkins University,Johns Hopkins University,1934,1942,['Unspecified'],['Master'],China,US
N01091,St. John's University,聖約翰大學,Yenching University,燕京大學,1928,1931,['Unspecified'],['Unspecified'],China,China
N01091,Yenching University,燕京大學,Harvard University,Harvard University,1931,1943,['Unspecified'],['Doctorate'],China,US
N01092,Beiyang University,北洋大學,University of London,University of London,1933,1937,['Unspecified'],['Master'],China,Other
N01092,University of London,University of London,Technical College of Hanover,Technical College of Hanover,1937,1939,['Master'],['Unspecified'],Other,Other
N01094,Central University,中央大學,Cambridge University,Cambridge University,1926,1939,['Unspecified'],['Master'],China,Other
N01094,Cambridge University,Cambridge University,University of Michigan,University of Michigan,1939,1941,['Master'],['Unspecified'],Other,US
N01096,Yenching University,燕京大學,University of Michigan,University of Michigan,1936,1939,['Unspecified'],['Master'],China,US
N01097,Jiaotong University,交通大學,University of Michigan,University of Michigan,1941,1942,['Unspecified'],['Master'],China,US
N01098,Tri-State College,Tri-State College,New York University,New York University,1929,1935,['Unspecified'],['Unspecified'],US,US
N01098,New York University,New York University,Safair Flying School,Safair Flying School,1935,1937,['Unspecified'],['Unspecified'],US,US
N01100,Nankai University,南開大學,Yale University,Yale University,1937,1942,['Unspecified'],['Master'],China,US
N01101,Yenching University,燕京大學,New York University,New York University,1932,1937,['Unspecified'],['Master'],China,US
N01102,Southeast University,東南大學,George Washington University,George Washington University,1910,1919,['Unspecified'],['Master'],China,US
N01102,George Washington University,George Washington University,Southern College,Southern College,1919,1930,['Master'],['Doctorate'],US,US
N01103,Yenching University,燕京大學,University of California,University of California,1941,1943,['Unspecified'],['Unspecified'],China,US
N01104,Yenching University,燕京大學,Columbia University,Columbia University,1935,1940,['Unspecified'],['Master'],China,US
N01105,Jinling University,金陵大學,Oregon State College,Oregon State College,1936,1943,['Unspecified'],['Unspecified'],China,US
N01106,Xiamen University,廈門大學,Rostock University,Rostock University,1925,1928,['Unspecified'],['Doctorate'],China,Other
N01106,Rostock University,Rostock University,Johns Hopkins University,Johns Hopkins University,1928,1942,['Doctorate'],['Master'],Other,US
N01110,Shanghai University,滬江大學,Columbia University,Columbia University,1934,1942,['Unspecified'],['Master'],China,US
N01111,Southeast University,東南大學,Albion College,Albion College,1941,1943,['Unspecified'],['Unspecified'],China,US
N01112,Zhijiang University,之江大學,University of Southern California,University of Southern California,1924,1930,['Unspecified'],['Master'],China,US
N01113,Birmingham-Southern College,Birmingham-Southern College,Virginia Polytechnic Institute,Virginia Polytechnic Institute,1942,1943,['Unspecified'],['Unspecified'],US,US
N01116,Shanghai Xinhua University of Art,上海新華藝術大學,Art Institute of Chicago,Art Institute of Chicago,1928,1938,['Unspecified'],['Unspecified'],China,US
N01118,Fujian Union University,福建協和大學,Drew University,Drew University,1927,1940,['Unspecified'],['Master'],China,US
N01118,Drew University,Drew University,University of Chicago,University of Chicago,1940,1943,['Master'],['Unspecified'],US,US
N01119,Tsinghua University,清華大學,Harvard University,Harvard University,1938,1943,['Unspecified'],['Unspecified'],China,US
N01123,Jiaotong University,交通大學,University of Pennsylvania,University of Pennsylvania,1939,1942,['Unspecified'],['Master'],China,US
N01123,University of Pennsylvania,University of Pennsylvania,Harvard University,Harvard University,1942,1943,['Master'],['Unspecified'],US,US
N01124,University of Dubuque,University of Dubuque,Columbia University,Columbia University,1941,1942,['Bachelor'],['Unspecified'],US,US
N01128,Beijing University,北京大學,Purdue University,Purdue University,1934,1939,['Unspecified'],['Master'],China,US
N01129,Qilu University,齊魯大學,Yenching University,燕京大學,1929,1932,['Unspecified'],['Unspecified'],China,China
N01129,Yenching University,燕京大學,Cornell University,Cornell University,1932,1942,['Unspecified'],['Doctorate'],China,US
N01130,Tsinghua University,清華大學,Harvard University,Harvard University,1937,1943,['Unspecified'],['Master'],China,US
N01134,St. John's University,聖約翰大學,University of Pennsylvania,University of Pennsylvania,1941,1943,['Unspecified'],['Unspecified'],China,US
N01135,St. John's University,聖約翰大學,University of Michigan,University of Michigan,1936,1938,['Unspecified'],['Unspecified'],China,US
N01135,University of Michigan,University of Michigan,University of Chicago,University of Chicago,1938,1943,['Unspecified'],['Unspecified'],US,US
N01136,Central University,中央大學,University of Michigan,University of Michigan,1934,1938,['Unspecified'],['Master'],China,US
N01136,University of Michigan,University of Michigan,University of Iowa,University of Iowa,1938,1942,['Master'],['Doctorate'],US,US
N01137,Shanghai University,滬江大學,Park College,Park College,1937,1938,['Unspecified'],['Unspecified'],China,US
N01137,Park College,Park College,University of Missouri,University of Missouri,1938,1939,['Unspecified'],['Unspecified'],US,US
N01143,New York University,New York University,University of Chicago,University of Chicago,1939,1941,['Bachelor'],['Unspecified'],US,US
N01144,Jiaotong University,交通大學,Harvard University,Harvard University,1930,1939,['Unspecified'],['Unspecified'],China,US
N01145,Yenching University,燕京大學,Stanford University,Stanford University,1930,1942,['Unspecified'],['Master'],China,US
N01147,Yenching University,燕京大學,Michigan State College,Michigan State College,1936,1940,['Unspecified'],['Master'],China,US
N01147,Michigan State College,Michigan State College,University of Michigan,University of Michigan,1940,1943,['Master'],['Unspecified'],US,US
N01148,University of Hong Kong,University of Hong Kong,California Institute of Technology,California Institute of Technology,1941,1942,['Unspecified'],['Master'],Other,US
N01150,Maryville College,Maryville College,St. Louis College of Pharmacy,St. Louis College of Pharmacy,1938,1942,['Unspecified'],['Unspecified'],US,US
N01150,Maryville College,Maryville College,State University of Iowa,State University of Iowa,1938,1942,['Unspecified'],['Bachelor'],US,US
N01152,Guanghua University,光華大學,George Washington University,George Washington University,1939,1941,['Unspecified'],['Bachelor'],China,US
N01152,George Washington University,George Washington University,University of Wisconsin,University of Wisconsin,1941,1942,['Bachelor'],['Master'],US,US
N01154,St. John's University,聖約翰大學,National College of Music,國主音樂專科學校,1933,1934,['Unspecified'],['Unspecified'],China,China
N01155,Fudan University,復旦大學,State University of Iowa,State University of Iowa,1937,1943,['Unspecified'],['Master'],China,US
N01156,University of California,University of California,University of Washington,University of Washington,1941,1943,['Bachelor'],['Unspecified'],US,US
N01157,Lingnan University,嶺南大學,Oregon State College,Oregon State College,1933,1941,['Unspecified'],['Doctorate'],China,US
N01159,University de Liege,University de Liege,University of Michigan,University of Michigan,1940,1943,['Unspecified'],['Unspecified'],Other,US
N01161,Tsinghua University,清華大學,University of Michigan,University of Michigan,1938,1940,['Unspecified'],['Master'],China,US
N01166,University of Washington,University of Washington,Massachusetts Institute of Technology,Massachusetts Institute of Technology,1942,1943,['Unspecified'],['Unspecified'],US,US
N01168,Ginling College,金陵女子文理學院,Mount Holyoke College,Mount Holyoke College,1930,1933,['Unspecified'],['Master'],China,US
N01168,Mount Holyoke College,Mount Holyoke College,University of Michigan,University of Michigan,1933,1937,['Master'],['Unspecified'],US,US
N01169,Yenching University,燕京大學,University of Michigan,University of Michigan,1939,1942,['Unspecified'],['Unspecified'],China,US
N01169,University of Michigan,University of Michigan,Michigan State College,Michigan State College,1942,1943,['Unspecified'],['Unspecified'],US,US
N01170,Jinan University,暨南大學,University of Michigan,University of Michigan,1937,1940,['Unspecified'],['Master'],China,US
N01171,St. John's University,聖約翰大學,University of Michigan,University of Michigan,1940,1941,['Unspecified'],['Master'],China,US
N01172,Tsinghua University,清華大學,Yenching University,燕京大學,1937,1940,['Unspecified'],['Unspecified'],China,China
N01172,Yenching University,燕京大學,University of California,University of California,1940,1943,['Unspecified'],['Doctorate'],China,US
N01173,Zhejiang University,浙江大學,Carnegie Institute of Technology,Carnegie Institute of Technology,1937,1943,['Unspecified'],['Unspecified'],China,US
N01174,Lingnan University,嶺南大學,Ohio Wesleyan University,Ohio Wesleyan University,1939,1941,['Unspecified'],['Bachelor'],China,US
N01174,Ohio Wesleyan University,Ohio Wesleyan University,Ohio State University,Ohio State University,1941,1942,['Bachelor'],['Master'],US,US
N01175,Lingnan University,嶺南大學,University of Michigan,University of Michigan,1940,1941,['Unspecified'],['Unspecified'],China,US
N01175,University of Michigan,University of Michigan,Taliesin Fellowship,Taliesin Fellowship,1941,1942,['Unspecified'],['Unspecified'],US,US
N01175,Taliesin Fellowship,Taliesin Fellowship,Illinois Institute of Technology,Illinois Institute of Technology,1942,1943,['Unspecified'],['Unspecified'],US,US
N01177,Southeast University,東南大學,Cornell University,Cornell University,1941,1943,['Unspecified'],['Unspecified'],China,US
N01179,Wusong Merchant Shipping School,吳淞商船學校,University of Washington,University of Washington,1938,1943,['Unspecified'],['Unspecified'],China,US
N01182,Guanghua University,光華大學,University of Pennsylvania,University of Pennsylvania,1926,1937,['Unspecified'],['Unspecified'],China,US
N01182,University of Pennsylvania,University of Pennsylvania,New York University,New York University,1937,1939,['Unspecified'],['Master'],US,US
N01184,Southwest Associated University,西南聯合大學,Park College,Park College,1939,1942,['Unspecified'],['Bachelor'],China,US
N01184,Park College,Park College,Wellesley College,Wellesley College,1942,1943,['Bachelor'],['Unspecified'],US,US
N01185,Southwest Associated University,西南聯合大學,University of Chicago,University of Chicago,1940,1943,['Unspecified'],['Master'],China,US
N01188,University of Michigan,University of Michigan,Harvard University,Harvard University,1941,1943,['Unspecified'],['Unspecified'],US,US
N01188,University of Michigan,University of Michigan,Yale University,Yale University,1941,1943,['Unspecified'],['Bachelor'],US,US
N01189,Lingnan University,嶺南大學,Columbia University,Columbia University,1938,1943,['Unspecified'],['Master'],China,US
N01190,University of Hong Kong,University of Hong Kong,Pomona College,Pomona College,1941,1942,['Unspecified'],['Bachelor'],Other,US
N01190,Pomona College,Pomona College,University of Washington,University of Washington,1942,1943,['Bachelor'],['Unspecified'],US,US
N01191,Guanghua University,光華大學,Indiana University,Indiana University,1941,1942,['Unspecified'],['Master'],China,US
N01191,Indiana University,Indiana University,Harvard University,Harvard University,1942,1943,['Master'],['Unspecified'],US,US
N01193,College of St. Elisabeth,College of St. Elisabeth,Fordham University,Fordham University,1939,1940,['Bachelor'],['Master'],US,US
N01194,Jiaotong University,交通大學,Purdue University,Purdue University,1939,1940,['Unspecified'],['Master'],China,US
N01194,Purdue University,Purdue University,Illinois Institute of Technology,Illinois Institute of Technology,1940,1942,['Master'],['Unspecified'],US,US
N01196,Detroit Institute of Technology,Detroit Institute of Technology,University of Michigan,University of Michigan,1937,1938,['Bachelor'],['Master'],US,US
N01196,University of Michigan,University of Michigan,Columbia University,Columbia University,1938,1943,['Master'],['Unspecified'],US,US
N01197,Tsinghua University,清華大學,University of Toronto,University of Toronto,1937,1942,['Unspecified'],['Master'],China,Other
N01197,University of Toronto,University of Toronto,University of Chicago,University of Chicago,1942,1943,['Master'],['Unspecified'],Other,US
N01199,Purdue University,Purdue University,University of Michigan,University of Michigan,1940,1942,['Bachelor'],['Master'],US,US
N01201,Westmont College,Westmont College,Pasadena College,Pasadena College,1941,1942,['Unspecified'],['Unspecified'],US,US
N01201,Pasadena College,Pasadena College,University of Southern California,University of Southern California,1942,1943,['Unspecified'],['Unspecified'],US,US
N01202,Jinling University,金陵大學,Iowa State College,Iowa State College,1936,1943,['Unspecified'],['Unspecified'],China,US
N01203,Cornell University,Cornell University,Harvard University,Harvard University,1914,1918,['Bachelor'],['Doctorate'],US,US
N01204,Jiaotong University,交通大學,Purdue University,Purdue University,1941,1942,['Unspecified'],['Master'],China,US
N01204,Purdue University,Purdue University,Massachusetts Institute of Technology,Massachusetts Institute of Technology,1942,1943,['Master'],['Unspecified'],US,US
N01205,Fu-jen University,輔仁大學,Duke University,Duke University,1937,1942,['Unspecified'],['Master'],China,US
N01209,St. John's University,聖約翰大學,Massachusetts Institute of Technology,Massachusetts Institute of Technology,1940,1943,['Unspecified'],['Unspecified'],China,US
N01213,Zhongshan University,中山大學,Columbia University,Columbia University,1938,1942,['Unspecified'],['Unspecified'],China,US
N01214,San Francisco State College,San Francisco State College,Stanford University,Stanford University,1938,1939,['Bachelor'],['Master'],US,US
N01215,University of Hong Kong,University of Hong Kong,Columbia University,Columbia University,1941,1943,['Unspecified'],['Unspecified'],Other,US
N01216,Jinling University,金陵大學,University of Michigan,University of Michigan,1937,1943,['Unspecified'],"['Bachelor', 'Master']",China,US
N01217,University of Michigan,University of Michigan,Lousiana State University,Lousiana State University,1938,1943,['Unspecified'],['Bachelor'],US,US
N01218,Yenching University,燕京大學,University of Michigan,University of Michigan,1934,1941,['Unspecified'],['Master'],China,US
N01220,Yenching University,燕京大學,University of Chicago,University of Chicago,1939,1941,['Unspecified'],['Master'],China,US
N01220,University of Chicago,University of Chicago,Harvard University,Harvard University,1941,1943,['Master'],['Master'],US,US
N01221,Southeast University,東南大學,University of Chicago,University of Chicago,1925,1942,['Unspecified'],['Master'],China,US
N01221,University of Chicago,University of Chicago,Columbia University,Columbia University,1942,1943,['Master'],['Unspecified'],US,US
N01222,University of Michigan,University of Michigan,Massachusetts Institute of Technology,Massachusetts Institute of Technology,1942,1943,['Bachelor'],['Unspecified'],US,US
N01225,Stanford University,Stanford University,University of Arizona,University of Arizona,1937,1942,['Bachelor'],['Master'],US,US
N01225,University of Arizona,University of Arizona,University of Illinois,University of Illinois,1942,1943,['Master'],['Unspecified'],US,US
N01226,Lingnan University,嶺南大學,University of Michigan,University of Michigan,1936,1938,['Unspecified'],['Master'],China,US
N01227,Tsinghua University,清華大學,Penn State College,Penn State College,1932,1940,['Unspecified'],['Doctorate'],China,US
N01231,Jinan University,暨南大學,Tri-State College,Tri-State College,1933,1941,['Unspecified'],['Bachelor'],China,US
N01233,Smith College,Smith College,New York University,New York University,1942,1943,['Bachelor'],['Unspecified'],US,US
N01236,Central University,中央大學,Ohio State University,Ohio State University,1933,1936,['Unspecified'],['Master'],China,US
N01238,Jiaotong University,交通大學,Cornell University,Cornell University,1936,1940,['Unspecified'],['Unspecified'],China,US
N01239,Guanghua Medical College,光華醫學院,Massachusetts Institute of Technology,Massachusetts Institute of Technology,1938,1943,['Unspecified'],['Unspecified'],China,US
N01242,Fudan University,復旦大學,University of Wisconsin,University of Wisconsin,1940,1943,['Unspecified'],['Bachelor'],China,US
N01243,University of Costa Rica,University of Costa Rica,Iowa State College,Iowa State College,1942,1943,['Unspecified'],['Unspecified'],Other,US
N01244,Hwa Nan College,華南學院,Drew University,Drew University,1930,1943,['Unspecified'],['Unspecified'],China,US
N01245,Tri-State College,Tri-State College,Columbia University,Columbia University,1941,1943,['Bachelor'],['Unspecified'],US,US
N01246,Lingnan University,嶺南大學,New York University,New York University,1938,1943,['Unspecified'],['Master'],China,US
N01248,Fudan University,復旦大學,University of Paris,University of Paris,1928,1941,['Unspecified'],['Doctorate'],China,Other
N01249,Jiaotong University,交通大學,University of Michigan,University of Michigan,1933,1940,['Unspecified'],['Master'],China,US
N01250,Zhongshan University,中山大學,Stanford University,Stanford University,1937,1943,['Unspecified'],['Unspecified'],China,US
N01251,Madison College,Madison College,Lousiana State University,Lousiana State University,1942,1943,['Bachelor'],['Unspecified'],US,US
N01252,Jiaotong University,交通大學,University of Michigan,University of Michigan,1932,1937,['Unspecified'],['Master'],China,US
N01253,Jiaotong University,交通大學,Massachusetts Institute of Technology,Massachusetts Institute of Technology,1930,1941,['Unspecified'],['Master'],China,US
N01256,Lingnan University,嶺南大學,Oregon State College,Oregon State College,1938,1941,['Unspecified'],['Master'],China,US
N01258,George Peabody College,George Peabody College,Columbia University,Columbia University,1938,1940,['Master'],['Doctorate'],US,US
N01259,Hwa Nan College,華南學院,Boston University,Boston University,1938,1940,['Unspecified'],['Master'],China,US
N01260,Catholic University of America,Catholic University of America,Purdue University,Purdue University,1937,1940,['Bachelor'],['Bachelor'],US,US
N01262,Nankai University,南開大學,Ohio State University,Ohio State University,1936,1942,['Unspecified'],['Unspecified'],China,US
N01263,Beiyang University,北洋大學,University of Pennsylvania,University of Pennsylvania,1903,1911,['Unspecified'],['Bachelor'],China,US
N01267,Yenching University,燕京大學,University of Kansas,University of Kansas,1938,1941,['Unspecified'],['Bachelor'],China,US
N01267,University of Kansas,University of Kansas,University of Chicago,University of Chicago,1941,1943,['Bachelor'],['Unspecified'],US,US
N01270,Shandong University,山東大學,Oregon State College,Oregon State College,1935,1940,['Unspecified'],['Doctorate'],China,US
N01271,Lingnan University,嶺南大學,Lowell Textile Institute,Lowell Textile Institute,1937,1942,['Unspecified'],['Unspecified'],China,US
N01271,Lowell Textile Institute,Lowell Textile Institute,Columbia University,Columbia University,1942,1943,['Unspecified'],['Unspecified'],US,US
N01273,Yenching University,燕京大學,Princeton University,Princeton University,1938,1943,['Unspecified'],['Unspecified'],China,US
N01275,Lingnan University,嶺南大學,University of Southern California,University of Southern California,1928,1940,['Unspecified'],['Master'],China,US
N01276,Oxford University,Oxford University,Columbia University,Columbia University,1928,1929,['Bachelor'],['Unspecified'],Other,US
N01277,Tsinghua University,清華大學,University of Minnesota,University of Minnesota,1934,1943,['Unspecified'],['Unspecified'],China,US
N01278,Southwest Associated University,西南聯合大學,Massachusetts Institute of Technology,Massachusetts Institute of Technology,1940,1943,['Unspecified'],['Unspecified'],China,US
N01279,University of California,University of California,University of Michigan,University of Michigan,1920,1922,['Unspecified'],['Unspecified'],US,US
N01280,Yenching University,燕京大學,Harvard University,Harvard University,1937,1941,['Unspecified'],['Master'],China,US
N01281,Lingnan University,嶺南大學,Illinois Institute of Technology,Illinois Institute of Technology,1930,1934,['Unspecified'],['Bachelor'],China,US
N01281,Illinois Institute of Technology,Illinois Institute of Technology,University of Chicago,University of Chicago,1934,1943,['Bachelor'],['Unspecified'],US,US
N01282,Bryn Mawr College,Bryn Mawr College,Smith College,Smith College,1942,1943,['Unspecified'],['Unspecified'],US,US
N01283,Jiaotong University,交通大學,Stanford University,Stanford University,1935,1940,['Unspecified'],['Unspecified'],China,US
N01284,Central University,中央大學,Massachusetts Institute of Technology,Massachusetts Institute of Technology,1933,1943,['Unspecified'],['Master'],China,US
N01285,Guangdong National University,廣東國民大學,Boston University,Boston University,1936,1940,['Unspecified'],['Master'],China,US
N01285,Boston University,Boston University,Catholic University of America,Catholic University of America,1940,1943,['Master'],['Unspecified'],US,US
N01287,Fu-jen University,輔仁大學,Catholic University of America,Catholic University of America,1932,1937,['Unspecified'],['Master'],China,US
N01288,Beijing University,北京大學,University of Kansas,University of Kansas,1931,1941,['Unspecified'],['Unspecified'],China,US
N01288,University of Kansas,University of Kansas,University of Minnesota,University of Minnesota,1941,1943,['Unspecified'],['Unspecified'],US,US
N01289,Guangdong Provincial Technical College,廣東省立工業專門學校,Polytechnic Engineering College,Polytechnic Engineering College,1934,1942,['Unspecified'],['Bachelor'],China,US
N01289,Polytechnic Engineering College,Polytechnic Engineering College,University of Michigan,University of Michigan,1942,1943,['Bachelor'],['Unspecified'],US,US
N01291,Curtiss-Wright Technical Institute,Curtiss-Wright Technical Institute,University of Southern California,University of Southern California,1939,1942,['Unspecified'],['Unspecified'],US,US
N01293,West China University,華西大學,Yenching University,燕京大學,1932,1938,['Unspecified'],['Unspecified'],China,China
N01293,Yenching University,燕京大學,Cornell University,Cornell University,1938,1943,['Unspecified'],['Unspecified'],China,US
N01297,Fujian Union University,福建協和大學,University of Southern California,University of Southern California,1934,1940,['Unspecified'],['Master'],China,US
N01297,University of Southern California,University of Southern California,University of Minnesota,University of Minnesota,1940,1943,['Master'],['Unspecified'],US,US
N01298,Massachusetts Institute of Technology,Massachusetts Institute of Technology,University of Minnesota,University of Minnesota,1940,1942,['Bachelor'],['Unspecified'],US,US
N01300,Ginling College,金陵女子文理學院,University of London,University of London,1936,1939,['Unspecified'],['Unspecified'],China,Other
N01300,University of London,University of London,Radcliffe College,Radcliffe College,1939,1943,['Unspecified'],['Unspecified'],Other,US
N01300,University of London,University of London,Smith College,Smith College,1939,1943,['Unspecified'],['Bachelor'],Other,US
N01301,Hwa Nan College,華南學院,University of Southern California,University of Southern California,1936,1942,['Unspecified'],['Master'],China,US
N01303,Anhui University,安徽大學,Stanford University,Stanford University,1934,1936,['Unspecified'],['Master'],China,US
N01304,Massachusetts Institute of Technology,Massachusetts Institute of Technology,University of Cincinnati,University of Cincinnati,1936,1939,['Unspecified'],['Master'],US,US
N01305,University of Hong Kong,University of Hong Kong,Harvard University,Harvard University,1941,1943,['Unspecified'],['Unspecified'],Other,US
N01306,Fujian Union University,福建協和大學,Yenching University,燕京大學,1929,1935,['Unspecified'],['Unspecified'],China,China
N01306,Yenching University,燕京大學,Michigan State College,Michigan State College,1935,1943,['Unspecified'],['Unspecified'],China,US
N01307,Fujian Union University,福建協和大學,Yenching University,燕京大學,1931,1937,['Unspecified'],['Unspecified'],China,China
N01307,Yenching University,燕京大學,University of Pennsylvania,University of Pennsylvania,1937,1942,['Unspecified'],['Master'],China,US
N01308,Cambridge University,Cambridge University,Harvard University,Harvard University,1939,1943,['Bachelor'],['Unspecified'],Other,US
N01311,Zhijiang University,之江大學,Massachusetts Institute of Technology,Massachusetts Institute of Technology,1939,1943,['Unspecified'],['Unspecified'],China,US
N01313,Columbia University,Columbia University,Pratt Institute,Pratt Institute,1942,1943,['Unspecified'],['Unspecified'],US,US
N01314,Southwest Associated University,西南聯合大學,Columbia University,Columbia University,1940,1943,['Unspecified'],['Unspecified'],China,US
N01317,Central Army Military Academy,中央陸軍軍官學校,Army University,陸軍大學,1923,1934,['Unspecified'],['Unspecified'],China,China
N01319,University of Hawaii,University of Hawaii,University of Michigan,University of Michigan,1941,1943,['Unspecified'],['Unspecified'],US,US
N01322,Propaganda Fide,Propaganda Fide,Columbia University,Columbia University,1934,1942,['Doctorate'],['Master'],Other,US
N01322,Columbia University,Columbia University,Fordham University,Fordham University,1942,1943,['Master'],['Unspecified'],US,US
N01324,Fujian Union University,福建協和大學,University of Pennsylvania,University of Pennsylvania,1934,1942,['Unspecified'],['Master'],China,US
N01325,University of Hawaii,University of Hawaii,University of Michigan,University of Michigan,1941,1943,['Unspecified'],['Unspecified'],US,US
N01326,University of Illinois,University of Illinois,University of Chicago,University of Chicago,1942,1943,"['Bachelor', 'Master']",['Unspecified'],US,US
N01329,Yenching University,燕京大學,Princeton University,Princeton University,1935,1941,['Unspecified'],['Unspecified'],China,US
N01331,University of Texas,University of Texas,Tulane University,Tulane University,1942,1943,['Unspecified'],['Unspecified'],US,US
N01339,Witwatersrand College,Witwatersrand College,Spartan College of Aeronautics and Technology,Spartan College of Aeronautics and Technology,1938,1942,['Bachelor'],['Unspecified'],Other,US
N01341,Yenching University,燕京大學,Harvard University,Harvard University,1937,1941,['Unspecified'],['Doctorate'],China,US
N01347,Jinling University,金陵大學,Ohio Wesleyan University,Ohio Wesleyan University,1929,1931,['Unspecified'],['Bachelor'],China,US
N01347,Ohio Wesleyan University,Ohio Wesleyan University,Johns Hopkins University,Johns Hopkins University,1931,1941,['Bachelor'],['Doctorate'],US,US
N01348,Lingnan University,嶺南大學,Pomona College,Pomona College,1937,1938,['Unspecified'],['Unspecified'],China,US
N01348,Pomona College,Pomona College,University of Southern California,University of Southern California,1938,1943,['Unspecified'],['Unspecified'],US,US
N01349,Southeast University,東南大學,New School For Social Research,New School For Social Research,1925,1943,['Unspecified'],['Unspecified'],China,US
N01350,Beijing University,北京大學,University of Maryland,University of Maryland,1935,1942,['Unspecified'],['Unspecified'],China,US
N01350,University of Maryland,University of Maryland,University of Illinois,University of Illinois,1942,1943,['Unspecified'],['Unspecified'],US,US
N01351,Jinling University,金陵大學,University of Minnesota,University of Minnesota,1936,1942,['Unspecified'],['Master'],China,US
N01352,Ginling College,金陵女子文理學院,University of Minnesota,University of Minnesota,1938,1943,['Unspecified'],['Master'],China,US
N01353,Yunnan University,雲南大學,College of St. Teresa,College of St. Teresa,1940,1943,['Unspecified'],['Unspecified'],China,US
N01355,Southwest Associated University,西南聯合大學,College of St. Teresa,College of St. Teresa,1940,1942,['Unspecified'],['Bachelor'],China,US
N01355,College of St. Teresa,College of St. Teresa,Radcliffe College,Radcliffe College,1942,1943,['Bachelor'],['Unspecified'],US,US
N01357,Jinling University,金陵大學,University of Minnesota,University of Minnesota,1934,1943,['Unspecified'],['Unspecified'],China,US
N01358,Ginling College,金陵女子文理學院,University of Minnesota,University of Minnesota,1937,1941,['Unspecified'],['Master'],China,US
N01359,University of British Columbia,University of British Columbia,Massachusetts Institute of Technology,Massachusetts Institute of Technology,1937,1942,['Bachelor'],['Unspecified'],Other,US
N01359,Massachusetts Institute of Technology,Massachusetts Institute of Technology,Purdue University,Purdue University,1942,1943,['Unspecified'],['Master'],US,US
N01360,Central University,中央大學,University of Wisconsin,University of Wisconsin,1934,1943,['Unspecified'],['Unspecified'],China,US
N01361,Guanghua University,光華大學,Yenching University,燕京大學,1932,1934,['Unspecified'],['Unspecified'],China,China
N01361,Yenching University,燕京大學,University of Toronto,University of Toronto,1934,1942,['Unspecified'],['Doctorate'],China,Other
N01362,Qilu University,齊魯大學,Tri-State College,Tri-State College,1937,1942,['Unspecified'],['Bachelor'],China,US
N01368,Nankai University,南開大學,Massachusetts College of Pharmacy,Massachusetts College of Pharmacy,1937,1942,['Unspecified'],['Unspecified'],China,US
N01369,Jinling University,金陵大學,University of Maryland,University of Maryland,1934,1943,['Unspecified'],['Unspecified'],China,US
N01370,Ginling College,金陵女子文理學院,Northwestern University,Northwestern University,1938,1941,['Unspecified'],['Unspecified'],China,US
N01371,Yenching University,燕京大學,Washington University,Washington University,1940,1943,['Unspecified'],['Master'],China,US
N01372,Datong University,大同大學,University of Washington,University of Washington,1935,1943,['Unspecified'],['Unspecified'],China,US
N01373,Yenching University,燕京大學,Columbia University,Columbia University,1931,1942,['Unspecified'],['Master'],China,US
N01374,Beijing University,北京大學,University of California,University of California,1933,1943,['Unspecified'],['Master'],China,US
N01375,Purdue University,Purdue University,University of Colorado,University of Colorado,1942,1943,['Unspecified'],['Unspecified'],US,US
N01376,Fu-jen University,輔仁大學,Michigan State College,Michigan State College,1940,1943,['Unspecified'],['Unspecified'],China,US
N01377,Beiyang University,北洋大學,Massachusetts Institute of Technology,Massachusetts Institute of Technology,1940,1943,['Unspecified'],['Unspecified'],China,US
N01378,Yenching University,燕京大學,University of Kansas,University of Kansas,1935,1941,['Unspecified'],['Master'],China,US
N01378,University of Kansas,University of Kansas,Columbia University,Columbia University,1941,1943,['Master'],['Unspecified'],US,US
N01384,St. John's University,聖約翰大學,University of Minnesota,University of Minnesota,1939,1943,['Unspecified'],['Unspecified'],China,US
N01385,University of Hong Kong,University of Hong Kong,Wellesley College,Wellesley College,1938,1943,['Unspecified'],['Unspecified'],Other,US
N01386,Jiaotong University,交通大學,University of London,University of London,1935,1940,['Unspecified'],['Doctorate'],China,Other
N01387,Shanghai University,滬江大學,University of Southern California,University of Southern California,1941,1943,['Unspecified'],['Unspecified'],China,US
N01388,Xiamen University,廈門大學,University of London,University of London,1934,1939,['Unspecified'],['Doctorate'],China,Other
N01388,University of London,University of London,California Institute of Technology,California Institute of Technology,1939,1943,['Doctorate'],['Unspecified'],Other,US
N01389,Mercer University,Mercer University,University of San Francisco,University of San Francisco,1932,1942,['Bachelor'],['Master'],US,US
N01390,Yenching University,燕京大學,University of Chicago,University of Chicago,1935,1942,['Unspecified'],['Master'],China,US
N01391,Hebei Institute of Technology,河北工學院,University of Minnesota,University of Minnesota,1935,1939,['Unspecified'],['Bachelor'],China,US
N01393,University of Brussels,University of Brussels,University of Geneva,University of Geneva,1940,1941,['Unspecified'],['Unspecified'],Other,Other
N01393,University of Geneva,University of Geneva,Columbia University,Columbia University,1941,1943,['Unspecified'],['Master'],Other,US
N01396,St. John's University,聖約翰大學,Harvard University,Harvard University,1937,1943,['Unspecified'],['Master'],China,US
N01397,St. John's University,聖約翰大學,Cornell University,Cornell University,1941,1943,['Unspecified'],['Bachelor'],China,US
N01399,Jiaotong University,交通大學,Massachusetts Institute of Technology,Massachusetts Institute of Technology,1935,1939,['Unspecified'],['Master'],China,US
N01400,St. John's University,聖約翰大學,Cornell University,Cornell University,1941,1943,['Unspecified'],['Bachelor'],China,US
N01401,Jinan University,暨南大學,Loyola University,Loyola University,1933,1940,['Unspecified'],['Doctorate'],China,US
N01402,Jiaotong University,交通大學,Massachusetts Institute of Technology,Massachusetts Institute of Technology,1939,1943,['Unspecified'],['Unspecified'],China,US
N01403,Datong University,大同大學,University of Michigan,University of Michigan,1939,1941,['Unspecified'],['Bachelor'],China,US
N01403,University of Michigan,University of Michigan,California Institute of Technology,California Institute of Technology,1941,1942,['Bachelor'],['Master'],US,US
N01405,Normal University,師範大學,University of Southern California,University of Southern California,1936,1943,['Unspecified'],['Unspecified'],China,US
N01407,Wuhan University,武漢大學,Massachusetts Institute of Technology,Massachusetts Institute of Technology,1937,1943,['Unspecified'],['Unspecified'],China,US
N01408,Tsinghua University,清華大學,Massachusetts Institute of Technology,Massachusetts Institute of Technology,1941,1943,['Unspecified'],['Unspecified'],China,US
N01409,Jiaotong University,交通大學,Central University,中央大學,1937,1938,['Unspecified'],['Unspecified'],China,China
N01410,Pomona College,Pomona College,University of Chicago,University of Chicago,1942,1943,['Unspecified'],['Unspecified'],US,US
N01414,University of Illinois,University of Illinois,University of Pennsylvania,University of Pennsylvania,1939,1941,['Bachelor'],['Master'],US,US
N01414,University of Pennsylvania,University of Pennsylvania,University of Chicago,University of Chicago,1941,1942,['Master'],['Unspecified'],US,US
N01414,University of Chicago,University of Chicago,State University of Iowa,State University of Iowa,1942,1943,['Unspecified'],['Unspecified'],US,US
N01415,University of Hong Kong,University of Hong Kong,Massachusetts Institute of Technology,Massachusetts Institute of Technology,1936,1943,['Unspecified'],['Master'],Other,US
N01417,Oregon State College,Oregon State College,Iowa State College,Iowa State College,1938,1941,['Master'],['Doctorate'],US,US
N01419,Purdue University,Purdue University,Massachusetts Institute of Technology,Massachusetts Institute of Technology,1942,1943,['Unspecified'],['Unspecified'],US,US
N01420,Yenching University,燕京大學,University of Rochester,University of Rochester,1929,1943,['Unspecified'],['Unspecified'],China,US
N01421,University of the Philippines,University of the Philippines,Colorado School of Mines,Colorado School of Mines,1937,1939,['Unspecified'],['Unspecified'],Other,US
N01422,Beijing University,北京大學,California Institute of Technology,California Institute of Technology,1931,1939,['Unspecified'],['Master'],China,US
N01424,University of Richmond,University of Richmond,Medical College of Virginia,Medical College of Virginia,1931,1939,['Bachelor'],['Doctorate'],US,US
N01427,Lingnan University,嶺南大學,Washington University,Washington University,1937,1940,['Unspecified'],['Bachelor'],China,US
N01428,Shandong University,山東大學,University of California,University of California,1937,1943,['Unspecified'],['Unspecified'],China,US
N01430,Jiaotong University,交通大學,Massachusetts Institute of Technology,Massachusetts Institute of Technology,1936,1943,['Unspecified'],['Unspecified'],China,US
N01432,Mary Manse College,Mary Manse College,Marquette University,Marquette University,1941,1943,['Bachelor'],['Unspecified'],US,US
N01435,Tsinghua University,清華大學,Massachusetts Institute of Technology,Massachusetts Institute of Technology,1932,1943,['Unspecified'],['Unspecified'],China,US
N01436,Jiaotong University,交通大學,University of Michigan,University of Michigan,1940,1942,['Unspecified'],['Master'],China,US
N01438,University of Illinois,University of Illinois,University of Chicago,University of Chicago,1941,1942,['Unspecified'],['Unspecified'],US,US
N01439,Tsinghua University,清華大學,Harvard University,Harvard University,1937,1943,['Unspecified'],['Unspecified'],China,US
N01440,University of Hong Kong,University of Hong Kong,Harvard University,Harvard University,1938,1940,['Unspecified'],['Master'],Other,US
N01440,Harvard University,Harvard University,University of Illinois,University of Illinois,1940,1941,['Master'],['Unspecified'],US,US
N01441,Jiaotong University,交通大學,Air Force Technical College,空軍技術專門學校,1935,1938,['Unspecified'],['Unspecified'],China,China
N01441,Air Force Technical College,空軍技術專門學校,University of Toronto,University of Toronto,1938,1941,['Unspecified'],['Master'],China,Other
N01441,University of Toronto,University of Toronto,California Institute of Technology,California Institute of Technology,1941,1943,['Master'],['Unspecified'],Other,US
N01442,Northeastern University,Northeastern University,Columbia University,Columbia University,1939,1943,['Bachelor'],['Unspecified'],US,US
N01442,Northeastern University,Northeastern University,Harvard University,Harvard University,1939,1943,['Bachelor'],"['Bachelor', 'Master']",US,US
N01445,Yenching University,燕京大學,Drew University,Drew University,1923,1943,['Unspecified'],['Unspecified'],China,US
N01449,University of Hong Kong,University of Hong Kong,Purdue University,Purdue University,1941,1942,['Unspecified'],['Master'],Other,US
N01450,St. John's University,聖約翰大學,Purdue University,Purdue University,1939,1941,['Unspecified'],['Bachelor'],China,US
N01454,Xiamen University,廈門大學,University of Pennsylvania,University of Pennsylvania,1935,1943,['Unspecified'],['Unspecified'],China,US
N01455,Zhongshan University,中山大學,New York University,New York University,1937,1942,['Unspecified'],['Master'],China,US
N01457,Yenching University,燕京大學,Radcliffe College,Radcliffe College,1940,1943,['Unspecified'],['Unspecified'],China,US
N01461,Ohio Wesleyan University,Ohio Wesleyan University,University of Chicago,University of Chicago,1940,1942,['Bachelor'],['Master'],US,US
N01461,University of Chicago,University of Chicago,University of California,University of California,1942,1943,['Master'],['Unspecified'],US,US
N01463,Clark University,Clark University,University of Wisconsin,University of Wisconsin,1941,1943,['Unspecified'],['Unspecified'],US,US
N01464,Jiaotong University,交通大學,University of London,University of London,1936,1939,['Unspecified'],['Other degree'],China,Other
N01464,University of London,University of London,Cornell University,Cornell University,1939,1943,['Other degree'],['Unspecified'],Other,US
N01465,St. John's University,聖約翰大學,Stanford University,Stanford University,1937,1940,['Unspecified'],['Bachelor'],China,US
N01465,Stanford University,Stanford University,University of Michigan,University of Michigan,1940,1941,['Bachelor'],['Master'],US,US
N01465,University of Michigan,University of Michigan,Columbia University,Columbia University,1941,1942,['Master'],['Unspecified'],US,US
N01466,Jiaotong University,交通大學,Purdue University,Purdue University,1938,1940,['Unspecified'],['Bachelor'],China,US
N01466,Purdue University,Purdue University,University of Michigan,University of Michigan,1940,1942,['Bachelor'],['Master'],US,US
N01467,Beiyang University,北洋大學,Colorado School of Mines,Colorado School of Mines,1938,1943,['Unspecified'],['Unspecified'],China,US
N01468,Tsinghua University,清華大學,Massachusetts Institute of Technology,Massachusetts Institute of Technology,1940,1943,['Unspecified'],['Unspecified'],China,US
N01469,St. John's University,聖約翰大學,Cornell University,Cornell University,1939,1943,['Unspecified'],['Bachelor'],China,US
N01470,Dartmouth College,Dartmouth College,Royal Military College,Royal Military College,1932,1934,['Unspecified'],['Unspecified'],US,Other
N01471,Yenching University,燕京大學,Mount Holyoke College,Mount Holyoke College,1940,1942,['Unspecified'],['Master'],China,US
N01472,Yenching University,燕京大學,Colorado School of Mines,Colorado School of Mines,1940,1943,['Unspecified'],['Unspecified'],China,US
N01475,College of St. Elisabeth,College of St. Elisabeth,Fordham University,Fordham University,1939,1940,['Bachelor'],['Master'],US,US
N01476,Normal University,師範大學,University of Michigan,University of Michigan,1934,1936,['Unspecified'],['Master'],China,US
N01478,Aurora University,震旦大學,Harvard University,Harvard University,1930,1943,['Unspecified'],['Unspecified'],China,US
N01480,Yenching University,燕京大學,George Washington University,George Washington University,1936,1938,['Unspecified'],['Unspecified'],China,US
N01481,Duke University,Duke University,George Washington University,George Washington University,1942,1943,['Unspecified'],['Unspecified'],US,US
N01487,Stanford University,Stanford University,University of Michigan,University of Michigan,1937,1939,['Bachelor'],['Master'],US,US
N01490,University of Chicago,University of Chicago,Carleton College,Carleton College,1935,1943,['Unspecified'],['Unspecified'],US,US
N01490,University of Chicago,University of Chicago,University of Michigan,University of Michigan,1935,1943,['Unspecified'],['Unspecified'],US,US
N01492,Central University,中央大學,University of Toronto,University of Toronto,1934,1942,['Unspecified'],['Master'],China,Other
N01492,University of Toronto,University of Toronto,Harvard University,Harvard University,1942,1943,['Master'],['Unspecified'],Other,US
N01493,Tsinghua University,清華大學,Massachusetts Institute of Technology,Massachusetts Institute of Technology,1936,1941,['Unspecified'],['Master'],China,US
N01494,University of Washington,University of Washington,University of California,University of California,1936,1938,['Unspecified'],['Bachelor'],US,US
N01495,Jiaotong University,交通大學,University of Illinois,University of Illinois,1941,1942,['Unspecified'],['Bachelor'],China,US
N01495,University of Illinois,University of Illinois,Harvard University,Harvard University,1942,1943,['Bachelor'],['Unspecified'],US,US
N01496,Yenching University,燕京大學,Zhongshan University,中山大學,1932,1936,['Unspecified'],['Unspecified'],China,China
N01496,Zhongshan University,中山大學,Arizona State Teachers' College,Arizona State Teachers' College,1936,1942,['Unspecified'],['Unspecified'],China,US
N01498,Yenching University,燕京大學,Peking Union Medical College,協和醫學院,1933,1938,['Unspecified'],['Unspecified'],China,China
N01498,Peking Union Medical College,協和醫學院,Harvard University,Harvard University,1938,1943,['Unspecified'],['Unspecified'],China,US
N01503,Zhongshan University,中山大學,Columbia University,Columbia University,1935,1943,['Unspecified'],['Master'],China,US
N01504,Yenching University,燕京大學,Cambridge University,Cambridge University,1932,1943,['Unspecified'],['Master'],China,Other
N01504,Yenching University,燕京大學,Columbia University,Columbia University,1932,1943,['Unspecified'],['Unspecified'],China,US
N01507,Shanghai University,滬江大學,University of Southern California,University of Southern California,1932,1942,['Unspecified'],['Master'],China,US
N01508,Oberlin Conservatory of Music,Oberlin Conservatory of Music,Yale University,Yale University,1941,1943,['Unspecified'],['Unspecified'],US,US
N01512,Tsinghua University,清華大學,University of Michigan,University of Michigan,1940,1943,['Unspecified'],['Unspecified'],China,US
N01515,Tsinghua University,清華大學,Massachusetts Institute of Technology,Massachusetts Institute of Technology,1937,1943,['Unspecified'],['Unspecified'],China,US
N01517,Zhongshan University,中山大學,University of Toronto,University of Toronto,1935,1942,['Unspecified'],['Unspecified'],China,Other
N01517,University of Toronto,University of Toronto,Clark University,Clark University,1942,1943,['Unspecified'],['Unspecified'],Other,US
N01519,Jiaotong University,交通大學,University of Southern California,University of Southern California,1940,1943,['Unspecified'],['Master'],China,US
N01521,Ginling College,金陵女子文理學院,University of Michigan,University of Michigan,1932,1943,['Unspecified'],['Unspecified'],China,US
N01522,Guangzhou University,廣州大學,New York University,New York University,1935,1943,['Unspecified'],['Unspecified'],China,US
N01523,Lingnan University,嶺南大學,Mills College,Mills College,1937,1942,['Unspecified'],['Master'],China,US
N01524,Yenching University,燕京大學,University of California,University of California,1934,1940,['Unspecified'],['Master'],China,US
N01527,Tsinghua University,清華大學,University of Michigan,University of Michigan,1932,1936,['Unspecified'],['Unspecified'],China,US
N01528,Zhonghua University,中華大學,Central Political School,中央政治學校,1934,1936,['Unspecified'],['Unspecified'],China,China
N01529,Jinling University,金陵大學,Tsinghua University,清華大學,1931,1934,['Unspecified'],['Unspecified'],China,China
N01529,Tsinghua University,清華大學,University of Chicago,University of Chicago,1934,1943,['Unspecified'],['Unspecified'],China,US
N01530,Southeast University,東南大學,Indiana University,Indiana University,1936,1943,['Unspecified'],['Unspecified'],China,US
N01531,Jiaotong University,交通大學,University of Illinois,University of Illinois,1933,1943,['Unspecified'],['Unspecified'],China,US
N01532,St. John's University,聖約翰大學,University of Wisconsin,University of Wisconsin,1919,1923,['Unspecified'],['Master'],China,US
N01533,University of Wisconsin,University of Wisconsin,Harvard University,Harvard University,1929,1932,['Bachelor'],['Master'],US,US
N01535,St. John's University,聖約翰大學,University of Pittsburgh,University of Pittsburgh,1930,1939,['Unspecified'],['Unspecified'],China,US
N01536,Nankai University,南開大學,Harvard University,Harvard University,1933,1943,['Unspecified'],['Unspecified'],China,US
N01537,Nankai University,南開大學,New York University,New York University,1936,1943,['Unspecified'],['Unspecified'],China,US
N01538,Fudan University,復旦大學,University of Minnesota,University of Minnesota,1934,1940,['Unspecified'],['Doctorate'],China,US
N01539,Jiaotong University,交通大學,University of London,University of London,1935,1939,['Unspecified'],['Other degree'],China,Other
N01539,University of London,University of London,Massachusetts Institute of Technology,Massachusetts Institute of Technology,1939,1943,['Other degree'],['Unspecified'],Other,US
N01540,Zhejiang University,浙江大學,Massachusetts Institute of Technology,Massachusetts Institute of Technology,1938,1943,['Unspecified'],['Unspecified'],China,US
N01540,Zhejiang University,浙江大學,University of Oklahoma,University of Oklahoma,1938,1943,['Unspecified'],['Master'],China,US
N01542,St. John's University,聖約翰大學,Radcliffe College,Radcliffe College,1941,1943,['Unspecified'],['Unspecified'],China,US
N01543,Harvard University,Harvard University,Columbia University,Columbia University,1942,1943,['Bachelor'],['Unspecified'],US,US
N01545,St. John's University,聖約翰大學,University of Illinois,University of Illinois,1940,1941,['Unspecified'],['Unspecified'],China,US
N01545,University of Illinois,University of Illinois,Harvard University,Harvard University,1941,1943,['Unspecified'],['Unspecified'],US,US
N01546,Jiaotong University,交通大學,Purdue University,Purdue University,1938,1941,['Unspecified'],['Bachelor'],China,US
N01548,Jiaotong University,交通大學,Harvard University,Harvard University,1936,1941,['Unspecified'],['Master'],China,US
N01552,Jinling University,金陵大學,University of California,University of California,1930,1936,['Unspecified'],['Unspecified'],China,US
N01554,Central Political School,中央政治學校,University of Minnesota,University of Minnesota,1933,1942,['Unspecified'],['Doctorate'],China,US
N01556,Wuhan University,武漢大學,Columbia University,Columbia University,1938,1944,['Unspecified'],['Unspecified'],China,US
N01560,Shanghai University,滬江大學,Columbia University,Columbia University,1931,1938,['Unspecified'],['Unspecified'],China,US
N01562,Beijing University,北京大學,Columbia University,Columbia University,1940,1944,['Unspecified'],['Unspecified'],China,US
N01575,Stanford University,Stanford University,Columbia University,Columbia University,1916,1917,['Unspecified'],['Master'],US,US
N01575,Columbia University,Columbia University,Clark University,Clark University,1917,1919,['Master'],['Doctorate'],US,US
N01581,Syracuse University,Syracuse University,Duke University,Duke University,1920,1928,['Unspecified'],['Unspecified'],US,US
N01581,Duke University,Duke University,Cambridge University,Cambridge University,1928,1930,['Unspecified'],['Unspecified'],US,Other
N01583,Yenching University,燕京大學,New York University,New York University,1939,1942,['Unspecified'],['Master'],China,US
N01587,Tsinghua University,清華大學,Cornell University,Cornell University,1938,1944,['Unspecified'],['Unspecified'],China,US
N01591,Yale University,Yale University,Princeton University,Princeton University,1918,1920,['Unspecified'],['Master'],US,US
N01601,Barnard College,Barnard College,Master Institute of United Arts,Master Institute of United Arts,1926,1930,['Unspecified'],['Unspecified'],US,US
