,NameID,FullName,FullName_PY,Name_WG,Gender,University,Department,Degree,Expanded,Level,discipline,Year,Page,University_zh,University_clean,City,Province_State,Country,Latitude,Longitude
1,N00001,丁康金梅,Ding Kangjinmei,"Ting, Ging-mei Kang",F,University of Michigan,NA,NA,NA,NA,Nursing,1943,439,NA,University of Michigan,Ann Arbor,Michigan,United States,42.2759,-83.731
2,N00002,丁文華,Ding Wenhua,"Ting, Mary Jean",F,Mount Holyoke College,NA,NA,NA,NA,Chemistry,1943,439,NA,Mount Holyoke College,South Hadley,Massachusetts,United States,42.25842,-72.57453
3,N00004,丁美曾,Ding Meiceng,"Ding, Mai-tcheng",F,University of California,NA,NA,NA,NA,Accounting,1943,439,NA,University of California,Berkeley,California,United States,37.8722,-122.276
4,N00007,丁毓明,Ding Yuming,"Ting, Yoeh-ming",F,Mount Holyoke College,NA,NA,NA,NA,Medicine,1943,439,NA,Mount Holyoke College,South Hadley,Massachusetts,United States,42.25842,-72.57453
5,N00020,王式好,Wang Shihao,"Hao, JoyceWang",F,State University of Iowa,NA,NA,NA,NA,Chemistry,1943,440,NA,State University of Iowa,Iowa City,Iowa,United States,41.6627,-91.5549
6,N00020,王式好,Wang Shihao,"Hao, JoyceWang",F,University of Chicago,NA,NA,NA,NA,NA,1943,440,NA,University of Chicago,Chicago,Illinois,United States,41.8375,-87.6866
7,N00020,王式好,Wang Shihao,"Hao, JoyceWang",F,University of Southern California,NA,NA,NA,NA,NA,1939,440,NA,University of Southern California,Los Angeles,California,United States,34.1141,-118.4068
8,N00020,王式好,Wang Shihao,"Hao, JoyceWang",F,Wheaton College,NA,NA,NA,NA,NA,1942,440,NA,Wheaton College,Wheaton,Illinois,United States,41.8561,-88.1085
9,N00021,王余得思,Wang Yudesi,"U, Mabel",F,Radcliffe College,NA,NA,NA,NA,Fine Arts,1943,440,NA,Radcliffe College,Cambridge,Massachusetts,United States,42.3759,-71.1185
10,N00021,王余得思,Wang Yudesi,"U, Mabel",F,嶺南大學,NA,NA,NA,NA,NA,1941,440,嶺南大學,Lingnan University,Guangzhou,Guangdong,China,23.1291,113.2644
11,N00023,王安琳,Wang Anlin,"Wang, Anlin",F,Wellesley College,NA,NA,NA,NA,Business,1943,440,NA,Wellesley College,Wellesley,Massachusetts,United States,42.29649,-71.29256
12,N00023,王安琳,Wang Anlin,"Wang, Anlin",F,燕京大學,NA,NA,NA,NA,NA,1938,440,燕京大學,Yenching University,Beijing,Beijing,China,39.9042,116.4074
13,N00025,王世熊,Wang Shixiong,"Wang, S. Y.",F,Columbia University,NA,M.S.,Master of Science,Master,NA,1938,440,NA,Columbia University,New York City,New York,United States,40.6943,-73.9249
14,N00025,王世熊,Wang Shixiong,"Wang, S. Y.",F,New York University,NA,J.D.,Juris Doctor,Doctor,Law,1939,440,NA,New York University,New York City,New York,United States,40.6943,-73.9249
15,N00025,王世熊,Wang Shixiong,"Wang, S. Y.",F,New York University,NA,LL.M.,Master of Laws,Master,NA,1936,440,NA,New York University,New York City,New York,United States,40.6943,-73.9249
16,N00025,王世熊,Wang Shixiong,"Wang, S. Y.",F,東南大學,NA,NA,NA,NA,NA,1935,440,東南大學,Southeast University,Nanjing,Jiangsu,China,32.0603,118.7969
17,N00032,王克勤,Wang Keqin,"Wang, Florence",F,Dominican College,NA,NA,NA,NA,NA,1940,440,NA,Dominican College,Orangeburg,South Carolina,United States,33.4928,-80.8671
18,N00032,王克勤,Wang Keqin,"Wang, Florence",F,University of California,NA,NA,NA,NA,NA,1942,440,NA,University of California,Berkeley,California,United States,37.8722,-122.276
19,N00032,王克勤,Wang Keqin,"Wang, Florence",F,University of Michigan,NA,NA,NA,NA,Biochemistry,1943,440,NA,University of Michigan,Ann Arbor,Michigan,United States,42.2759,-83.731
20,N00038,王純如,Wang Chunru,"Wang, Chen-yee",F,University of Bonn,NA,NA,NA,NA,NA,NA,441,NA,University of Bonn,Bonn,NA,Germany,50.7374,7.0982
21,N00039,王周綠霞,Wang Zhoulvxia,"Wang, Lucy chow",F,Columbia University,NA,NA,NA,NA,Child Welfare,1940,441,NA,Columbia University,New York City,New York,United States,40.6943,-73.9249
22,N00039,王周綠霞,Wang Zhoulvxia,"Wang, Lucy chow",F,燕京大學,NA,NA,NA,NA,NA,1938,441,燕京大學,Yenching University,Beijing,Beijing,China,39.9042,116.4074
23,N00041,王秀卿,Wang Xiuqing,"Wang, Hsiu-King",F,George Williams College,NA,B.S.,Bachelor of Science,Bachelor,Education,1942,441,NA,George Williams College,Williams Bay,Wisconsin,United States,42.5788,-88.5457
24,N00041,王秀卿,Wang Xiuqing,"Wang, Hsiu-King",F,New York University,NA,NA,NA,NA,Education,1943,441,NA,New York University,New York City,New York,United States,40.6943,-73.9249
25,N00041,王秀卿,Wang Xiuqing,"Wang, Hsiu-King",F,燕京大學,NA,NA,NA,NA,NA,1932,441,燕京大學,Yenching University,Beijing,Beijing,China,39.9042,116.4074
26,N00042,王秀珩,Wang Xiuheng,"Wang, Siu-heng",F,University of Pennsylvania,NA,NA,NA,NA,Education,1943,441,NA,University of Pennsylvania,Philadelphia,Pennsylvania,United States,40.0077,-75.1339
27,N00042,王秀珩,Wang Xiuheng,"Wang, Siu-heng",F,滬江大學,NA,NA,NA,NA,NA,1933,441,滬江大學,Shanghai University,Shanghai,Shanghai,China,31.2304,121.4737
28,N00043,王季和,Wang Jihe,"Wang, Lois C. F.",F,Mount Mary College,NA,NA,NA,NA,Mathematics,1940,441,NA,Mount Mary College,Milwaukee,Wisconsin,United States,43.0642,-87.9675
29,N00047,王希琰,Wang Xiyan,"Wang, Vera Hsi-yen",F,Morningside College,NA,NA,NA,NA,Biology,1943,441,NA,Morningside College,Sioux City,Iowa,United States,42.4959,-96.3901
30,N00048,王明貞,Wang Mingzhen,"Wang, Ming-chen",F,University of Michigan,NA,Sc.D.,Doctor of Science,Doctor,Physiology,1942,441,NA,University of Michigan,Ann Arbor,Michigan,United States,42.2759,-83.731
31,N00048,王明貞,Wang Mingzhen,"Wang, Ming-chen",F,燕京大學,NA,Master,NA,NA,NA,1932,441,燕京大學,Yenching University,Beijing,Beijing,China,39.9042,116.4074
32,N00048,王明貞,Wang Mingzhen,"Wang, Ming-chen",F,金陵女子文理學院,NA,NA,NA,NA,NA,1928,441,金陵女子文理學院,Ginling College,Nanjing,Jiangsu,China,32.0603,118.7969
33,N00060,王淑娟,Wang Shujuan,"Wang, Rose Marie",F,College of St. Teresa,NA,B.S.,Bachelor of Science,Bachelor,Education,1943,442,NA,College of St. Teresa,Winona,Minnesota,United States,44.0478,-91.6404
34,N00060,王淑娟,Wang Shujuan,"Wang, Rose Marie",F,齊魯大學,NA,NA,NA,NA,NA,1937,442,齊魯大學,Qilu University,Jinan,Shandong,China,36.6512,117.1201
35,N00061,王淑德,Wang Shude,"Wang, Marcia",F,Northwestern University,NA,NA,NA,NA,Sociology,1943,442,NA,Northwestern University,Evanston,Illinois,United States,42.0464,-87.6943
36,N00061,王淑德,Wang Shude,"Wang, Marcia",F,華南學院,NA,NA,NA,NA,NA,1931,442,NA,Hwa Nan College,Fuzhou,Fujian,China,26.0745,119.2965
37,N00064,王愛理,Wang Aili,"Wong, Alice",F,George Peabody College,NA,B.S.,Bachelor of Science,Bachelor,Education,1942,442,NA,George Peabody College,Nashville,Tennessee,United States,36.1447,-86.8027
38,N00064,王愛理,Wang Aili,"Wong, Alice",F,George Peabody College,NA,NA,NA,NA,Education,1943,442,NA,George Peabody College,Nashville,Tennessee,United States,36.1447,-86.8027
39,N00064,王愛理,Wang Aili,"Wong, Alice",F,滬江大學,NA,NA,NA,NA,NA,1931,442,滬江大學,Shanghai University,Shanghai,Shanghai,China,31.2304,121.4737
40,N00068,王郭煥煒,Wang Guohuanwei,"Wang, Manie",F,Columbia University,NA,M.A.,Master of Arts,Master,Psychology,1942,442,NA,Columbia University,New York City,New York,United States,40.6943,-73.9249
41,N00068,王郭煥煒,Wang Guohuanwei,"Wang, Manie",F,Columbia University,NA,NA,NA,NA,Psychology,1943,442,NA,Columbia University,New York City,New York,United States,40.6943,-73.9249
42,N00068,王郭煥煒,Wang Guohuanwei,"Wang, Manie",F,燕京大學,NA,NA,NA,NA,NA,1938,442,燕京大學,Yenching University,Beijing,Beijing,China,39.9042,116.4074
43,N00075,王瑩,Wang Ying,"Wang, Yung",F,Bryn Mawr College,NA,NA,NA,NA,English,1943,443,NA,Bryn Mawr College,Bryn Mawr,Pennsylvania,United States,40.0208,-75.3161
44,N00075,王瑩,Wang Ying,"Wang, Yung",F,Goucher College,NA,NA,NA,NA,English,1942,443,NA,Goucher College,Towson,Maryland,United States,39.3944,-76.619
45,N00075,王瑩,Wang Ying,"Wang, Yung",F,中國公學,NA,NA,NA,NA,NA,NA,443,中國公學,China Public School,Shanghai,Shanghai,China,31.2304,121.4737
46,N00077,王鴻文,Wang Hongwen,"Wang, Hung-wen",F,Johns Hopkins University,NA,M.P.H.,Master of Public Health,Master,NA,1942,443,NA,Johns Hopkins University,Baltimore,Maryland,United States,39.3051,-76.6144
47,N00077,王鴻文,Wang Hongwen,"Wang, Hung-wen",F,協和醫學院,NA,NA,NA,NA,NA,1936,443,協和醫學院,Peking Union Medical College,Beijing,Beijing,China,39.9042,116.4074
48,N00077,王鴻文,Wang Hongwen,"Wang, Hung-wen",F,東南大學,NA,NA,NA,NA,NA,1932,443,東南大學,Southeast University,Nanjing,Jiangsu,China,32.0603,118.7969
49,N00078,王劉修業,Wang Liuxiuye,"Wang, Siu-yeh Liu",F,University of London,NA,NA,NA,NA,Library Science,1939,443,NA,University of London,London,NA,United Kingdom,51.521,-0.13
50,N00078,王劉修業,Wang Liuxiuye,"Wang, Siu-yeh Liu",F,燕京大學,NA,NA,NA,NA,NA,1932,443,燕京大學,Yenching University,Beijing,Beijing,China,39.9042,116.4074
51,N00082,方文淵,Fang Wenyuan,"Fong, Frances",F,State University of Iowa,NA,M.S.,Master of Science,Master,NA,1942,443,NA,State University of Iowa,Iowa City,Iowa,United States,41.6627,-91.5549
52,N00082,方文淵,Fang Wenyuan,"Fong, Frances",F,University of Chicago,NA,NA,NA,NA,Nutrition,1943,443,NA,University of Chicago,Chicago,Illinois,United States,41.8375,-87.6866
53,N00082,方文淵,Fang Wenyuan,"Fong, Frances",F,燕京大學,NA,NA,NA,NA,NA,1934,443,燕京大學,Yenching University,Beijing,Beijing,China,39.9042,116.4074
54,N00088,方雪馨,Fang Xuexin,"Fang, Sioh-hing",F,National College of Education,NA,B.S.,Bachelor of Science,Bachelor,NA,1943,444,NA,National College of Education,Evanston,Illinois,United States,42.0451,-87.6877
55,N00096,尹江珊英,Yin Jiangshanying,"Ying, Shan-ying Giang",F,University of California,NA,M.A.,Master of Arts,Master,Mathematics,1939,444,NA,University of California,Berkeley,California,United States,37.8722,-122.276
56,N00096,尹江珊英,Yin Jiangshanying,"Ying, Shan-ying Giang",F,University of California,NA,NA,NA,NA,Mathematics,1943,444,NA,University of California,Berkeley,California,United States,37.8722,-122.276
57,N00096,尹江珊英,Yin Jiangshanying,"Ying, Shan-ying Giang",F,金陵女子文理學院,NA,NA,NA,NA,NA,1925,444,金陵女子文理學院,Ginling College,Nanjing,Jiangsu,China,32.0603,118.7969
58,N00099,毛孝瑛,Mao Xiaoying,"Mao, Doreen S. Y.",F,University of Chicago,NA,NA,NA,NA,Business,1943,444,NA,University of Chicago,Chicago,Illinois,United States,41.8375,-87.6866
59,N00099,毛孝瑛,Mao Xiaoying,"Mao, Doreen S. Y.",F,University of Dubuque,NA,B.A.,Bachelor of Arts,Bachelor,English,1942,444,NA,University of Dubuque,Dubuque,Iowa,United States,42.5002,-90.707
60,N00099,毛孝瑛,Mao Xiaoying,"Mao, Doreen S. Y.",F,滬江大學,NA,NA,NA,NA,NA,1940,444,滬江大學,Shanghai University,Shanghai,Shanghai,China,31.2304,121.4737
61,N00114,左潔顏,Zuo Jieyan,"Tse, Kit-ngaan",F,Ilegible,NA,NA,NA,NA,NA,NA,446,NA,NA,NA,NA,NA,NA,NA
62,N00114,左潔顏,Zuo Jieyan,"Tse, Kit-ngaan",F,Penn State College,NA,NA,NA,NA,Home Economics,1943,446,NA,Penn State College,State College,Pennsylvania,United States,40.7982,-77.8599
63,N00115,司徒誌芬,Situ Zhifen,"Seto, Chefan",F,Emmanuel College,NA,B.A.,Bachelor of Arts,Bachelor,Sociology,1942,446,NA,Emmanuel College,Boston,Massachusetts,United States,42.3188,-71.0852
64,N00115,司徒誌芬,Situ Zhifen,"Seto, Chefan",F,中山大學,NA,NA,NA,NA,NA,1936,446,中山大學,Zhongshan University,Guangzhou,Guangdong,China,23.1291,113.2644
65,N00122,史賀麗,Shi Heli,"Shih, Virginia",F,Ohio State University,NA,B.A.,Bachelor of Arts,Bachelor,Social Science,1938,446,NA,Ohio State University,Columbus,Ohio,United States,39.9862,-82.9855
66,N00122,史賀麗,Shi Heli,"Shih, Virginia",F,Ohio State University,NA,B.S.,Bachelor of Science,Bachelor,Social Science,1938,446,NA,Ohio State University,Columbus,Ohio,United States,39.9862,-82.9855
67,N00122,史賀麗,Shi Heli,"Shih, Virginia",F,Ohio State University,NA,M.A.,Master of Arts,Master,Social Science,1938,446,NA,Ohio State University,Columbus,Ohio,United States,39.9862,-82.9855
68,N00134,朱西琨,Zhu Xikun,"Tchou, Margaret",F,Columbia University,NA,NA,NA,NA,Nursing,1943,447,NA,Columbia University,New York City,New York,United States,40.6943,-73.9249
69,N00134,朱西琨,Zhu Xikun,"Tchou, Margaret",F,Oberlin College,NA,NA,NA,NA,NA,1939,447,NA,Oberlin College,Oberlin,Ohio,United States,41.286,-82.2198
70,N00139,朱保儀,Zhu Baoyi,"Tchou, Juliet Pao-y",F,Sweet Briar College,NA,NA,NA,NA,Sociology,1943,447,NA,Sweet Briar College,Sweet Briar,Virginia,United States,37.55292,-79.06641
71,N00139,朱保儀,Zhu Baoyi,"Tchou, Juliet Pao-y",F,之江大學,NA,NA,NA,NA,NA,1939,447,之江大學,Zhijiang University,Hangzhou,Zhejiang,China,30.2741,120.1551
72,N00142,朱桂華,Zhu Guihua,"Chu, Betty",F,Mills College,NA,NA,NA,NA,Education,1943,447,NA,Mills College,Oakland,California,United States,37.7904,-122.2166
73,N00145,朱瓊浩,Zhu Qionghao,"Chu, Harrist",F,George Washington University,NA,M.A.,Master of Arts,Master,Theology,1939,448,NA,George Washington University,Washington,District of Columbia,United States,38.9047,-77.0163
74,N00145,朱瓊浩,Zhu Qionghao,"Chu, Harrist",F,Hartford Seminary Foundation,NA,NA,NA,NA,NA,1943,448,NA,Hartford Seminary Foundation,Hartford,Connecticut,United States,41.7687,-72.6851
75,N00145,朱瓊浩,Zhu Qionghao,"Chu, Harrist",F,嶺南大學,NA,NA,NA,NA,NA,1930,448,嶺南大學,Lingnan University,Guangzhou,Guangdong,China,23.1291,113.2644
76,N00146,朱唐笠,Zhu Tangli,"Chu, EstherL. Tang",F,University of Michigan,NA,B.A.,Bachelor of Arts,Bachelor,Education,1941,448,NA,University of Michigan,Ann Arbor,Michigan,United States,42.2759,-83.731
77,N00146,朱唐笠,Zhu Tangli,"Chu, EstherL. Tang",F,University of Michigan,NA,B.A.,Bachelor of Arts,Bachelor,Psychology,1943,448,NA,University of Michigan,Ann Arbor,Michigan,United States,42.2759,-83.731
78,N00146,朱唐笠,Zhu Tangli,"Chu, EstherL. Tang",F,University of Michigan,NA,M.A.,Master of Arts,Master,Education,1942,448,NA,University of Michigan,Ann Arbor,Michigan,United States,42.2759,-83.731
79,N00146,朱唐笠,Zhu Tangli,"Chu, EstherL. Tang",F,聖約翰大學,NA,NA,NA,NA,NA,1940,448,聖約翰大學,St. John's University,Shanghai,Jiangsu,China,31.2304,121.4737
80,N00150,朱劍寒,Zhu Jianhan,"Chu, Chien-han",F,University of Michigan,NA,Ph.D.,Doctor of Philosophy,Doctor,Chemistry,1943,448,NA,University of Michigan,Ann Arbor,Michigan,United States,42.2759,-83.731
81,N00150,朱劍寒,Zhu Jianhan,"Chu, Chien-han",F,大同大學,NA,NA,NA,NA,NA,1932,448,大同大學,Datong University,Shanghai,Shanghai,China,31.2304,121.4737
82,N00158,朱忠愛,Zhu Zhongai,"Jee, Ellison",F,University of Chicago,NA,NA,NA,NA,NA,1943,448,NA,University of Chicago,Chicago,Illinois,United States,41.8375,-87.6866
83,N00160,朱壽恒,Zhu Shouheng,"Chu, EvelynShouheng",F,Columbia University,NA,M.A.,Master of Arts,Master,Education,1943,448,NA,Columbia University,New York City,New York,United States,40.6943,-73.9249
84,N00160,朱壽恒,Zhu Shouheng,"Chu, EvelynShouheng",F,嶺南大學,NA,NA,NA,NA,NA,1927,448,嶺南大學,Lingnan University,Guangzhou,Guangdong,China,23.1291,113.2644
85,N00164,朱覺方,Zhu Jiaofang,"Dju, Gioh-fang",F,University of Chicago,NA,NA,NA,NA,Social Welfare,1943,449,NA,University of Chicago,Chicago,Illinois,United States,41.8375,-87.6866
86,N00164,朱覺方,Zhu Jiaofang,"Dju, Gioh-fang",F,金陵女子文理學院,NA,NA,NA,NA,NA,1934,449,金陵女子文理學院,Ginling College,Nanjing,Jiangsu,China,32.0603,118.7969
87,N00169,全賡娥,Quan Genge,"Chuan, Keng E.",F,George Washington University,NA,NA,NA,NA,English,1943,449,NA,George Washington University,Washington,District of Columbia,United States,38.9047,-77.0163
88,N00169,全賡娥,Quan Genge,"Chuan, Keng E.",F,Park College,NA,NA,NA,NA,NA,1941,449,NA,Park College,Parkville,Missouri,United States,39.1895,-94.6822
89,N00170,任以都,Ren Yidu,"Zen, E-tu",F,Vassar College,NA,NA,NA,NA,History,1943,449,NA,Vassar College,Poughkeepsie,New York,United States,41.695,-73.9211
90,N00170,任以都,Ren Yidu,"Zen, E-tu",F,西南聯合大學,NA,NA,NA,NA,NA,1941,449,西南聯合大學,Southwest Associated University,Kunming,Yunnan,China,25.0389,102.7183
91,N00173,伍美春,Wu Meichun,"Eng, Mae Chung",F,Baylor University,NA,B.A.,Bachelor of Arts,Bachelor,Education,1943,449,NA,Baylor University,Waco,Texas,United States,31.5599,-97.1882
92,N00177,伍活泉,Wu Huoquan,"Ng, Woot-tsuen",F,Penn State College,NA,M.S.,Master of Science,Master,Nutrition,1942,450,NA,Penn State College,State College,Pennsylvania,United States,40.7982,-77.8599
93,N00179,伍逢娣,Wu Fengdi,"Eng, Edith",F,Washington State College,NA,NA,NA,NA,Chemistry,1943,450,NA,Washington State College,Pullman,Washington,United States,46.7336,-117.168
94,N00188,伍蒃群,Wu Zhuanqun,"Wu, Esther",F,Pomona College,NA,B.A.,Bachelor of Arts,Bachelor,Biochemistry,1943,450,NA,Pomona College,Claremont,California,United States,34.1259,-117.7153
95,N00190,江王瑛名,Jiang Wang Yingming,"Chiang, Y. M.",F,燕京大學,NA,NA,NA,NA,NA,NA,450,燕京大學,Yenching University,Beijing,Beijing,China,39.9042,116.4074
96,N00191,江美貞,Jiang Meizhen,"Kaung, Ma-tsung",F,Mount Holyoke College,NA,M.A.,Master of Arts,Master,Literature,NA,451,NA,Mount Holyoke College,South Hadley,Massachusetts,United States,42.25842,-72.57453
97,N00191,江美貞,Jiang Meizhen,"Kaung, Ma-tsung",F,東南大學,NA,NA,NA,NA,NA,NA,451,東南大學,Southeast University,Nanjing,Jiangsu,China,32.0603,118.7969
98,N00201,何昌明,He Changming,"Ho, Daris Chang-ming",F,University of Southern California,NA,B.A.,Bachelor of Arts,Bachelor,Sociology,1943,451,NA,University of Southern California,Los Angeles,California,United States,34.1141,-118.4068
99,N00201,何昌明,He Changming,"Ho, Daris Chang-ming",F,浙江大學,NA,NA,NA,NA,NA,NA,451,浙江大學,Zhejiang University,Hangzhou,Zhejiang,China,30.2741,120.1551
100,N00203,何祝萱,He Zhuxuan,"Ho, Lucy Chu-hsuan",F,Western Reserve University,NA,NA,NA,NA,Nursing,1942,451,NA,Western Reserve University,Cleveland,Ohio,United States,41.4764,-81.6805
101,N00203,何祝萱,He Zhuxuan,"Ho, Lucy Chu-hsuan",F,燕京大學,NA,NA,NA,NA,NA,1936,451,燕京大學,Yenching University,Beijing,Beijing,China,39.9042,116.4074
102,N00207,何碧縈,He Biying,"Hoh, Pik-wing",F,Juilliard School of Music,NA,NA,NA,NA,Music,1943,452,NA,Juilliard School of Music,New York City,New York,United States,40.6943,-73.9249
103,N00207,何碧縈,He Biying,"Hoh, Pik-wing",F,Westminster Choir College,NA,B.M.,Bachelor of Music,Bachelor,NA,1942,452,NA,Westminster Choir College,Princeton,New Jersey,United States,40.3487,-74.6593
104,N00215,李玉雪,Li Yuxue,"Li, Lillian",F,Boston University,NA,NA,NA,NA,Physical Education,1943,452,NA,Boston University,Boston,Massachusetts,United States,42.3188,-71.0852
105,N00218,李月雲,Li Yueyun,"Li, Katherine Y. Y.",F,University of Pennsylvania,NA,NA,NA,NA,Medicine,1940,452,NA,University of Pennsylvania,Philadelphia,Pennsylvania,United States,40.0077,-75.1339
106,N00218,李月雲,Li Yueyun,"Li, Katherine Y. Y.",F,Women's Christian Medical College,NA,M.D.,Doctor of Medicine,Doctor,NA,1935,452,NA,Women's Christian Medical College,Shanghai,Shanghai,China,31.2304,121.4737
107,N00218,李月雲,Li Yueyun,"Li, Katherine Y. Y.",F,滬江大學,NA,NA,NA,NA,NA,1930,452,滬江大學,Shanghai University,Shanghai,Shanghai,China,31.2304,121.4737
108,N00229,李美筠,Li Meijun,"Li, Mei-yun",F,Cornell University,NA,NA,NA,NA,Education,1943,453,NA,Cornell University,Ithaca,New York,United States,42.4442,-76.5032
109,N00229,李美筠,Li Meijun,"Li, Mei-yun",F,University of Rochester,NA,M.A.,Master of Arts,Master,Education,1943,453,NA,University of Rochester,Rochester,New York,United States,43.168,-77.6162
110,N00229,李美筠,Li Meijun,"Li, Mei-yun",F,金陵女子文理學院,NA,NA,NA,NA,NA,1931,453,金陵女子文理學院,Ginling College,Nanjing,Jiangsu,China,32.0603,118.7969
111,N00231,李美蓮,Li Meilian,"Lee, Meelan",F,New York University,NA,NA,NA,NA,Biology,1943,453,NA,New York University,New York City,New York,United States,40.6943,-73.9249
112,N00239,李亞雪,Li Yaxue,"Lee, Elsie",F,Oberlin College,NA,NA,NA,NA,NA,1942,453,NA,Oberlin College,Oberlin,Ohio,United States,41.286,-82.2198
113,N00239,李亞雪,Li Yaxue,"Lee, Elsie",F,University of Wisconsin,NA,NA,NA,NA,Sociology,1943,453,NA,University of Wisconsin,Madison,Wisconsin,United States,43.0822,-89.393
114,N00258,李佩貞,Li Peizhen,"Li, Bei-tsung",F,Florida Southern College,NA,B.S.,Bachelor of Science,Bachelor,Chemistry,1943,454,NA,Florida Southern College,Lakeland,Florida,United States,28.0557,-81.9545
115,N00258,李佩貞,Li Peizhen,"Li, Bei-tsung",F,University of Michigan,NA,NA,NA,NA,Zoology,1943,454,NA,University of Michigan,Ann Arbor,Michigan,United States,42.2759,-83.731
116,N00258,李佩貞,Li Peizhen,"Li, Bei-tsung",F,交通大學,NA,NA,NA,NA,NA,1940,454,交通大學,Jiaotong University,Shanghai,Shanghai,China,31.2304,121.4737
117,N00265,李珍華,Li Zhenhua,"Lee, Pearl",F,Massachusetts Institute of Technology,NA,NA,NA,NA,Electrical Engineering,1943,455,NA,Massachusetts Institute of Technology,Cambridge,Massachusetts,United States,42.3759,-71.1185
118,N00265,李珍華,Li Zhenhua,"Lee, Pearl",F,Penn State College,NA,B.S.,Bachelor of Science,Bachelor,Electrical Engineering,1942,455,NA,Penn State College,State College,Pennsylvania,United States,40.7982,-77.8599
119,N00265,李珍華,Li Zhenhua,"Lee, Pearl",F,University of Hong Kong,NA,NA,NA,NA,NA,1940,455,NA,University of Hong Kong,Hong Kong,NA,Hong Kong,22.283,114.1371
120,N00268,李淡平,Li Danping,"Lee, Helen",F,Columbia University,NA,M.A.,Master of Arts,Master,Literature,NA,455,NA,Columbia University,New York City,New York,United States,40.6943,-73.9249
121,N00275,李梅卿,Li Meiqing,"Li, Mae-ching",F,Barnard College,NA,NA,NA,NA,Sociology,1943,455,NA,Barnard College,New York City,New York,United States,40.6943,-73.9249
122,N00276,李幗才,Li Guocai,"Li, Xuo-tsai",F,Cornell University,NA,NA,NA,NA,Home Economics,1941,455,NA,Cornell University,Ithaca,New York,United States,42.4442,-76.5032
123,N00276,李幗才,Li Guocai,"Li, Xuo-tsai",F,Michigan State College,NA,B.S.,Bachelor of Science,Bachelor,Home Economics,1943,455,NA,Michigan State College,East Lansing,Michigan,United States,42.748,-84.4836
124,N00282,李琭華,Li Luhua,"Li, Luk-wa",F,Central Institute for Deaf,NA,NA,NA,NA,Education,1943,456,NA,Central Institute for Deaf,St. Louis,Missouri,United States,38.6372,-90.2526
125,N00282,李琭華,Li Luhua,"Li, Luk-wa",F,University of Hong Kong,NA,NA,NA,NA,NA,1928,456,NA,University of Hong Kong,Hong Kong,NA,Hong Kong,22.283,114.1371
126,N00283,李瑞姬,Li Ruiji,"Lee, Catherine K.",F,New York University,NA,NA,NA,NA,English,1943,456,NA,New York University,New York City,New York,United States,40.6943,-73.9249
127,N00283,李瑞姬,Li Ruiji,"Lee, Catherine K.",F,University of Hong Kong,NA,NA,NA,NA,NA,1940,456,NA,University of Hong Kong,Hong Kong,NA,Hong Kong,22.283,114.1371
128,N00284,李瑞娥,Li Ruie,"Lee, Mildred E.",F,University of California,NA,NA,NA,NA,Psychology,1943,456,NA,University of California,Berkeley,California,United States,37.8722,-122.276
129,N00290,李冠媛,Li Guanyuan,"Li, Gwan-yuea",F,New School For Social Research,NA,D.S.S.,Doctor of Social Science,Doctor,Psychology,1944,456,NA,New School For Social Research,New York,New York,United States,40.7355,-73.9972
130,N00290,李冠媛,Li Guanyuan,"Li, Gwan-yuea",F,Smith College,NA,M.A.,Master of Arts,Master,Psychology,1939,456,NA,Smith College,Northampton,Massachusetts,United States,42.3266,-72.6745
131,N00290,李冠媛,Li Guanyuan,"Li, Gwan-yuea",F,金陵女子文理學院,NA,NA,NA,NA,NA,1931,456,金陵女子文理學院,Ginling College,Nanjing,Jiangsu,China,32.0603,118.7969
132,N00305,李廉鳳,Li Lianfeng,"Li, Lien-fung",F,Massachusetts Institute of Technology,NA,NA,NA,NA,Chemistry,1943,457,NA,Massachusetts Institute of Technology,Cambridge,Massachusetts,United States,42.3759,-71.1185
133,N00305,李廉鳳,Li Lianfeng,"Li, Lien-fung",F,Mills College,NA,NA,NA,NA,Chemistry,1943,457,NA,Mills College,Oakland,California,United States,37.7904,-122.2166
134,N00305,李廉鳳,Li Lianfeng,"Li, Lien-fung",F,嶺南大學,NA,NA,NA,NA,NA,1940,457,嶺南大學,Lingnan University,Guangzhou,Guangdong,China,23.1291,113.2644
135,N00327,李寶華,Li Baohua,"Lee, Ruby Pao-wah",F,Cornell University,NA,NA,NA,NA,Agrononmy,1943,458,NA,Cornell University,Ithaca,New York,United States,42.4442,-76.5032
136,N00327,李寶華,Li Baohua,"Lee, Ruby Pao-wah",F,Penn State College,NA,B.S.,Bachelor of Science,Bachelor,Agrononmy,1942,458,NA,Penn State College,State College,Pennsylvania,United States,40.7982,-77.8599
137,N00327,李寶華,Li Baohua,"Lee, Ruby Pao-wah",F,嶺南大學,NA,NA,NA,NA,NA,1940,458,嶺南大學,Lingnan University,Guangzhou,Guangdong,China,23.1291,113.2644
138,N00330,李懷峰,Li Huaifeng,"Li, Gloria H. F.",F,University of Southern California,NA,B.A.,Bachelor of Arts,Bachelor,Education,1942,458,NA,University of Southern California,Los Angeles,California,United States,34.1141,-118.4068
139,N00330,李懷峰,Li Huaifeng,"Li, Gloria H. F.",F,University of Southern California,NA,NA,NA,NA,Education,1943,458,NA,University of Southern California,Los Angeles,California,United States,34.1141,-118.4068
140,N00341,沈愛麗,Shen Aili,"Sung, Ai-li",F,Radcliffe College,NA,M.A.,Master of Arts,Master,Sociology,1942,459,NA,Radcliffe College,Cambridge,Massachusetts,United States,42.3759,-71.1185
141,N00341,沈愛麗,Shen Aili,"Sung, Ai-li",F,Wellesley College,NA,NA,NA,NA,NA,1941,459,NA,Wellesley College,Wellesley,Massachusetts,United States,42.29649,-71.29256
142,N00356,吳李芙馨,Wu Lifuxin,"Wu, Lily Li",F,Art Institute of Chicago,NA,B.A.,Bachelor of Arts,Bachelor,NA,1943,460,NA,Art Institute of Chicago,Chicago,Illinois,United States,41.8796,-87.6237
143,N00356,吳李芙馨,Wu Lifuxin,"Wu, Lily Li",F,Kansas State College,NA,B.S.,Bachelor of Science,Bachelor,NA,1936,460,NA,Kansas State College,Manhattan,Kansas,United States,39.1974,-96.5847
144,N00356,吳李芙馨,Wu Lifuxin,"Wu, Lily Li",F,嶺南大學,NA,NA,NA,NA,NA,1929,460,嶺南大學,Lingnan University,Guangzhou,Guangdong,China,23.1291,113.2644
145,N00357,吳李孟之,Wu Limengzhi,"Wu, Marjorie D.",F,Wellesley College,NA,NA,NA,NA,English,1940,460,NA,Wellesley College,Wellesley,Massachusetts,United States,42.29649,-71.29256
146,N00361,吳景昭,Wu Jingzhao,"Woo, Kyang-tsao",F,Scarritt College,NA,NA,NA,NA,Education,1943,460,NA,Scarritt College,Neosho,Missouri,United States,36.8437,-94.3758
147,N00361,吳景昭,Wu Jingzhao,"Woo, Kyang-tsao",F,燕京大學,NA,NA,NA,NA,NA,NA,460,燕京大學,Yenching University,Beijing,Beijing,China,39.9042,116.4074
148,N00365,吳桂紅,Wu Guigong,"Eng, Rose",F,University of Chicago,NA,NA,NA,NA,Agriculture,1943,461,NA,University of Chicago,Chicago,Illinois,United States,41.8375,-87.6866
149,N00367,吳黃智偉,Wu Huangzhiwei,"Wu, Huang Chih-wei",F,Merrill-Palmer School,NA,M.S.,Master of Science,Master,Nursing,1943,461,NA,Merrill-Palmer School,Detroit,Michigan,United States,42.359,-83.0665
150,N00367,吳黃智偉,Wu Huangzhiwei,"Wu, Huang Chih-wei",F,Wayne University,NA,NA,NA,NA,Nursing,1943,461,NA,Wayne University,Detroit,Michigan,United States,42.359,-83.0665
151,N00367,吳黃智偉,Wu Huangzhiwei,"Wu, Huang Chih-wei",F,金陵女子文理學院,NA,NA,NA,NA,NA,NA,461,金陵女子文理學院,Ginling College,Nanjing,Jiangsu,China,32.0603,118.7969
152,N00373,吳隆新,Wu Longxin,"Wu, Lung-hsin",F,Stanford University,NA,B.A.,Bachelor of Arts,Bachelor,English,1943,461,NA,Stanford University,Stanford,California,United States,37.4252,-122.1674
153,N00374,吳健雄,Wu Jianxiong,"Wu, Chien-shiung",F,University of California,NA,Ph.D.,Doctor of Philosophy,Doctor,Physiology,1940,461,NA,University of California,Berkeley,California,United States,37.8722,-122.276
154,N00374,吳健雄,Wu Jianxiong,"Wu, Chien-shiung",F,中央大學,NA,NA,NA,NA,NA,1930,461,中央大學,Central University,Nanjing,Jiangsu,China,32.0603,118.7969
155,N00376,吳舜芝,Wu Shunzhi,"Wu, Dorothy",F,University of Dubuque,NA,NA,NA,NA,Biology,1943,461,NA,University of Dubuque,Dubuque,Iowa,United States,42.5002,-90.707
156,N00385,吳璇儀,Wu Xuanyi,"Wu, Suen-I",F,Oregon State College,NA,M.S.,Master of Science,Master,NA,1940,462,NA,Oregon State College,Corvallis,Oregon,United States,44.5646,-123.262
157,N00385,吳璇儀,Wu Xuanyi,"Wu, Suen-I",F,University of Wisconsin,NA,NA,NA,NA,Education,1943,462,NA,University of Wisconsin,Madison,Wisconsin,United States,43.0822,-89.393
158,N00385,吳璇儀,Wu Xuanyi,"Wu, Suen-I",F,金陵女子文理學院,NA,NA,NA,NA,NA,1936,462,金陵女子文理學院,Ginling College,Nanjing,Jiangsu,China,32.0603,118.7969
159,N00387,吳蕙菁,Wu Huijing,"Eng, Joan",F,University of chicago,NA,NA,NA,NA,NA,1943,462,NA,University of Chicago,Chicago,Illinois,United States,41.8375,-87.6866
160,N00389,阮振嫦,Ruan Zhenchang,"Yuen, Evelyn Chan-sheung",F,Northwestern University,NA,NA,NA,NA,Political Science,1943,462,NA,Northwestern University,Evanston,Illinois,United States,42.0464,-87.6943
161,N00389,阮振嫦,Ruan Zhenchang,"Yuen, Evelyn Chan-sheung",F,Rockford College,NA,B.A.,Bachelor of Arts,Bachelor,NA,1942,462,NA,Rockford College,Rockford,Illinois,United States,42.2708,-89.0937
162,N00389,阮振嫦,Ruan Zhenchang,"Yuen, Evelyn Chan-sheung",F,嶺南大學,NA,NA,NA,NA,NA,1941,462,嶺南大學,Lingnan University,Guangzhou,Guangdong,China,23.1291,113.2644
163,N00391,阮壽桃,Ruan Shoutao,"Inn, Sylvia",F,Mills College,NA,NA,NA,NA,Dietetics,1943,462,NA,Mills College,Oakland,California,United States,37.7904,-122.2166
164,N00392,阮壽球,Ruan Shouqiu,"Inn, Hazel",F,Mills College,NA,NA,NA,NA,Biology,1943,462,NA,Mills College,Oakland,California,United States,37.7904,-122.2166
165,N00397,汪寶華,Wang Baohua,"Wong, Gertrude Pao-hua",F,Catholic University of America,NA,NA,NA,NA,Social Science,1941,462,NA,Catholic University of America,Washington,District of Columbia,United States,38.9047,-77.0163
166,N00397,汪寶華,Wang Baohua,"Wong, Gertrude Pao-hua",F,Mount Mary College,NA,NA,NA,NA,NA,1940,462,NA,Mount Mary College,Milwaukee,Wisconsin,United States,43.0642,-87.9675
167,N00399,余玉雲,Yu Yuyun,"Yu, Yu Yuen",F,Albion College,NA,NA,NA,NA,NA,1938,463,NA,Albion College,Albion,Michigan,United States,42.2478,-84.7572
168,N00399,余玉雲,Yu Yuyun,"Yu, Yu Yuen",F,Olivet College,NA,NA,NA,NA,Education,1942,463,NA,Olivet College,Olivet,Michigan,United States,42.444,-84.9246
169,N00399,余玉雲,Yu Yuyun,"Yu, Yu Yuen",F,暨南大學,NA,NA,NA,NA,NA,1936,463,暨南大學,Jinan University,Shanghai,Shanghai,China,31.2304,121.4737
170,N00404,余叔恒,Yu Shuheng,"Yu, Phoebe S. H.",F,Wellesley College,NA,NA,NA,NA,Literature,1943,463,NA,Wellesley College,Wellesley,Massachusetts,United States,42.29649,-71.29256
171,N00404,余叔恒,Yu Shuheng,"Yu, Phoebe S. H.",F,中央大學,NA,NA,NA,NA,NA,1938,463,中央大學,Central University,Nanjing,Jiangsu,China,32.0603,118.7969
172,N00405,余秀華,Yu Xiuhua,"Yee, Laura",F,Mills College,NA,NA,NA,NA,Sociology,1943,463,NA,Mills College,Oakland,California,United States,37.7904,-122.2166
173,N00411,余瑞珍,Yu Ruizhen,"Yee, Rose",F,University of Cincinnati,NA,NA,NA,NA,Pharmacy,1943,463,NA,University of Cincinnati,Cincinnati,Ohio,United States,39.1413,-84.506
174,N00412,余瑞嬑,Yu Ruiyi,"Yee, Mary",F,University of Cincinnati,NA,NA,NA,NA,Pharmacy,1943,463,NA,University of Cincinnati,Cincinnati,Ohio,United States,39.1413,-84.506
175,N00415,余懿德,Yu Yide,"Yu, Greta Yee-tak",F,University of Cincinnati,NA,NA,NA,NA,Physiology,1943,463,NA,University of Cincinnati,Cincinnati,Ohio,United States,39.1413,-84.506
176,N00415,余懿德,Yu Yide,"Yu, Greta Yee-tak",F,University of Illinois,NA,M.S.,Master of Science,Master,Physiology,1940,463,NA,University of Illinois,Chicago,Illinois,United States,41.8375,-87.6866
177,N00415,余懿德,Yu Yide,"Yu, Greta Yee-tak",F,中山大學,NA,NA,NA,NA,NA,1937,463,中山大學,Zhongshan University,Guangzhou,Guangdong,China,23.1291,113.2644
178,N00419,余顏枏生,Yu Yannansheng,"Yee, Nansheng Yen",F,Mount Holyoke College,NA,B.A.,Bachelor of Arts,Bachelor,Sociology,1941,464,NA,Mount Holyoke College,South Hadley,Massachusetts,United States,42.25842,-72.57453
179,N00419,余顏枏生,Yu Yannansheng,"Yee, Nansheng Yen",F,University of North Carolina,NA,NA,NA,NA,NA,1942,464,NA,University of North Carolina,Chapel Hill,North Carolina,United States,35.9271,-79.0391
180,N00419,余顏枏生,Yu Yannansheng,"Yee, Nansheng Yen",F,滬江大學,NA,NA,NA,NA,NA,1939,464,滬江大學,Shanghai University,Shanghai,Shanghai,China,31.2304,121.4737
181,N00420,余蕭宗說,Yu Xiaozongshui,"Siao, Victoria T. Y.",F,University of Minnesota,NA,NA,NA,NA,Sociology,1943,464,NA,University of Minnesota,Minneapolis,Minnesota,United States,44.9635,-93.2678
182,N00420,余蕭宗說,Yu Xiaozongshui,"Siao, Victoria T. Y.",F,金陵大學,NA,NA,NA,NA,NA,1938,464,金陵大學,Jinling University,Nanjing,Jiangsu,China,32.0603,118.7969
183,N00423,宋月美,Song Yuemei,"Sun, Yuan-mei S.",F,University of Michigan,NA,NA,NA,NA,Chemistry,1943,464,NA,University of Michigan,Ann Arbor,Michigan,United States,42.2759,-83.731
184,N00427,宋閃寶,Song Shanbao,"Soong, Sally Sai-bao",F,Indiana University,NA,J.D.,Juris Doctor,Doctor,NA,1941,464,NA,Indiana University,Indianapolis,Indiana,United States,39.7771,-86.1458
185,N00427,宋閃寶,Song Shanbao,"Soong, Sally Sai-bao",F,Radcliffe College,NA,NA,NA,NA,Law,1943,464,NA,Radcliffe College,Cambridge,Massachusetts,United States,42.3759,-71.1185
186,N00427,宋閃寶,Song Shanbao,"Soong, Sally Sai-bao",F,東南大學,NA,NA,NA,NA,NA,1940,464,東南大學,Southeast University,Nanjing,Jiangsu,China,32.0603,118.7969
187,N00436,巫露德,Wu Lude,"Mo, Ruth Lo-tak",F,Columbia University,NA,NA,NA,NA,Education,1943,465,NA,Columbia University,New York City,New York,United States,40.6943,-73.9249
188,N00436,巫露德,Wu Lude,"Mo, Ruth Lo-tak",F,Kansas State College,NA,M.A.,Master of Arts,Master,Education,1941,465,NA,Kansas State College,Manhattan,Kansas,United States,39.1974,-96.5847
189,N00436,巫露德,Wu Lude,"Mo, Ruth Lo-tak",F,嶺南大學,NA,NA,NA,NA,NA,1935,465,嶺南大學,Lingnan University,Guangzhou,Guangdong,China,23.1291,113.2644
190,N00446,周李彩霞,Zhou Licaixia,"Chow, Annie T. Y. Li",F,New School For Social Research,NA,NA,NA,NA,NA,1935,466,NA,New School For Social Research,New York,New York,United States,40.7355,-73.9972
191,N00446,周李彩霞,Zhou Licaixia,"Chow, Annie T. Y. Li",F,New York University,NA,J.D.,Juris Doctor,Doctor,Law,1935,466,NA,New York University,New York City,New York,United States,40.6943,-73.9249
192,N00446,周李彩霞,Zhou Licaixia,"Chow, Annie T. Y. Li",F,交通大學,NA,NA,NA,NA,NA,1931,466,交通大學,Jiaotong University,Shanghai,Shanghai,China,31.2304,121.4737
193,N00454,周貞英,Zhou Zhenying,"Chou, Ruth C. Y.",F,University of Michigan,NA,M.S.,Master of Science,Master,Botany,1930,466,NA,University of Michigan,Ann Arbor,Michigan,United States,42.2759,-83.731
194,N00454,周貞英,Zhou Zhenying,"Chou, Ruth C. Y.",F,University of Michigan,NA,NA,NA,NA,Botany,1943,466,NA,University of Michigan,Ann Arbor,Michigan,United States,42.2759,-83.731
195,N00454,周貞英,Zhou Zhenying,"Chou, Ruth C. Y.",F,華南學院,NA,NA,NA,NA,NA,NA,466,NA,Hwa Nan College,Fuzhou,Fujian,China,26.0745,119.2965
196,N00457,周維,Zhou Wei,"Chow, Mary Vi",F,St. John's Hospital,NA,NA,NA,NA,NA,1942,466,NA,St. John's Hospital,Shanghai,Jiangsu,China,31.2304,121.4737
197,N00457,周維,Zhou Wei,"Chow, Mary Vi",F,大同大學,NA,NA,NA,NA,NA,1928,466,大同大學,Datong University,Shanghai,Shanghai,China,31.2304,121.4737
198,N00461,周慧泉,Zhou Huiquan,"Chow, Wai-chuen",F,College of the Pacific,NA,M.A.,Master of Arts,Master,Education,1943,466,NA,College of the Pacific,Stockton,California,United States,37.9808,-121.3127
199,N00461,周慧泉,Zhou Huiquan,"Chow, Wai-chuen",F,North Dakota State College,NA,B.S.,Bachelor of Science,Bachelor,NA,1939,466,NA,North Dakota State College,Fargo,North Dakota,United States,46.8959,-96.8008
200,N00461,周慧泉,Zhou Huiquan,"Chow, Wai-chuen",F,暨南大學,NA,NA,NA,NA,NA,NA,466,暨南大學,Jinan University,Shanghai,Shanghai,China,31.2304,121.4737
201,N00463,周紫霞,Zhou Zixia,"Chow, Tse-ya",F,Wheelock College,NA,NA,NA,NA,Child Welfare,1943,467,NA,Wheelock College,Boston,Massachusetts,United States,42.3188,-71.0852
202,N00464,周曾嬅,Zhou Cenghua,"Chow, Tseng-hwa",F,Columbia University,NA,NA,NA,NA,Pharmacy,1943,467,NA,Columbia University,New York City,New York,United States,40.6943,-73.9249
203,N00470,周愛華,Zhou Aihua,"Jones, Lora",F,Granville College,NA,NA,NA,NA,NA,NA,467,NA,Granville College,Granville,Ohio,United States,40.072,-82.5224
204,N00470,周愛華,Zhou Aihua,"Jones, Lora",F,South Pacific College,NA,NA,NA,NA,Education,1943,467,NA,South Pacific College,Seattle,Washington,United States,47.6062,-122.3321
205,N00475,周鄧誌,Zhou Dengzhi,"Chou, Darothy",F,清華大學,NA,NA,NA,NA,NA,1937,467,清華大學,Tsinghua University,Beijing,Beijing,China,39.9042,116.4074
206,N00475,周鄧誌,Zhou Dengzhi,"Chou, Darothy",F,燕京大學,NA,NA,NA,NA,NA,1936,467,燕京大學,Yenching University,Beijing,Beijing,China,39.9042,116.4074
207,N00477,周寶珠,Zhou Baozhu,"Chow, Pao-chu",F,University of Edinburgh,NA,M.A.,Master of Arts,Master,History,1940,467,NA,University of Edinburgh,Edinburgh,NA,United Kingdom,55.9445,-3.1892
208,N00477,周寶珠,Zhou Baozhu,"Chow, Pao-chu",F,中央大學,NA,NA,NA,NA,NA,1936,467,中央大學,Central University,Nanjing,Jiangsu,China,32.0603,118.7969
209,N00486,林美英,Lin Meiying,"Lim, Fannie May",F,University of California,NA,NA,NA,NA,Education,1942,468,NA,University of California,Berkeley,California,United States,37.8722,-122.276
210,N00486,林美英,Lin Meiying,"Lim, Fannie May",F,中山大學,NA,NA,NA,NA,NA,NA,468,中山大學,Zhongshan University,Guangzhou,Guangdong,China,23.1291,113.2644
211,N00487,林美貞,Lin Meizhen,"Lin, Jane May",F,University of California,NA,NA,NA,NA,Nursing,1943,468,NA,University of California,Berkeley,California,United States,37.8722,-122.276
212,N00491,林卓鳳,Lin Zhuofeng,"Ling, C. F.",F,師範大學,NA,NA,NA,NA,NA,1932,468,NA,Normal University,Beijing,Beijing,China,39.9042,116.4074
213,N00493,林淑賢,Lin Shuxian,"Ling, Betty",F,Morningside Conservatory of Music,NA,B.S.,Bachelor of Science,Bachelor,NA,1940,468,NA,Morningside Conservatory of Music,Sioux City,Iowa,United States,42.4959,-96.3816
214,N00493,林淑賢,Lin Shuxian,"Ling, Betty",F,Westminster Choir College,NA,NA,NA,NA,Music,1943,468,NA,Westminster Choir College,Princeton,New Jersey,United States,40.3487,-74.6593
215,N00493,林淑賢,Lin Shuxian,"Ling, Betty",F,華南文理學院,NA,NA,NA,NA,NA,1937,468,NA,Hwa Nan College,Fuzhou,Fujian,China,26.0745,119.2965
216,N00498,林斯馨,Lin Sixin,"Lin, Evelyn",F,Columbia University,NA,NA,NA,NA,Nursing,1943,469,NA,Columbia University,New York City,New York,United States,40.6943,-73.9249
217,N00500,林惠貞,Lin Huizhen,"Lin, Margaret R. D.",F,Forest Park University,NA,M.A.,Master of Arts,Master,NA,1911,469,NA,Forest Park University,St. Louis,Missouri,United States,38.627,-90.1994
218,N00500,林惠貞,Lin Huizhen,"Lin, Margaret R. D.",F,University of Illinois,NA,M.D.,Doctor of Medicine,Doctor,Medicine,1915,469,NA,University of Illinois,Chicago,Illinois,United States,41.8375,-87.6866
219,N00500,林惠貞,Lin Huizhen,"Lin, Margaret R. D.",F,University of Illinois,NA,NA,NA,NA,Surgery,1943,469,NA,University of Illinois,Chicago,Illinois,United States,41.8375,-87.6866
220,N00500,林惠貞,Lin Huizhen,"Lin, Margaret R. D.",F,福州學院,NA,NA,NA,NA,NA,1909,469,NA,Foochow College,Fuzhou,Fujian,China,26.0745,119.2965
221,N00502,林維貞,Lin Weizhen,"Ling, Vee-tsung",F,Duke University,NA,B.A.,Bachelor of Arts,Bachelor,Sociology,1942,469,NA,Duke University,Durham,North Carolina,United States,35.9792,-78.9022
222,N00506,林繼貞,Lin Jizhen,"Lin, Agnes",F,Columbia University,NA,NA,NA,NA,Business,1943,469,NA,Columbia University,New York City,New York,United States,40.6943,-73.9249
223,N00506,林繼貞,Lin Jizhen,"Lin, Agnes",F,University of Rochester,NA,B.A.,Bachelor of Arts,Bachelor,NA,1943,469,NA,University of Rochester,Rochester,New York,United States,43.168,-77.6162
224,N00510,林樹璋,Lin Shuzhang,"Lin, Shu-chang",F,McGill University,NA,M.S.,Master of Science,Master,Zoology,1942,469,NA,McGill University,Montreal,NA,Canada,45.5048,-73.5772
225,N00510,林樹璋,Lin Shuzhang,"Lin, Shu-chang",F,金陵大學,NA,NA,NA,NA,NA,1940,469,金陵大學,Jinling University,Nanjing,Jiangsu,China,32.0603,118.7969
226,N00515,金詩箴,Jin Shizhen,"King, Sze-tsung",F,Ilegible,NA,NA,NA,NA,NA,NA,470,NA,NA,NA,NA,NA,NA,NA
227,N00528,岑德美,Cen Demei,"Tsen, Te-mei",F,University of California,NA,M.A.,Master of Arts,Master,NA,1942,471,NA,University of California,Berkeley,California,United States,37.8722,-122.276
228,N00528,岑德美,Cen Demei,"Tsen, Te-mei",F,University of Michigan,NA,NA,NA,NA,Medicine,1943,471,NA,University of Michigan,Ann Arbor,Michigan,United States,42.2759,-83.731
229,N00528,岑德美,Cen Demei,"Tsen, Te-mei",F,聖約翰大學,NA,NA,NA,NA,NA,1938,471,聖約翰大學,St. John's University,Shanghai,Jiangsu,China,31.2304,121.4737
230,N00540,胡先晉,Hu Xianjin,"Hu, Hsien-chin",F,Columbia University,NA,NA,NA,NA,Anthropology,1943,472,NA,Columbia University,New York City,New York,United States,40.6943,-73.9249
231,N00540,胡先晉,Hu Xianjin,"Hu, Hsien-chin",F,北京大學,NA,NA,NA,NA,NA,1932,472,北京大學,Beijing University,Beijing,Beijing,China,39.9042,116.4074
232,N00554,胡趙景暉,Hu Zhaojinghui,"Hu, Ching-hui",F,Columbia University,NA,M.A.,Master of Arts,Master,Literature,1940,473,NA,Columbia University,New York City,New York,United States,40.6943,-73.9249
233,N00554,胡趙景暉,Hu Zhaojinghui,"Hu, Ching-hui",F,燕京大學,NA,NA,NA,NA,NA,1938,473,燕京大學,Yenching University,Beijing,Beijing,China,39.9042,116.4074
234,N00560,胡錦文,Hu Jinwen,"Hu, Ching-wen",F,Florida Southern College,NA,B.A.,Bachelor of Arts,Bachelor,Sociology,1943,473,NA,Florida Southern College,Lakeland,Florida,United States,28.0557,-81.9545
235,N00560,胡錦文,Hu Jinwen,"Hu, Ching-wen",F,University of Michigan,NA,NA,NA,NA,Sociology,1943,473,NA,University of Michigan,Ann Arbor,Michigan,United States,42.2759,-83.731
236,N00560,胡錦文,Hu Jinwen,"Hu, Ching-wen",F,滬江大學,NA,NA,NA,NA,NA,1938,473,滬江大學,Shanghai University,Shanghai,Shanghai,China,31.2304,121.4737
237,N00570,範果純,Fan Guochun,"Fan, Phyllis",F,Goucher College,NA,B.A.,Bachelor of Arts,Bachelor,NA,1942,474,NA,Goucher College,Towson,Maryland,United States,39.3944,-76.619
238,N00570,範果純,Fan Guochun,"Fan, Phyllis",F,University of Chicago,NA,NA,NA,NA,Chemistry,1943,474,NA,University of Chicago,Chicago,Illinois,United States,41.8375,-87.6866
239,N00573,範繼馨,Fan Jixin,"Fan, Eleanor",F,Peabody Conservatory of Music,NA,NA,NA,NA,NA,1942,474,NA,Peabody Conservatory of Music,Baltimore,Maryland,United States,39.2974,-76.6156
240,N00582,俞萬衛芳,Yu Wanweifang,"Yu, Alice W. F.",F,燕京大學,NA,NA,NA,NA,NA,1940,474,燕京大學,Yenching University,Beijing,Beijing,China,39.9042,116.4074
241,N00589,姚錦新,Yao Jinxin,"Yao, Tschin-Schin",F,Hochschule für Musik,NA,NA,NA,NA,NA,NA,475,NA,Hochschule für Musik,Berlin,NA,Germany,52.5186,13.3933
242,N00589,姚錦新,Yao Jinxin,"Yao, Tschin-Schin",F,天津大學,NA,NA,NA,NA,NA,1932,475,NA,Tianjin University,Tianjin,Tianjin,China,39.3434,117.3616
243,N00594,洪愛梅,Hong Aimei,"Hung, Gertrude",F,Columbia University,NA,NA,NA,NA,Journalism,1943,475,NA,Columbia University,New York City,New York,United States,40.6943,-73.9249
244,N00594,洪愛梅,Hong Aimei,"Hung, Gertrude",F,Mills College,NA,NA,NA,NA,Drama,1943,475,NA,Mills College,Oakland,California,United States,37.7904,-122.2166
245,N00594,洪愛梅,Hong Aimei,"Hung, Gertrude",F,燕京大學,NA,NA,NA,NA,NA,1941,475,燕京大學,Yenching University,Beijing,Beijing,China,39.9042,116.4074
246,N00595,洪愛蓮,Hong Ailian,"Hung, Ruth A. L.",F,Rockford College,NA,NA,NA,NA,Nursing,1943,475,NA,Rockford College,Rockford,Illinois,United States,42.2708,-89.0937
247,N00595,洪愛蓮,Hong Ailian,"Hung, Ruth A. L.",F,燕京大學,NA,NA,NA,NA,NA,1941,475,燕京大學,Yenching University,Beijing,Beijing,China,39.9042,116.4074
248,N00598,南映恒,Nan Yingheng,"Nan, Ruby",F,Guilford College,NA,NA,NA,NA,Economics,1943,476,NA,Guilford College,Greensboro,North Carolina,United States,36.0956,-79.8271
249,N00598,南映恒,Nan Yingheng,"Nan, Ruby",F,Oberlin College,NA,NA,NA,NA,Economics,1942,476,NA,Oberlin College,Oberlin,Ohio,United States,41.286,-82.2198
250,N00598,南映恒,Nan Yingheng,"Nan, Ruby",F,北京大學,NA,NA,NA,NA,NA,NA,476,北京大學,Beijing University,Beijing,Beijing,China,39.9042,116.4074
251,N00599,南映軫,Nan Yingzhen,"Nan, Sylvia",F,Columbia University,NA,M.S.,Master of Science,Master,Child Welfare,1943,476,NA,Columbia University,New York City,New York,United States,40.6943,-73.9249
252,N00599,南映軫,Nan Yingzhen,"Nan, Sylvia",F,New School For Social Research,NA,NA,NA,NA,NA,NA,476,NA,New School For Social Research,New York,New York,United States,40.7355,-73.9972
253,N00599,南映軫,Nan Yingzhen,"Nan, Sylvia",F,Oberlin College,NA,B.A.,Bachelor of Arts,Bachelor,Sociology,1942,476,NA,Oberlin College,Oberlin,Ohio,United States,41.286,-82.2198
254,N00599,南映軫,Nan Yingzhen,"Nan, Sylvia",F,北京大學,NA,NA,NA,NA,NA,1940,476,北京大學,Beijing University,Beijing,Beijing,China,39.9042,116.4074
255,N00606,徐欣,Xu Xin,"Hsu, Rosabel",F,Juilliard School of Music,NA,NA,NA,NA,NA,1943,476,NA,Juilliard School of Music,New York City,New York,United States,40.6943,-73.9249
256,N00606,徐欣,Xu Xin,"Hsu, Rosabel",F,Trinity College of Music,NA,NA,NA,NA,NA,1940,476,NA,Trinity College of Music,London,NA,United Kingdom,51.4993,-0.1774
257,N00608,徐敬儀,Xu Jingyi,"Hsu, Ching-yi",F,Mills College,NA,M.A.,Master of Arts,Master,NA,1940,476,NA,Mills College,Oakland,California,United States,37.7904,-122.2166
258,N00608,徐敬儀,Xu Jingyi,"Hsu, Ching-yi",F,University of California,NA,NA,NA,NA,Education,1943,476,NA,University of California,Berkeley,California,United States,37.8722,-122.276
259,N00608,徐敬儀,Xu Jingyi,"Hsu, Ching-yi",F,燕京大學,NA,NA,NA,NA,NA,1935,476,燕京大學,Yenching University,Beijing,Beijing,China,39.9042,116.4074
260,N00616,淩如坤,Ling Rukun,"Ling, Clara",F,University of California,NA,B.A.,Bachelor of Arts,Bachelor,Education,1916,477,NA,University of California,Berkeley,California,United States,37.8722,-122.276
261,N00616,淩如坤,Ling Rukun,"Ling, Clara",F,University of California,NA,M.A.,Master of Arts,Master,Education,1916,477,NA,University of California,Berkeley,California,United States,37.8722,-122.276
262,N00616,淩如坤,Ling Rukun,"Ling, Clara",F,University of California,NA,NA,NA,NA,Education,1943,477,NA,University of California,Berkeley,California,United States,37.8722,-122.276
263,N00617,淩國芳,Ling Guofang,"Ling, Julia Kuo-fang",F,Blackstone College,NA,NA,NA,NA,NA,1943,477,NA,Blackstone College,Blackstone,Virginia,United States,37.0804,-77.9972
264,N00617,淩國芳,Ling Guofang,"Ling, Julia Kuo-fang",F,Bryn Mawr College,NA,NA,NA,NA,Bacteriology,1943,477,NA,Bryn Mawr College,Bryn Mawr,Pennsylvania,United States,40.0208,-75.3161
265,N00618,淩國芬,Ling Guofen,"Ling, Victoria R.",F,Blackstone College,NA,NA,NA,NA,History,1942,477,NA,Blackstone College,Blackstone,Virginia,United States,37.0804,-77.9972
266,N00618,淩國芬,Ling Guofen,"Ling, Victoria R.",F,Mount Holyoke College,NA,NA,NA,NA,History,1943,477,NA,Mount Holyoke College,South Hadley,Massachusetts,United States,42.25842,-72.57453
267,N00620,高克正,Gao Kezheng,"Kao, Kah-tsung",F,Sarah Lawrence College,NA,NA,NA,NA,Psychology,1943,477,NA,Sarah Lawrence College,Bronxville,New York,United States,40.9395,-73.8265
268,N00622,高兆蘭,Gao Zhaolan,"Kao, Chao-lan",F,University of Michigan,NA,NA,NA,NA,Physiology,1943,477,NA,University of Michigan,Ann Arbor,Michigan,United States,42.2759,-83.731
269,N00622,高兆蘭,Gao Zhaolan,"Kao, Chao-lan",F,嶺南大學,NA,NA,NA,NA,NA,1934,477,嶺南大學,Lingnan University,Guangzhou,Guangdong,China,23.1291,113.2644
270,N00622,高兆蘭,Gao Zhaolan,"Kao, Chao-lan",F,嶺南大學,NA,NA,NA,NA,NA,1936,477,嶺南大學,Lingnan University,Guangzhou,Guangdong,China,23.1291,113.2644
271,N00623,高李雅馥,Gao Liyafu,"Gow, Louise Y.",F,Drew University,NA,NA,NA,NA,NA,1942,477,NA,Drew University,Madison,New Jersey,United States,40.7586,-74.4169
272,N00623,高李雅馥,Gao Liyafu,"Gow, Louise Y.",F,Seton Hill College,NA,B.A.,Bachelor of Arts,Bachelor,Sociology,1941,477,NA,Seton Hill College,Greensburg,Pennsylvania,United States,40.3098,-79.5557
273,N00623,高李雅馥,Gao Liyafu,"Gow, Louise Y.",F,燕京大學,NA,NA,NA,NA,NA,1938,477,燕京大學,Yenching University,Beijing,Beijing,China,39.9042,116.4074
274,N00624,高居純,Gao Juchun,"Kao, Chun-chun",F,Drake University,NA,NA,NA,NA,Psychology,1943,477,NA,Drake University,Des Moines,Iowa,United States,41.5725,-93.6105
275,N00624,高居純,Gao Juchun,"Kao, Chun-chun",F,協和醫學院,NA,NA,NA,NA,NA,1941,477,協和醫學院,Peking Union Medical College,Beijing,Beijing,China,39.9042,116.4074
276,N00624,高居純,Gao Juchun,"Kao, Chun-chun",F,燕京大學,NA,NA,NA,NA,NA,1936,477,燕京大學,Yenching University,Beijing,Beijing,China,39.9042,116.4074
277,N00626,高瑞蘭,Gao Ruilan,"Kao, Charlotte",F,Cornell University,NA,NA,NA,NA,Sociology,1941,477,NA,Cornell University,Ithaca,New York,United States,42.4442,-76.5032
278,N00626,高瑞蘭,Gao Ruilan,"Kao, Charlotte",F,Cornell University,NA,NA,NA,NA,Sociology,1943,477,NA,Cornell University,Ithaca,New York,United States,42.4442,-76.5032
279,N00626,高瑞蘭,Gao Ruilan,"Kao, Charlotte",F,Lenoir-Rhyne College,NA,B.A.,Bachelor of Arts,Bachelor,NA,1940,477,NA,Lenoir-Rhyne College,Hickory,North Carolina,United States,35.7406,-81.328
280,N00626,高瑞蘭,Gao Ruilan,"Kao, Charlotte",F,New York University,NA,M.A.,Master of Arts,Master,Sociology,1941,477,NA,New York University,New York City,New York,United States,40.6943,-73.9249
281,N00638,馬德音,Ma Deyin,"Ma, Teh-yin",F,Drew University,NA,NA,NA,NA,Sociology,1942,478,NA,Drew University,Madison,New Jersey,United States,40.7586,-74.4169
282,N00638,馬德音,Ma Deyin,"Ma, Teh-yin",F,Virginia Polytechnic Institute,NA,NA,NA,NA,Sociology,1943,478,NA,Virginia Polytechnic Institute,Blacksburg,Virginia,United States,37.2284,-80.4234
283,N00638,馬德音,Ma Deyin,"Ma, Teh-yin",F,金陵女子文理學院,NA,NA,NA,NA,NA,NA,478,金陵女子文理學院,Ginling College,Nanjing,Jiangsu,China,32.0603,118.7969
284,N00639,馬儀英,Ma Yiying,"Ma, Yi-ying",F,Smith College,NA,M.A.,Master of Arts,Master,Education,1939,478,NA,Smith College,Northampton,Massachusetts,United States,42.3266,-72.6745
285,N00639,馬儀英,Ma Yiying,"Ma, Yi-ying",F,University of California,NA,NA,NA,NA,Education,1943,478,NA,University of California,Berkeley,California,United States,37.8722,-122.276
286,N00639,馬儀英,Ma Yiying,"Ma, Yi-ying",F,嶺南大學,NA,NA,NA,NA,NA,1929,478,嶺南大學,Lingnan University,Guangzhou,Guangdong,China,23.1291,113.2644
287,N00641,馬鷺吉,Ma Luji,"Ma, Lucy",F,齊魯大學,NA,NA,NA,NA,Medicine,NA,478,齊魯大學,Qilu University,Jinan,Shandong,China,36.6512,117.1201
288,N00643,唐文順,Tang Wenshun,"Tang, Lily W. S.",F,Mount Holyoke College,NA,M.A.,Master of Arts,Master,Drama,1941,478,NA,Mount Holyoke College,South Hadley,Massachusetts,United States,42.25842,-72.57453
289,N00643,唐文順,Tang Wenshun,"Tang, Lily W. S.",F,燕京大學,NA,NA,NA,NA,NA,1940,478,燕京大學,Yenching University,Beijing,Beijing,China,39.9042,116.4074
290,N00644,唐少蘭,Tang Shaolan,"Dan, Lydia Shao-lan",F,Bennett College,NA,NA,NA,NA,NA,1936,479,NA,Bennett College,Greensboro,North Carolina,United States,36.0956,-79.8271
291,N00644,唐少蘭,Tang Shaolan,"Dan, Lydia Shao-lan",F,Radcliffe College,NA,M.A.,Master of Arts,Master,Political Science,1942,479,NA,Radcliffe College,Cambridge,Massachusetts,United States,42.3759,-71.1185
292,N00654,唐寶珅,Tang Baoshen,"Tong, Lora P. S.",F,Bryn Mawr College,NA,NA,NA,NA,Economics,1943,479,NA,Bryn Mawr College,Bryn Mawr,Pennsylvania,United States,40.0208,-75.3161
293,N00654,唐寶珅,Tang Baoshen,"Tong, Lora P. S.",F,嶺南大學,NA,NA,NA,NA,NA,1941,479,嶺南大學,Lingnan University,Guangzhou,Guangdong,China,23.1291,113.2644
294,N00662,孫鹹方,Sun Xianfang,"Sun, Yolanda H. F.",F,University of Chicago,NA,NA,NA,NA,Sociology,1943,480,NA,University of Chicago,Chicago,Illinois,United States,41.8375,-87.6866
295,N00662,孫鹹方,Sun Xianfang,"Sun, Yolanda H. F.",F,燕京大學,NA,NA,NA,NA,NA,1940,480,燕京大學,Yenching University,Beijing,Beijing,China,39.9042,116.4074
296,N00663,孫珍寶,Sun Zhenbao,"Sun, Chen-pao",F,Lehigh University,NA,M.S.,Master of Science,Master,Metallurgy,1943,480,NA,Lehigh University,Bethlehem,Pennsylvania,United States,40.6266,-75.3679
297,N00663,孫珍寶,Sun Zhenbao,"Sun, Chen-pao",F,齊魯大學,NA,NA,NA,NA,NA,1931,480,齊魯大學,Qilu University,Jinan,Shandong,China,36.6512,117.1201
298,N00678,秦黃新玉,Qin Huangxinyu,"Wong, Jane",F,University of Wisconsin,NA,B.S.,Bachelor of Science,Bachelor,Hygiene,1940,481,NA,University of Wisconsin,Madison,Wisconsin,United States,43.0822,-89.393
299,N00678,秦黃新玉,Qin Huangxinyu,"Wong, Jane",F,燕京大學,NA,NA,NA,NA,NA,1937,481,燕京大學,Yenching University,Beijing,Beijing,China,39.9042,116.4074
300,N00687,夏潞容,Xia Lurong,"Hsia, Pearl",F,University of Wisconsin,NA,NA,NA,NA,Education,1943,481,NA,University of Wisconsin,Madison,Wisconsin,United States,43.0822,-89.393
301,N00697,翁輝蘭,Weng Huilan,"Ong, Hwei-lan",F,University of Chicago,NA,NA,NA,NA,Sociology,1941,482,NA,University of Chicago,Chicago,Illinois,United States,41.8375,-87.6866
302,N00697,翁輝蘭,Weng Huilan,"Ong, Hwei-lan",F,金陵女子文理學院,NA,NA,NA,NA,NA,1935,482,金陵女子文理學院,Ginling College,Nanjing,Jiangsu,China,32.0603,118.7969
303,N00700,韋杏蓮,Wei Xinglian,"Wei, Angli",F,George Peabody College,NA,NA,NA,NA,Education,1943,482,NA,George Peabody College,Nashville,Tennessee,United States,36.1447,-86.8027
304,N00700,韋杏蓮,Wei Xinglian,"Wei, Angli",F,Scarritt College,NA,NA,NA,NA,Education,1942,482,NA,Scarritt College,Neosho,Missouri,United States,36.8437,-94.3758
305,N00708,塗季佩,Tu Jipei,"Thu, Anne B.",F,University of Arizona,NA,NA,NA,NA,English,1943,483,NA,University of Arizona,Tucson,Arizona,United States,32.1541,-110.8787
306,N00722,梁桂釗,Liang Guizhao,"Leong, Peggy K. C.",F,University of California,NA,NA,NA,NA,Home Economics,1943,484,NA,University of California,Berkeley,California,United States,37.8722,-122.276
307,N00722,梁桂釗,Liang Guizhao,"Leong, Peggy K. C.",F,嶺南大學,NA,NA,NA,NA,NA,1940,484,嶺南大學,Lingnan University,Guangzhou,Guangdong,China,23.1291,113.2644
308,N00728,梁靜怡,Liang Jingyi,"Liang, Ching-ye",F,Columbia University,NA,NA,NA,NA,Nutrition,1943,484,NA,Columbia University,New York City,New York,United States,40.6943,-73.9249
309,N00728,梁靜怡,Liang Jingyi,"Liang, Ching-ye",F,Radcliffe College,NA,NA,NA,NA,NA,1941,484,NA,Radcliffe College,Cambridge,Massachusetts,United States,42.3759,-71.1185
310,N00728,梁靜怡,Liang Jingyi,"Liang, Ching-ye",F,Rosary College,NA,NA,NA,NA,NA,1943,484,NA,Rosary College,River Forest,Illinois,United States,41.899,-87.8206
311,N00733,張王玉潔,Zhang Wangyujie,"Wang, Yu-chieh",F,Madison General Hospital,NA,NA,NA,NA,Nursing,1942,484,NA,Madison General Hospital,Madison,Wisconsin,United States,43.0731,-89.4012
312,N00733,張王玉潔,Zhang Wangyujie,"Wang, Yu-chieh",F,齊魯大學,NA,NA,NA,NA,NA,1937,484,齊魯大學,Qilu University,Jinan,Shandong,China,36.6512,117.1201
313,N00734,張王承書,Zhang Wangchengshu,"Chang, Cheng-shu Wong",F,University of Michigan,NA,NA,NA,NA,Physiology,1943,484,NA,University of Michigan,Ann Arbor,Michigan,United States,42.2759,-83.731
314,N00734,張王承書,Zhang Wangchengshu,"Chang, Cheng-shu Wong",F,燕京大學,NA,NA,NA,NA,NA,1938,484,燕京大學,Yenching University,Beijing,Beijing,China,39.9042,116.4074
315,N00742,張美梨,Zhang Meili,"Cheong, Mary",F,University of California,NA,NA,NA,NA,Chemistry,1943,485,NA,University of California,Berkeley,California,United States,37.8722,-122.276
316,N00750,張貞愛,Zhang Zhenai,"Chong, Janet",F,University of Hawaii,NA,NA,NA,NA,English,1943,485,NA,University of Hawaii,Honolulu,Hawaii,United States,21.3294,-157.846
317,N00750,張貞愛,Zhang Zhenai,"Chong, Janet",F,University of Michigan,NA,NA,NA,NA,English,1943,485,NA,University of Michigan,Ann Arbor,Michigan,United States,42.2759,-83.731
318,N00761,張梁思懿,Zhang Liangsiyi,"Chang, Sau-yi Liang",F,Simmons College,NA,NA,NA,NA,Social Welfare,1943,486,NA,Simmons College,Boston,Massachusetts,United States,42.339,-71.1002
319,N00761,張梁思懿,Zhang Liangsiyi,"Chang, Sau-yi Liang",F,University of Southern California,NA,NA,NA,NA,NA,1942,486,NA,University of Southern California,Los Angeles,California,United States,34.1141,-118.4068
320,N00761,張梁思懿,Zhang Liangsiyi,"Chang, Sau-yi Liang",F,燕京大學,NA,NA,NA,NA,NA,1937,486,燕京大學,Yenching University,Beijing,Beijing,China,39.9042,116.4074
321,N00764,張泰浩,Zhang Taihao,"Chang, Augusta",F,University of Berlin,NA,NA,NA,NA,NA,1937,486,NA,University of Berlin,Berlin,NA,Germany,52.5186,13.3933
322,N00764,張泰浩,Zhang Taihao,"Chang, Augusta",F,University of Perugia,NA,NA,NA,NA,Language,1938,486,NA,University of Perugia,Perugia,NA,Italy,43.1158,12.389
323,N00768,張淑義,Zhang Shuyi,"Chang, Shu-yi",F,New School For Social Research,NA,NA,NA,NA,NA,1943,486,NA,New School For Social Research,New York,New York,United States,40.7355,-73.9972
324,N00768,張淑義,Zhang Shuyi,"Chang, Shu-yi",F,燕京大學,NA,NA,NA,NA,NA,1936,486,燕京大學,Yenching University,Beijing,Beijing,China,39.9042,116.4074
325,N00770,張湯德珍,Zhang Shangdezhen,"Chang, Te-chen Tang",F,Columbia University,NA,NA,NA,NA,Physical Education,1943,486,NA,Columbia University,New York City,New York,United States,40.6943,-73.9249
326,N00770,張湯德珍,Zhang Shangdezhen,"Chang, Te-chen Tang",F,北京大學,NA,NA,NA,NA,NA,NA,486,北京大學,Beijing University,Beijing,Beijing,China,39.9042,116.4074
327,N00771,張寧珠,Zhang Ningzhu,"Chang, Lily N. C.",F,Columbia University,NA,M.S.,Master of Science,Master,Business,1943,486,NA,Columbia University,New York City,New York,United States,40.6943,-73.9249
328,N00771,張寧珠,Zhang Ningzhu,"Chang, Lily N. C.",F,Indiana University,NA,NA,NA,NA,Business,1942,486,NA,Indiana University,Indianapolis,Indiana,United States,39.7771,-86.1458
329,N00771,張寧珠,Zhang Ningzhu,"Chang, Lily N. C.",F,復旦大學,NA,NA,NA,NA,NA,1940,486,復旦大學,Fudan University,Shanghai,Shanghai,China,31.2304,121.4737
330,N00777,張滿怡,Zhang Manyi,"Chang, Man-ye",F,Mount Holyoke College,NA,B.A.,Bachelor of Arts,Bachelor,Literature,1943,487,NA,Mount Holyoke College,South Hadley,Massachusetts,United States,42.25842,-72.57453
331,N00777,張滿怡,Zhang Manyi,"Chang, Man-ye",F,Yale University,NA,NA,NA,NA,Literature,1943,487,NA,Yale University,New Haven,Connecticut,United States,41.3113,-72.9246
332,N00777,張滿怡,Zhang Manyi,"Chang, Man-ye",F,滬江大學,NA,NA,NA,NA,NA,1937,487,滬江大學,Shanghai University,Shanghai,Shanghai,China,31.2304,121.4737
333,N00783,張麗雲,Zhang Liyun,"Cheung, Lai-wan",F,Mills College,NA,NA,NA,NA,Biology,1943,487,NA,Mills College,Oakland,California,United States,37.7904,-122.2166
334,N00793,張馨珠,Zhang Xinzhu,"Chang, Elsie Shung-chu",F,Indiana University,NA,J.D.,Juris Doctor,Doctor,Law,1941,488,NA,Indiana University,Indianapolis,Indiana,United States,39.7771,-86.1458
335,N00793,張馨珠,Zhang Xinzhu,"Chang, Elsie Shung-chu",F,東南大學,NA,NA,NA,NA,NA,NA,488,東南大學,Southeast University,Nanjing,Jiangsu,China,32.0603,118.7969
336,N00796,莫姜吟月,Mo Jiangyinyue,"Kiang, Victoria Y. Y.",F,University of Michigan,NA,NA,NA,NA,Nursing,1942,488,NA,University of Michigan,Ann Arbor,Michigan,United States,42.2759,-83.731
337,N00796,莫姜吟月,Mo Jiangyinyue,"Kiang, Victoria Y. Y.",F,光華大學,NA,NA,NA,NA,NA,NA,488,光華大學,Guanghua University,Shanghai,Shanghai,China,31.2304,121.4737
338,N00804,陳正芳,Chen Zhengfang,"Chen, Dora Tseng-fong",F,Mary Hardin-Baylor College,NA,B.S.,Bachelor of Science,Bachelor,NA,1938,488,NA,Mary Hardin-Baylor College,Belton,Texas,United States,31.0673,-97.4648
339,N00804,陳正芳,Chen Zhengfang,"Chen, Dora Tseng-fong",F,University of Texas,NA,M.B.A.,Master of Business Administration,Master,Banking & Finance,1939,488,NA,University of Texas,Austin,Texas,United States,30.3005,-97.7522
340,N00817,陳秀芬,Chen Xiufen,"Chen, Mary S. F.",F,University of Cincinnati,NA,NA,NA,NA,Zoology,1943,489,NA,University of Cincinnati,Cincinnati,Ohio,United States,39.1413,-84.506
341,N00818,陳秀英,Chen Xiuying,"Chen, Luetta S, Y.",F,Oberlin College,NA,M.A.,Master of Arts,Master,Biology,1938,489,NA,Oberlin College,Oberlin,Ohio,United States,41.286,-82.2198
342,N00818,陳秀英,Chen Xiuying,"Chen, Luetta S, Y.",F,Radcliffe College,NA,Ph.D.,Doctor of Philosophy,Doctor,Biology,1942,489,NA,Radcliffe College,Cambridge,Massachusetts,United States,42.3759,-71.1185
343,N00818,陳秀英,Chen Xiuying,"Chen, Luetta S, Y.",F,華南學院,NA,NA,NA,NA,NA,1930,489,NA,Hwa Nan College,Fuzhou,Fujian,China,26.0745,119.2965
344,N00819,陳秀青,Chen Xiuqing,"Chen, Agnes",F,University of Washington,NA,NA,NA,NA,Home Economics,1943,489,NA,University of Washington,Seattle,Oregon,United States,47.6211,-122.3244
345,N00820,陳秀貞,Chen Xiuzhen,"Chen, Siu-tsung",F,University of Michigan,NA,NA,NA,NA,Sociology,1943,489,NA,University of Michigan,Ann Arbor,Michigan,United States,42.2759,-83.731
346,N00821,陳秀端,Chen Xiuduan,"Chen, Siu-tuan",F,Oberlin College,NA,NA,NA,NA,NA,1942,489,NA,Oberlin College,Oberlin,Ohio,United States,41.286,-82.2198
347,N00821,陳秀端,Chen Xiuduan,"Chen, Siu-tuan",F,Simmons College,NA,NA,NA,NA,Chemistry,1943,489,NA,Simmons College,Boston,Massachusetts,United States,42.339,-71.1002
348,N00822,陳秀勤,Chen Xiuqin,"Chan, Yerk-kun",F,Drake University,NA,M.A.,Master of Arts,Master,Education,1941,489,NA,Drake University,Des Moines,Iowa,United States,41.5725,-93.6105
349,N00822,陳秀勤,Chen Xiuqin,"Chan, Yerk-kun",F,中山大學,NA,NA,NA,NA,NA,1938,489,中山大學,Zhongshan University,Guangzhou,Guangdong,China,23.1291,113.2644
350,N00827,陳東友,Chen Dongyou,"Chen, Jeanette",F,Ilegible,NA,NA,NA,NA,NA,1933,490,NA,NA,NA,NA,NA,NA,NA
351,N00827,陳東友,Chen Dongyou,"Chen, Jeanette",F,Macalester College,NA,B.A.,Bachelor of Arts,Bachelor,Education,1943,490,NA,Macalester College,Saint Paul,Minnesota,United States,44.94441,-93.09327
352,N00837,陳琦,Chen Qi,"Chen, Chi",F,Western Reserve University,NA,NA,NA,NA,Nursing,1943,490,NA,Western Reserve University,Cleveland,Ohio,United States,41.4764,-81.6805
353,N00837,陳琦,Chen Qi,"Chen, Chi",F,協和醫學院,NA,NA,NA,NA,NA,1931,490,協和醫學院,Peking Union Medical College,Beijing,Beijing,China,39.9042,116.4074
354,N00839,陳淑儀,Chen Shuyi,"Chen, Shu-yi",F,Penn State College,NA,M.S.,Master of Science,Master,Botany,1940,490,NA,Penn State College,State College,Pennsylvania,United States,40.7982,-77.8599
355,N00839,陳淑儀,Chen Shuyi,"Chen, Shu-yi",F,Penn State College,NA,NA,NA,NA,Botany,1943,490,NA,Penn State College,State College,Pennsylvania,United States,40.7982,-77.8599
356,N00839,陳淑儀,Chen Shuyi,"Chen, Shu-yi",F,嶺南大學,NA,NA,NA,NA,NA,1935,490,嶺南大學,Lingnan University,Guangzhou,Guangdong,China,23.1291,113.2644
357,N00848,陳瑞芳,Chen Ruifang,"Chen, Gloria F.",F,New York University,NA,B.A.,Bachelor of Arts,Bachelor,Sociology,1943,491,NA,New York University,New York City,New York,United States,40.6943,-73.9249
358,N00859,陳高美玉,Chen Gaomeiyu,"Chen, Mary Kao",F,Goucher College,NA,NA,NA,NA,Nursing,NA,491,NA,Goucher College,Towson,Maryland,United States,39.3944,-76.619
359,N00859,陳高美玉,Chen Gaomeiyu,"Chen, Mary Kao",F,New York University,NA,NA,NA,NA,Nursing,NA,491,NA,New York University,New York City,New York,United States,40.6943,-73.9249
360,N00861,陳梁愛光,Chen Liangaiguang,"Ching, Lily Leung",F,Claremont College,NA,NA,NA,NA,Education,1943,492,NA,Claremont College,Claremont,California,United States,34.0967,-117.7198
361,N00861,陳梁愛光,Chen Liangaiguang,"Ching, Lily Leung",F,滬江大學,NA,NA,NA,NA,NA,1937,492,滬江大學,Shanghai University,Shanghai,Shanghai,China,31.2304,121.4737
362,N00874,陳馮娛貞,Chen Fengyuzhen,"Chen, Helen F.",F,Madison College,NA,B.S.,Bachelor of Science,Bachelor,Home Economics,1936,492,NA,Madison College,Madison,Wisconsin,United States,43.0731,-89.4012
363,N00874,陳馮娛貞,Chen Fengyuzhen,"Chen, Helen F.",F,University of Michigan,NA,NA,NA,NA,NA,1933,492,NA,University of Michigan,Ann Arbor,Michigan,United States,42.2759,-83.731
364,N00875,陳鐘文惠,Chen Zhongwenhui,"Chen, Wen-hui C.",F,University of Southern California,NA,M.A.,Master of Arts,Master,Sociology,1940,492,NA,University of Southern California,Los Angeles,California,United States,34.1141,-118.4068
365,N00875,陳鐘文惠,Chen Zhongwenhui,"Chen, Wen-hui C.",F,University of Southern California,NA,NA,NA,NA,Sociology,1943,492,NA,University of Southern California,Los Angeles,California,United States,34.1141,-118.4068
366,N00875,陳鐘文惠,Chen Zhongwenhui,"Chen, Wen-hui C.",F,燕京大學,NA,NA,NA,NA,NA,1931,492,燕京大學,Yenching University,Beijing,Beijing,China,39.9042,116.4074
367,N00877,陳維祥,Chen Weixiang,"Chen, Pauline",F,Pomona College,NA,B.A.,Bachelor of Arts,Bachelor,Sociology,1942,492,NA,Pomona College,Claremont,California,United States,34.1259,-117.7153
368,N00877,陳維祥,Chen Weixiang,"Chen, Pauline",F,Schauffler College,NA,B.S.,Bachelor of Science,Bachelor,NA,1941,492,NA,Schauffler College,Cleveland,Ohio,United States,41.4993,-81.6944
369,N00884,陳譚超英,Chen Tanchaoying,"Chen, Chao-ying",F,燕京大學,NA,Master,NA,NA,NA,1934,493,燕京大學,Yenching University,Beijing,Beijing,China,39.9042,116.4074
370,N00884,陳譚超英,Chen Tanchaoying,"Chen, Chao-ying",F,燕京大學,NA,NA,NA,NA,NA,1931,493,燕京大學,Yenching University,Beijing,Beijing,China,39.9042,116.4074
371,N00887,陳鳳平,Chen Fengping,"Chinn, Grace",F,Columbia University,NA,NA,NA,NA,History,1943,493,NA,Columbia University,New York City,New York,United States,40.6943,-73.9249
372,N00887,陳鳳平,Chen Fengping,"Chinn, Grace",F,University of Washington,NA,NA,NA,NA,NA,1940,493,NA,University of Washington,Seattle,Oregon,United States,47.6211,-122.3244
373,N00891,陳璐斯,Chen Lusi,"Thom, Lucy",F,University of California,NA,NA,NA,NA,Forestry,1943,493,NA,University of California,Berkeley,California,United States,37.8722,-122.276
374,N00891,陳璐斯,Chen Lusi,"Thom, Lucy",F,中山大學,NA,NA,NA,NA,NA,1938,493,中山大學,Zhongshan University,Guangzhou,Guangdong,China,23.1291,113.2644
375,N00892,陳綺華,Chen Qihua,"Chen, Evelyn Ewa",F,Barnard College,NA,NA,NA,NA,Music,1943,493,NA,Barnard College,New York City,New York,United States,40.6943,-73.9249
376,N00917,黃安禮,Huang Anli,"Huang, An-Li",F,University of Chicago,NA,M.A.,Master of Arts,Master,Economics,1942,495,NA,University of Chicago,Chicago,Illinois,United States,41.8375,-87.6866
377,N00917,黃安禮,Huang Anli,"Huang, An-Li",F,燕京大學,NA,NA,NA,NA,NA,1932,495,燕京大學,Yenching University,Beijing,Beijing,China,39.9042,116.4074
378,N00921,黃秀璣,Huang Xiuji,"Huang, Siu-chi",F,University of Michigan,NA,NA,NA,NA,NA,1943,495,NA,University of Michigan,Ann Arbor,Michigan,United States,42.2759,-83.731
379,N00921,黃秀璣,Huang Xiuji,"Huang, Siu-chi",F,University of Pennsylvania,NA,NA,NA,NA,Philosophy,1943,495,NA,University of Pennsylvania,Philadelphia,Pennsylvania,United States,40.0077,-75.1339
380,N00921,黃秀璣,Huang Xiuji,"Huang, Siu-chi",F,University of Pennsylvania,NA,NA,NA,NA,NA,1941,495,NA,University of Pennsylvania,Philadelphia,Pennsylvania,United States,40.0077,-75.1339
381,N00921,黃秀璣,Huang Xiuji,"Huang, Siu-chi",F,福建協和大學,NA,NA,NA,NA,NA,1936,495,福建協和大學,Fujian Union University,Fuzhou,Fujian,China,26.0745,119.2965
382,N00942,黃奉儀,Huang Fengyi,"Wong, Florence F. Y.",F,Clark University,NA,B.A.,Bachelor of Arts,Bachelor,Music,1941,496,NA,Clark University,Worcester,Massachusetts,United States,42.2705,-71.8079
383,N00942,黃奉儀,Huang Fengyi,"Wong, Florence F. Y.",F,Columbia University,NA,NA,NA,NA,Music,1943,496,NA,Columbia University,New York City,New York,United States,40.6943,-73.9249
384,N00942,黃奉儀,Huang Fengyi,"Wong, Florence F. Y.",F,University of Michigan,NA,M.A.,Master of Arts,Master,Music,1942,496,NA,University of Michigan,Ann Arbor,Michigan,United States,42.2759,-83.731
385,N00942,黃奉儀,Huang Fengyi,"Wong, Florence F. Y.",F,滬江大學,NA,NA,NA,NA,NA,1939,496,滬江大學,Shanghai University,Shanghai,Shanghai,China,31.2304,121.4737
386,N00947,黃淑煒,Huang Shuwei,"Hwang, Shuh-wei",F,University of California,NA,NA,NA,NA,Plant Pathology,1943,496,NA,University of California,Berkeley,California,United States,37.8722,-122.276
387,N00947,黃淑煒,Huang Shuwei,"Hwang, Shuh-wei",F,金陵大學,NA,NA,NA,NA,NA,1936,496,金陵大學,Jinling University,Nanjing,Jiangsu,China,32.0603,118.7969
388,N00954,黃惠珠,Huang Huizhu,"Wong, Pearl H.",F,Ohio Wesleyan University,NA,B.A.,Bachelor of Arts,Bachelor,Literature,1921,497,NA,Ohio Wesleyan University,Delaware,Ohio,United States,40.2851,-83.0741
389,N00954,黃惠珠,Huang Huizhu,"Wong, Pearl H.",F,University of Southern California,NA,M.A.,Master of Arts,Master,Sociology,1938,497,NA,University of Southern California,Los Angeles,California,United States,34.1141,-118.4068
390,N00954,黃惠珠,Huang Huizhu,"Wong, Pearl H.",F,University of Southern California,NA,NA,NA,NA,Sociology,1943,497,NA,University of Southern California,Los Angeles,California,United States,34.1141,-118.4068
391,N00973,曹林愛群,Cao Linaiqun,"Tsao, Hazel Ai-chun Lin",F,Columbia University,NA,NA,NA,NA,Obstetrics,1941,498,NA,Columbia University,New York City,New York,United States,40.6943,-73.9249
392,N00973,曹林愛群,Cao Linaiqun,"Tsao, Hazel Ai-chun Lin",F,University of Michigan,NA,M.S.,Master of Science,Master,NA,1938,498,NA,University of Michigan,Ann Arbor,Michigan,United States,42.2759,-83.731
393,N00973,曹林愛群,Cao Linaiqun,"Tsao, Hazel Ai-chun Lin",F,協和醫學院,NA,NA,NA,NA,NA,1935,498,協和醫學院,Peking Union Medical College,Beijing,Beijing,China,39.9042,116.4074
394,N00973,曹林愛群,Cao Linaiqun,"Tsao, Hazel Ai-chun Lin",F,燕京大學,NA,NA,NA,NA,NA,1932,498,燕京大學,Yenching University,Beijing,Beijing,China,39.9042,116.4074
395,N00979,郭沖頤,Guo Chongyi,"Kuo, Chung-ying",F,Columbia University,NA,M.A.,Master of Arts,Master,History,NA,498,NA,Columbia University,New York City,New York,United States,40.6943,-73.9249
396,N00979,郭沖頤,Guo Chongyi,"Kuo, Chung-ying",F,University of Wisconsin,NA,NA,NA,NA,History,NA,498,NA,University of Wisconsin,Madison,Wisconsin,United States,43.0822,-89.393
397,N00979,郭沖頤,Guo Chongyi,"Kuo, Chung-ying",F,燕京大學,NA,NA,NA,NA,NA,NA,498,燕京大學,Yenching University,Beijing,Beijing,China,39.9042,116.4074
398,N00980,郭李芙蓉,Guo Lifurong,"Kwok, Nancy",F,University of Minnesota,NA,NA,NA,NA,Sociology,1943,498,NA,University of Minnesota,Minneapolis,Minnesota,United States,44.9635,-93.2678
399,N00980,郭李芙蓉,Guo Lifurong,"Kwok, Nancy",F,嶺南大學,NA,NA,NA,NA,NA,NA,498,嶺南大學,Lingnan University,Guangzhou,Guangdong,China,23.1291,113.2644
400,N00981,郭美玉,Guo Meiyu,"Kuo, Mei-yu",F,Carleton College,NA,B.A.,Bachelor of Arts,Bachelor,Social Welfare,1942,498,NA,Carleton College,Northfield,Minnesota,United States,44.455,-93.1698
401,N00981,郭美玉,Guo Meiyu,"Kuo, Mei-yu",F,University of Chicago,NA,NA,NA,NA,NA,1943,498,NA,University of Chicago,Chicago,Illinois,United States,41.8375,-87.6866
402,N00985,郭煥瑢,Guo Huanrong,"Kwoh, Grace H. J.",F,Columbia University,NA,NA,NA,NA,Home Economics,1943,499,NA,Columbia University,New York City,New York,United States,40.6943,-73.9249
403,N00986,郭煥綬,Guo Huanshou,"Kwoh,Bertha",F,Alverno College of Music,NA,B.M.,Bachelor of Music,Bachelor,Music,1943,499,NA,Alverno College of Music,Milwaukee,Wisconsin,United States,42.982,-88.0276
404,N00986,郭煥綬,Guo Huanshou,"Kwoh,Bertha",F,Briar Cliff College,NA,B.A.,Bachelor of Arts,Bachelor,NA,1941,499,NA,Briar Cliff College,Sioux City,Iowa,United States,42.5267,-96.426
405,N00986,郭煥綬,Guo Huanshou,"Kwoh,Bertha",F,Columbia University,NA,NA,NA,NA,Music,1943,499,NA,Columbia University,New York City,New York,United States,40.6943,-73.9249
406,N00986,郭煥綬,Guo Huanshou,"Kwoh,Bertha",F,山東大學,NA,NA,NA,NA,NA,1937,499,山東大學,Shandong University,Qingdao,Shandong,China,36.0671,120.3826
407,N01006,莊慕蘭,Zhuang Mulan,"Chuang, Moo-lan",F,Wheaton College,NA,NA,NA,NA,Psychology,1943,500,NA,Wheaton College,Wheaton,Illinois,United States,41.8561,-88.1085
408,N01006,莊慕蘭,Zhuang Mulan,"Chuang, Moo-lan",F,聖約翰大學,NA,NA,NA,NA,NA,1941,500,聖約翰大學,St. John's University,Shanghai,Jiangsu,China,31.2304,121.4737
409,N01013,盛成皿,Sheng Chengmin,"Shen, Vera",F,Northern Baptist Theological Seminary,NA,B.A.,Bachelor of Arts,Bachelor,NA,1942,501,NA,Northern Baptist Theological Seminary,Lombard,Illinois,United States,41.8741,-88.0157
410,N01013,盛成皿,Sheng Chengmin,"Shen, Vera",F,Northwestern University,NA,NA,NA,NA,Sociology,1943,501,NA,Northwestern University,Evanston,Illinois,United States,42.0464,-87.6943
411,N01016,梅木蘭,Mei Mulan,"Miu, Mook-lan",F,Pomona College,NA,NA,NA,NA,Sociology,1943,501,NA,Pomona College,Claremont,California,United States,34.1259,-117.7153
412,N01016,梅木蘭,Mei Mulan,"Miu, Mook-lan",F,University of Hawaii,NA,NA,NA,NA,Sociology,1942,501,NA,University of Hawaii,Honolulu,Hawaii,United States,21.3294,-157.846
413,N01017,梅玉屏,Mei Yuping,"Toy, Edith Moy",F,University of Wisconsin,NA,NA,NA,NA,Literature,1943,501,NA,University of Wisconsin,Madison,Wisconsin,United States,43.0822,-89.393
414,N01018,梅玉基,Mei Yuji,"Toy, Marjorie",F,Columbia University,NA,NA,NA,NA,Botany,1943,501,NA,Columbia University,New York City,New York,United States,40.6943,-73.9249
415,N01018,梅玉基,Mei Yuji,"Toy, Marjorie",F,University of Wisconsin,NA,NA,NA,NA,NA,1943,501,NA,University of Wisconsin,Madison,Wisconsin,United States,43.0822,-89.393
416,N01030,程吾,Cheng Wu,"Cheng, Sally",F,Wheaton College,NA,B.A.,Bachelor of Arts,Bachelor,English,1943,502,NA,Wheaton College,Wheaton,Illinois,United States,41.8561,-88.1085
417,N01032,程妙英,Cheng Miaoying,"Ching, Winifred",F,Stanford University,NA,NA,NA,NA,NA,1943,502,NA,Stanford University,Stanford,California,United States,37.4252,-122.1674
418,N01032,程妙英,Cheng Miaoying,"Ching, Winifred",F,University of Hawaii,NA,NA,NA,NA,NA,1942,502,NA,University of Hawaii,Honolulu,Hawaii,United States,21.3294,-157.846
419,N01034,程修齡,Cheng Xiuling,"Zung, Cecilia Siew-Ling",F,Columbia University,NA,B.A.,Bachelor of Arts,Bachelor,NA,1939,502,NA,Columbia University,New York City,New York,United States,40.6943,-73.9249
420,N01034,程修齡,Cheng Xiuling,"Zung, Cecilia Siew-Ling",F,Columbia University,NA,M.A.,Master of Arts,Master,NA,1939,502,NA,Columbia University,New York City,New York,United States,40.6943,-73.9249
421,N01034,程修齡,Cheng Xiuling,"Zung, Cecilia Siew-Ling",F,New York University,NA,NA,NA,NA,Law,1941,502,NA,New York University,New York City,New York,United States,40.6943,-73.9249
422,N01034,程修齡,Cheng Xiuling,"Zung, Cecilia Siew-Ling",F,東南大學,NA,NA,NA,NA,NA,NA,502,東南大學,Southeast University,Nanjing,Jiangsu,China,32.0603,118.7969
423,N01037,程夢,Cheng Meng,"Cheng, Helen M.",F,Oberlin College,NA,M.A.,Master of Arts,Master,English,1942,502,NA,Oberlin College,Oberlin,Ohio,United States,41.286,-82.2198
424,N01037,程夢,Cheng Meng,"Cheng, Helen M.",F,Pennsylvania College for Woman,NA,B.A.,Bachelor of Arts,Bachelor,NA,1940,502,NA,Pennsylvania College for Woman,Pittsburgh,Pennsylvania,United States,40.4443,-79.9426
425,N01037,程夢,Cheng Meng,"Cheng, Helen M.",F,南開大學,NA,NA,NA,NA,NA,1937,502,南開大學,Nankai University,Tianjin,Tianjin,China,39.3434,117.3616
426,N01039,程華寶,Cheng Huabao,"Dzung, Virginia Hwa-pao",F,Bryn Mawr College,NA,NA,NA,NA,English,1943,502,NA,Bryn Mawr College,Bryn Mawr,Pennsylvania,United States,40.0208,-75.3161
427,N01039,程華寶,Cheng Huabao,"Dzung, Virginia Hwa-pao",F,聖約翰大學,NA,NA,NA,NA,NA,1939,502,聖約翰大學,St. John's University,Shanghai,Jiangsu,China,31.2304,121.4737
428,N01043,湯淑仙,Shang Shuxian,"Hong, Sling, Ella",F,St. Paul's Girls' School,NA,NA,NA,NA,NA,1940,503,NA,St. Paul's Girls' School,London,NA,United Kingdom,51.4975,-0.213
429,N01045,湯潤德,Shang Runde,"Tang, Yun-teh",F,Harvard University,NA,M.P.H.,Master of Public Health,Master,Medicine,1942,503,NA,Harvard University,Cambridge,Massachusetts,United States,42.3759,-71.1185
430,N01045,湯潤德,Shang Runde,"Tang, Yun-teh",F,協和醫學院,NA,NA,NA,NA,NA,1932,503,協和醫學院,Peking Union Medical College,Beijing,Beijing,China,39.9042,116.4074
431,N01045,湯潤德,Shang Runde,"Tang, Yun-teh",F,燕京大學,NA,NA,NA,NA,NA,1927,503,燕京大學,Yenching University,Beijing,Beijing,China,39.9042,116.4074
432,N01048,曾淑真,Ceng Shuzhen,"Cheng, Jean",F,Monmouth College,NA,NA,NA,NA,Chemistry,1943,503,NA,Monmouth College,West Long Branch,New Jersey,United States,40.2883,-74.0185
433,N01055,彭許葆圻,Peng Xubaoqi,"Pang, Pao-chi Hsu",F,Oregon State College,NA,Ph.D.,Doctor of Philosophy,Doctor,Agriculture,1943,504,NA,Oregon State College,Corvallis,Oregon,United States,44.5646,-123.262
434,N01055,彭許葆圻,Peng Xubaoqi,"Pang, Pao-chi Hsu",F,University of Minnesota,NA,M.S.,Master of Science,Master,NA,1939,504,NA,University of Minnesota,Minneapolis,Minnesota,United States,44.9635,-93.2678
435,N01055,彭許葆圻,Peng Xubaoqi,"Pang, Pao-chi Hsu",F,中央大學,NA,NA,NA,NA,NA,1933,504,中央大學,Central University,Nanjing,Jiangsu,China,32.0603,118.7969
436,N01065,馮煥榮,Feng Huanrong,"Feng, Grace",F,"Children Hospital, Massachusetts",NA,NA,NA,NA,Nursing,1943,504,NA,"Children Hospital, Massachusetts",Boston,Massachusetts,United States,42.337,-71.105
437,N01065,馮煥榮,Feng Huanrong,"Feng, Grace",F,Williams Hospital,NA,XX,NA,NA,NA,1932,504,NA,Williams Hospital,Providence,Rhode Island,United States,41.824,-71.4128
438,N01071,馮萬喜,Feng Wanxi,"Fung, Lorna Wan-Hsi",F,University of Hawaii,NA,B.S.,Bachelor of Science,Bachelor,Chemistry,1930,505,NA,University of Hawaii,Honolulu,Hawaii,United States,21.3294,-157.846
439,N01071,馮萬喜,Feng Wanxi,"Fung, Lorna Wan-Hsi",F,University of Michigan,NA,M.D.,Doctor of Medicine,Doctor,Medicine,1935,505,NA,University of Michigan,Ann Arbor,Michigan,United States,42.2759,-83.731
440,N01071,馮萬喜,Feng Wanxi,"Fung, Lorna Wan-Hsi",F,Wayne University,NA,NA,NA,NA,NA,1943,505,NA,Wayne University,Detroit,Michigan,United States,42.359,-83.0665
441,N01072,馮鳳婷,Feng Fengting,"Fung, Fung-ting",F,Cornell University,NA,NA,NA,NA,NA,1943,505,NA,Cornell University,Ithaca,New York,United States,42.4442,-76.5032
442,N01072,馮鳳婷,Feng Fengting,"Fung, Fung-ting",F,University of Hawaii,NA,B.S.,Bachelor of Science,Bachelor,Agriculture,1941,505,NA,University of Hawaii,Honolulu,Hawaii,United States,21.3294,-157.846
443,N01072,馮鳳婷,Feng Fengting,"Fung, Fung-ting",F,嶺南大學,NA,NA,NA,NA,NA,1940,505,嶺南大學,Lingnan University,Guangzhou,Guangdong,China,23.1291,113.2644
444,N01073,馮風嫻,Feng Fengxian,"Fung, Fung-hsan",F,Cornell University,NA,NA,NA,NA,Nutrition,1943,505,NA,Cornell University,Ithaca,New York,United States,42.4442,-76.5032
445,N01073,馮風嫻,Feng Fengxian,"Fung, Fung-hsan",F,Radcliffe College,NA,B.A.,Bachelor of Arts,Bachelor,NA,1943,505,NA,Radcliffe College,Cambridge,Massachusetts,United States,42.3759,-71.1185
446,N01078,華璿光,Hua Xuanguang,"Hwa, Dora",F,Indiana University,NA,J.D.,Juris Doctor,Doctor,Law,1943,505,NA,Indiana University,Indianapolis,Indiana,United States,39.7771,-86.1458
447,N01078,華璿光,Hua Xuanguang,"Hwa, Dora",F,Millsaps College,NA,B.A.,Bachelor of Arts,Bachelor,NA,1942,505,NA,Millsaps College,Jackson,Mississippi,United States,32.3157,-90.2125
448,N01078,華璿光,Hua Xuanguang,"Hwa, Dora",F,東南大學,NA,NA,NA,NA,NA,1940,505,東南大學,Southeast University,Nanjing,Jiangsu,China,32.0603,118.7969
449,N01083,區連大,Ou Lianda,"Ou, Mary",F,Heald's College,NA,NA,NA,NA,Business,1940,505,NA,Heald's College,San Francisco,California,United States,37.789,-122.401
450,N01084,區蔡美琴,Ou Caimeiqin,"Au, May K. Toy",F,University of Chicago,NA,Ph.D.,Doctor of Philosophy,Doctor,Literature,1936,505,NA,University of Chicago,Chicago,Illinois,United States,41.8375,-87.6866
451,N01095,舒麗安,Shu Lian,"Shu, Lian",F,Elmira College,NA,B.A.,Bachelor of Arts,Bachelor,Dietetics,1943,506,NA,Elmira College,Elmira,New York,United States,42.0938,-76.8097
452,N01095,舒麗安,Shu Lian,"Shu, Lian",F,Johns Hopkins University,NA,NA,NA,NA,Dietetics,1943,506,NA,Johns Hopkins University,Baltimore,Maryland,United States,39.3051,-76.6144
453,N01104,楊玉潔,Yang Yujie,"Yang, Yu-chieh",F,Columbia University,NA,M.A.,Master of Arts,Master,Education,1940,507,NA,Columbia University,New York City,New York,United States,40.6943,-73.9249
454,N01104,楊玉潔,Yang Yujie,"Yang, Yu-chieh",F,Columbia University,NA,NA,NA,NA,Education,1943,507,NA,Columbia University,New York City,New York,United States,40.6943,-73.9249
455,N01104,楊玉潔,Yang Yujie,"Yang, Yu-chieh",F,燕京大學,NA,NA,NA,NA,NA,1935,507,燕京大學,Yenching University,Beijing,Beijing,China,39.9042,116.4074
456,N01111,楊斐璧,Yang Feibi,"Young, Phoebe",F,Albion College,NA,NA,NA,NA,Education,1943,507,NA,Albion College,Albion,Michigan,United States,42.2478,-84.7572
457,N01111,楊斐璧,Yang Feibi,"Young, Phoebe",F,東南大學,NA,NA,NA,NA,NA,1941,507,東南大學,Southeast University,Nanjing,Jiangsu,China,32.0603,118.7969
458,N01114,楊雪馨,Yang Xuexin,"Yeung, Sarah",F,University of Dubuque,NA,NA,NA,NA,Music,1943,508,NA,University of Dubuque,Dubuque,Iowa,United States,42.5002,-90.707
459,N01124,楊慕馨,Yang Muxin,"Yeung, Margaret Mo-hing",F,Columbia University,NA,NA,NA,NA,NA,1942,508,NA,Columbia University,New York City,New York,United States,40.6943,-73.9249
460,N01124,楊慕馨,Yang Muxin,"Yeung, Margaret Mo-hing",F,University of Dubuque,NA,B.A.,Bachelor of Arts,Bachelor,Social Welfare,1941,508,NA,University of Dubuque,Dubuque,Iowa,United States,42.5002,-90.707
461,N01127,楊摯馨,Yang Zhixin,"Yeung, Grace",F,University of Dubuque,NA,B.A.,Bachelor of Arts,Bachelor,Biology,1943,508,NA,University of Dubuque,Dubuque,Iowa,United States,42.5002,-90.707
462,N01127,楊摯馨,Yang Zhixin,"Yeung, Grace",F,University of Michigan,NA,NA,NA,NA,Biology,1943,508,NA,University of Michigan,Ann Arbor,Michigan,United States,42.2759,-83.731
463,N01136,董若芬,Dong Ruofen,"Tung, Jo-fen",F,University of Iowa,NA,Ph.D.,Doctor of Philosophy,Doctor,Chemistry,1942,509,NA,University of Iowa,Iowa City,Iowa,United States,41.6559,-91.5303
464,N01136,董若芬,Dong Ruofen,"Tung, Jo-fen",F,University of Michigan,NA,M.S.,Master of Science,Master,Chemistry,1938,509,NA,University of Michigan,Ann Arbor,Michigan,United States,42.2759,-83.731
465,N01136,董若芬,Dong Ruofen,"Tung, Jo-fen",F,中央大學,NA,NA,NA,NA,NA,1934,509,中央大學,Central University,Nanjing,Jiangsu,China,32.0603,118.7969
466,N01137,董雅麗,Dong Yali,"Tong, Ya-li",F,Park College,NA,NA,NA,NA,NA,1938,509,NA,Park College,Parkville,Missouri,United States,39.1895,-94.6822
467,N01137,董雅麗,Dong Yali,"Tong, Ya-li",F,University of Missouri,NA,NA,NA,NA,Sociology,1939,509,NA,University of Missouri,Columbia,South Carolina,United States,34.0378,-80.9036
468,N01137,董雅麗,Dong Yali,"Tong, Ya-li",F,滬江大學,NA,NA,NA,NA,NA,1937,509,滬江大學,Shanghai University,Shanghai,Shanghai,China,31.2304,121.4737
469,N01147,葉惠蘭,Ye Huilan,"Yeh, Hui-lan",F,Michigan State College,NA,M.S.,Master of Science,Master,NA,1940,510,NA,Michigan State College,East Lansing,Michigan,United States,42.748,-84.4836
470,N01147,葉惠蘭,Ye Huilan,"Yeh, Hui-lan",F,University of Michigan,NA,NA,NA,NA,Biochemistry,1943,510,NA,University of Michigan,Ann Arbor,Michigan,United States,42.2759,-83.731
471,N01147,葉惠蘭,Ye Huilan,"Yeh, Hui-lan",F,燕京大學,NA,NA,NA,NA,NA,1936,510,燕京大學,Yenching University,Beijing,Beijing,China,39.9042,116.4074
472,N01149,葉逸芬,Ye Yifen,"Yeh, Yi-fen",F,Ilegible,NA,NA,NA,NA,Economics,NA,510,NA,NA,NA,NA,NA,NA,NA
473,N01149,葉逸芬,Ye Yifen,"Yeh, Yi-fen",F,南開大學,NA,NA,NA,NA,NA,1935,510,南開大學,Nankai University,Tianjin,Tianjin,China,39.3434,117.3616
474,N01150,葉張毓芳,Ye Zhangyufang,"Yih, Ruth Chang",F,Maryville College,NA,NA,NA,NA,NA,1938,510,NA,Maryville College,Maryville,Tennessee,United States,35.7468,-83.9789
475,N01150,葉張毓芳,Ye Zhangyufang,"Yih, Ruth Chang",F,St. Louis College of Pharmacy,NA,NA,NA,NA,NA,1942,510,NA,St. Louis College of Pharmacy,St. Louis,Missouri,United States,38.6353,-90.2506
476,N01150,葉張毓芳,Ye Zhangyufang,"Yih, Ruth Chang",F,State University of Iowa,NA,B.S.,Bachelor of Science,Bachelor,Pharmacy,1942,510,NA,State University of Iowa,Iowa City,Iowa,United States,41.6627,-91.5549
477,N01152,葉霞翟,Ye Xiadi,"Yeh, Hsia-ti",F,George Washington University,NA,B.A.,Bachelor of Arts,Bachelor,NA,1941,510,NA,George Washington University,Washington,District of Columbia,United States,38.9047,-77.0163
478,N01152,葉霞翟,Ye Xiadi,"Yeh, Hsia-ti",F,University of Wisconsin,NA,M.A.,Master of Arts,Master,Political Science,1942,510,NA,University of Wisconsin,Madison,Wisconsin,United States,43.0822,-89.393
479,N01152,葉霞翟,Ye Xiadi,"Yeh, Hsia-ti",F,University of Wisconsin,NA,NA,NA,NA,NA,1943,510,NA,University of Wisconsin,Madison,Wisconsin,United States,43.0822,-89.393
480,N01152,葉霞翟,Ye Xiadi,"Yeh, Hsia-ti",F,光華大學,NA,NA,NA,NA,NA,1939,510,光華大學,Guanghua University,Shanghai,Shanghai,China,31.2304,121.4737
481,N01157,雷宗貴,Lei Zonggui,"Lui, Chung-kwai",F,Oregon State College,NA,Ph.D.,Doctor of Philosophy,Doctor,Physiology,1941,510,NA,Oregon State College,Corvallis,Oregon,United States,44.5646,-123.262
482,N01157,雷宗貴,Lei Zonggui,"Lui, Chung-kwai",F,嶺南大學,NA,NA,NA,NA,NA,1933,510,嶺南大學,Lingnan University,Guangzhou,Guangdong,China,23.1291,113.2644
483,N01161,雷趙桂齡,Lei Zhaoguiling,"Lousi, Isabelle Chao",F,University of Michigan,NA,M.S.,Master of Science,Master,Chemistry,1940,510,NA,University of Michigan,Ann Arbor,Michigan,United States,42.2759,-83.731
484,N01161,雷趙桂齡,Lei Zhaoguiling,"Lousi, Isabelle Chao",F,清華大學,NA,NA,NA,NA,NA,1938,510,清華大學,Tsinghua University,Beijing,Beijing,China,39.9042,116.4074
485,N01168,葛何怡貞,Ge Heyizhen,"Ke, I-djen Ho",F,Mount Holyoke College,NA,M.A.,Master of Arts,Master,Chemistry,1933,511,NA,Mount Holyoke College,South Hadley,Massachusetts,United States,42.25842,-72.57453
486,N01168,葛何怡貞,Ge Heyizhen,"Ke, I-djen Ho",F,University of Michigan,NA,NA,NA,NA,Physiology,1937,511,NA,University of Michigan,Ann Arbor,Michigan,United States,42.2759,-83.731
487,N01168,葛何怡貞,Ge Heyizhen,"Ke, I-djen Ho",F,金陵女子文理學院,NA,NA,NA,NA,NA,1930,511,金陵女子文理學院,Ginling College,Nanjing,Jiangsu,China,32.0603,118.7969
488,N01181,鄒迪,Zou Di,"Tseu, Myra",F,Cornell University,NA,NA,NA,NA,Home Economics,1943,512,NA,Cornell University,Ithaca,New York,United States,42.4442,-76.5032
489,N01184,鄒德範,Zou Defan,"Tsou, Te-fan",F,Park College,NA,B.A.,Bachelor of Arts,Bachelor,English,1942,512,NA,Park College,Parkville,Missouri,United States,39.1895,-94.6822
490,N01184,鄒德範,Zou Defan,"Tsou, Te-fan",F,Wellesley College,NA,NA,NA,NA,Education,1943,512,NA,Wellesley College,Wellesley,Massachusetts,United States,42.29649,-71.29256
491,N01184,鄒德範,Zou Defan,"Tsou, Te-fan",F,西南聯合大學,NA,NA,NA,NA,NA,1939,512,西南聯合大學,Southwest Associated University,Kunming,Yunnan,China,25.0389,102.7183
492,N01193,萬文道,Wan Wendao,"Wen, Wen-tao",F,College of St. Elisabeth,NA,B.S.,Bachelor of Science,Bachelor,Chemistry,1939,513,NA,College of St. Elisabeth,Morristown,New Jersey,United States,40.7968,-74.4815
493,N01193,萬文道,Wan Wendao,"Wen, Wen-tao",F,Fordham University,NA,M.S.,Master of Science,Master,Chemistry,1940,513,NA,Fordham University,New York,New York,United States,40.6943,-73.9249
494,N01195,甄月亞,Zhen Yueya,"Jan, Florence",F,Oregon State College,NA,NA,NA,NA,NA,1942,513,NA,Oregon State College,Corvallis,Oregon,United States,44.5646,-123.262
495,N01208,趙如蘭,Zhao Rulan,"Chao, Rulan",F,Radcliffe College,NA,NA,NA,NA,Music,1943,514,NA,Radcliffe College,Cambridge,Massachusetts,United States,42.3759,-71.1185
496,N01208,趙如蘭,Zhao Rulan,"Chao, Rulan",F,University of Connecticut,NA,NA,NA,NA,NA,NA,514,NA,University of Connecticut,Storrs,Connecticut,United States,41.8083,-72.2514
497,N01211,趙新那,Zhao Xinna,"Chao, Nova",F,Radcliffe College,NA,NA,NA,NA,Chemistry,1943,514,NA,Radcliffe College,Cambridge,Massachusetts,United States,42.3759,-71.1185
498,N01214,趙佩文,Zhao Peiwen,"Chu, Buoymun",F,San Francisco State College,NA,B.A.,Bachelor of Arts,Bachelor,NA,1938,514,NA,San Francisco State College,San Francisco,California,United States,37.7219,-122.4782
499,N01214,趙佩文,Zhao Peiwen,"Chu, Buoymun",F,Stanford University,NA,M.A.,Master of Arts,Master,Education,1939,514,NA,Stanford University,Stanford,California,United States,37.4252,-122.1674
500,N01214,趙佩文,Zhao Peiwen,"Chu, Buoymun",F,Stanford University,NA,NA,NA,NA,Education,1943,514,NA,Stanford University,Stanford,California,United States,37.4252,-122.1674
501,N01216,趙華娟,Zhao Huajuan,"Chao, Celia H.",F,University of Michigan,NA,B.A.,Bachelor of Arts,Bachelor,Philosophy,1943,514,NA,University of Michigan,Ann Arbor,Michigan,United States,42.2759,-83.731
502,N01216,趙華娟,Zhao Huajuan,"Chao, Celia H.",F,University of Michigan,NA,M.A.,Master of Arts,Master,Philosophy,1943,514,NA,University of Michigan,Ann Arbor,Michigan,United States,42.2759,-83.731
503,N01216,趙華娟,Zhao Huajuan,"Chao, Celia H.",F,金陵大學,NA,NA,NA,NA,NA,1937,514,金陵大學,Jinling University,Nanjing,Jiangsu,China,32.0603,118.7969
504,N01233,熊美貞,Xiong Meizhen,"Young, Maizie",F,New York University,NA,NA,NA,NA,Aeronautical Engineering,1943,515,NA,New York University,New York City,New York,United States,40.6943,-73.9249
505,N01233,熊美貞,Xiong Meizhen,"Young, Maizie",F,Smith College,NA,B.A.,Bachelor of Arts,Bachelor,Psychology,1942,515,NA,Smith College,Northampton,Massachusetts,United States,42.3266,-72.6745
506,N01243,劉月娣,Liu Yuedi,"Castro, Beatriz",F,Iowa State College,NA,NA,NA,NA,Nutrition,1943,516,NA,Iowa State College,Ames,Iowa,United States,42.0267,-93.6465
507,N01243,劉月娣,Liu Yuedi,"Castro, Beatriz",F,University of Costa Rica,NA,NA,NA,NA,NA,1942,516,NA,University of Costa Rica,San José,NA,Costa Rica,9.937,-84.051
508,N01244,劉月卿,Liu Yueqing,"Liu, Katherine Y. C.",F,Drew University,NA,NA,NA,NA,Education,1943,516,NA,Drew University,Madison,New Jersey,United States,40.7586,-74.4169
509,N01244,劉月卿,Liu Yueqing,"Liu, Katherine Y. C.",F,華南學院,NA,NA,NA,NA,NA,1930,516,NA,Hwa Nan College,Fuzhou,Fujian,China,26.0745,119.2965
510,N01246,劉玉雪,Liu Yuxue,"Lau, Yuk-suet",F,New York University,NA,M.S.,Master of Science,Master,Nutrition,1943,516,NA,New York University,New York City,New York,United States,40.6943,-73.9249
511,N01246,劉玉雪,Liu Yuxue,"Lau, Yuk-suet",F,嶺南大學,NA,NA,NA,NA,NA,1938,516,嶺南大學,Lingnan University,Guangzhou,Guangdong,China,23.1291,113.2644
512,N01252,劉郡卓然,Liu Junzhuoran,"Liu, Mrs. A. T.",F,University of Michigan,NA,M.A.,Master of Arts,Master,Economics,1937,517,NA,University of Michigan,Ann Arbor,Michigan,United States,42.2759,-83.731
513,N01252,劉郡卓然,Liu Junzhuoran,"Liu, Mrs. A. T.",F,交通大學,NA,NA,NA,NA,NA,1932,517,交通大學,Jiaotong University,Shanghai,Shanghai,China,31.2304,121.4737
514,N01254,劉萱瑞,Liu Xuanrui,"Liu, Julia",F,Columbia University,NA,NA,NA,NA,Education,1943,517,NA,Columbia University,New York City,New York,United States,40.6943,-73.9249
515,N01254,劉萱瑞,Liu Xuanrui,"Liu, Julia",F,George Peabody College,NA,NA,NA,NA,Education,1943,517,NA,George Peabody College,Nashville,Tennessee,United States,36.1447,-86.8027
516,N01257,劉家慧,Liu Jiahui,"Liu, Patricia",F,Madison College,NA,NA,NA,NA,Home Economics,1943,517,NA,Madison College,Madison,Wisconsin,United States,43.0731,-89.4012
517,N01259,劉佩璋,Liu Peizhang,"Liu, Pei-chang",F,Boston University,NA,M.A.,Master of Arts,Master,Education,1940,517,NA,Boston University,Boston,Massachusetts,United States,42.3188,-71.0852
518,N01259,劉佩璋,Liu Peizhang,"Liu, Pei-chang",F,Boston University,NA,NA,NA,NA,Education,1943,517,NA,Boston University,Boston,Massachusetts,United States,42.3188,-71.0852
519,N01259,劉佩璋,Liu Peizhang,"Liu, Pei-chang",F,華南學院,NA,NA,NA,NA,NA,1938,517,NA,Hwa Nan College,Fuzhou,Fujian,China,26.0745,119.2965
520,N01267,劉錦華,Liu Jinhua,"Liu, Carol Chin-hua",F,University of Chicago,NA,NA,NA,NA,Mathematics,1943,517,NA,University of Chicago,Chicago,Illinois,United States,41.8375,-87.6866
521,N01267,劉錦華,Liu Jinhua,"Liu, Carol Chin-hua",F,University of Kansas,NA,B.A.,Bachelor of Arts,Bachelor,Mathematics,1941,517,NA,University of Kansas,Lawrence,Kansas,United States,38.9597,-95.2642
522,N01267,劉錦華,Liu Jinhua,"Liu, Carol Chin-hua",F,燕京大學,NA,NA,NA,NA,NA,1938,517,燕京大學,Yenching University,Beijing,Beijing,China,39.9042,116.4074
523,N01268,劉慧華,Liu Huihua,"Lau, Wai-wah",F,University of Southern California,NA,NA,NA,NA,Business,1943,517,NA,University of Southern California,Los Angeles,California,United States,34.1141,-118.4068
524,N01274,劉靜和,Liu Jinghe,"Liu, Ching-ho",F,University of Minnesota,NA,NA,NA,NA,NA,1943,518,NA,University of Minnesota,Minneapolis,Minnesota,United States,44.9635,-93.2678
525,N01282,劉儷思,Liu Lisi,"Lew, Grace Li-en",F,Bryn Mawr College,NA,NA,NA,NA,NA,1942,518,NA,Bryn Mawr College,Bryn Mawr,Pennsylvania,United States,40.0208,-75.3161
526,N01282,劉儷思,Liu Lisi,"Lew, Grace Li-en",F,Smith College,NA,NA,NA,NA,Biology,1943,518,NA,Smith College,Northampton,Massachusetts,United States,42.3266,-72.6745
527,N01292,鄭文卿,Zheng Wenqing,"Cheng, Wen-ching",F,Viterbo College,NA,NA,NA,NA,Education,1943,519,NA,Viterbo College,La Crosse,Wisconsin,United States,43.803,-91.244
528,N01293,鄭光英,Zheng Guangying,"Cheng, Stella",F,Cornell University,NA,NA,NA,NA,Nutrition,1943,519,NA,Cornell University,Ithaca,New York,United States,42.4442,-76.5032
529,N01293,鄭光英,Zheng Guangying,"Cheng, Stella",F,燕京大學,NA,Master,NA,NA,NA,1938,519,燕京大學,Yenching University,Beijing,Beijing,China,39.9042,116.4074
530,N01293,鄭光英,Zheng Guangying,"Cheng, Stella",F,華西大學,NA,NA,NA,NA,NA,1932,519,華西大學,West China University,Chengdu,Sichuan,China,30.5728,104.0668
531,N01300,鄭英還,Zheng Yinghai,"Cheng, Ying-wan",F,Radcliffe College,NA,NA,NA,NA,History,1943,519,NA,Radcliffe College,Cambridge,Massachusetts,United States,42.3759,-71.1185
532,N01300,鄭英還,Zheng Yinghai,"Cheng, Ying-wan",F,Smith College,NA,B.A.,Bachelor of Arts,Bachelor,History,1943,519,NA,Smith College,Northampton,Massachusetts,United States,42.3266,-72.6745
533,N01300,鄭英還,Zheng Yinghai,"Cheng, Ying-wan",F,University of London,NA,NA,NA,NA,NA,1939,519,NA,University of London,London,NA,United Kingdom,51.521,-0.13
534,N01300,鄭英還,Zheng Yinghai,"Cheng, Ying-wan",F,金陵女子文理學院,NA,NA,NA,NA,NA,1936,519,金陵女子文理學院,Ginling College,Nanjing,Jiangsu,China,32.0603,118.7969
535,N01301,鄭亮善,Zheng Liangshan,"Cheng, Lieng-shan",F,University of Southern California,NA,M.S.,Master of Science,Master,Chemistry,1942,519,NA,University of Southern California,Los Angeles,California,United States,34.1141,-118.4068
536,N01301,鄭亮善,Zheng Liangshan,"Cheng, Lieng-shan",F,University of Southern California,NA,NA,NA,NA,Chemistry,1943,519,NA,University of Southern California,Los Angeles,California,United States,34.1141,-118.4068
537,N01301,鄭亮善,Zheng Liangshan,"Cheng, Lieng-shan",F,華南學院,NA,NA,NA,NA,NA,1936,519,NA,Hwa Nan College,Fuzhou,Fujian,China,26.0745,119.2965
538,N01319,蔡文儀,Cai Wenyi,"Choy, Elsie",F,University of Hawaii,NA,NA,NA,NA,NA,1941,520,NA,University of Hawaii,Honolulu,Hawaii,United States,21.3294,-157.846
539,N01319,蔡文儀,Cai Wenyi,"Choy, Elsie",F,University of Michigan,NA,NA,NA,NA,Economics,1943,520,NA,University of Michigan,Ann Arbor,Michigan,United States,42.2759,-83.731
540,N01325,蔡沖儀,Cai Chongyi,"Choy, Catharine",F,University of Hawaii,NA,NA,NA,NA,NA,1941,521,NA,University of Hawaii,Honolulu,Hawaii,United States,21.3294,-157.846
541,N01325,蔡沖儀,Cai Chongyi,"Choy, Catharine",F,University of Michigan,NA,NA,NA,NA,Psychology,1943,521,NA,University of Michigan,Ann Arbor,Michigan,United States,42.2759,-83.731
542,N01326,蔡梁慧怡,Cai Lianghuiyi,"Liang, Toy Hui-I",F,University of Chicago,NA,NA,NA,NA,History,1943,521,NA,University of Chicago,Chicago,Illinois,United States,41.8375,-87.6866
543,N01326,蔡梁慧怡,Cai Lianghuiyi,"Liang, Toy Hui-I",F,University of Illinois,NA,B.A.,Bachelor of Arts,Bachelor,History,1942,521,NA,University of Illinois,Chicago,Illinois,United States,41.8375,-87.6866
544,N01326,蔡梁慧怡,Cai Lianghuiyi,"Liang, Toy Hui-I",F,University of Illinois,NA,M.A.,Master of Arts,Master,History,1942,521,NA,University of Illinois,Chicago,Illinois,United States,41.8375,-87.6866
545,N01328,蔡淑貞,Cai Shuzhen,"Tsai, Anna S. C.",F,Viterbo College,NA,NA,NA,NA,Education,1943,521,NA,Viterbo College,La Crosse,Wisconsin,United States,43.803,-91.244
546,N01332,蔡潔麗,Cai Jieli,"Tsai, Jennie",F,Houghton College,NA,B.A.,Bachelor of Arts,Bachelor,Sociology,1943,521,NA,Houghton College,Houghton,New York,United States,42.4277,-78.1638
547,N01339,鄧合意,Deng Heyi,"Dunna, Hop-hee",F,Spartan College of Aeronautics and Technology,NA,NA,NA,NA,Meteorology,1942,522,NA,Spartan College of Aeronautics and Technology,Tulsa,Oklahoma,United States,36.177,-95.995
548,N01339,鄧合意,Deng Heyi,"Dunna, Hop-hee",F,Witwatersrand College,NA,B.A.,Bachelor of Arts,Bachelor,NA,1938,522,NA,Witwatersrand College,Johannesburg,NA,South Africa,-26.1929,28.0305
549,N01352,蔣奚慕權,Jiang Ximuquan,"Tsiang, Mo-chuen Hsi",F,University of Minnesota,NA,M.S.,Master of Science,Master,Child Welfare,1943,523,NA,University of Minnesota,Minneapolis,Minnesota,United States,44.9635,-93.2678
550,N01352,蔣奚慕權,Jiang Ximuquan,"Tsiang, Mo-chuen Hsi",F,金陵女子文理學院,NA,NA,NA,NA,NA,1938,523,金陵女子文理學院,Ginling College,Nanjing,Jiangsu,China,32.0603,118.7969
551,N01353,蔣華,Jiang Hua,"Tsiang, Amy Hua",F,College of St. Teresa,NA,NA,NA,NA,Chemistry,1943,523,NA,College of St. Teresa,Winona,Minnesota,United States,44.0478,-91.6404
552,N01353,蔣華,Jiang Hua,"Tsiang, Amy Hua",F,雲南大學,NA,NA,NA,NA,NA,1940,523,雲南大學,Yunnan University,Kunming,Yunnan,China,25.0389,102.7183
553,N01355,蔣雍,Jiang Yong,"Tsiang, Jane Yoong",F,College of St. Teresa,NA,B.A.,Bachelor of Arts,Bachelor,History,1942,523,NA,College of St. Teresa,Winona,Minnesota,United States,44.0478,-91.6404
554,N01355,蔣雍,Jiang Yong,"Tsiang, Jane Yoong",F,Radcliffe College,NA,NA,NA,NA,History,1943,523,NA,Radcliffe College,Cambridge,Massachusetts,United States,42.3759,-71.1185
555,N01355,蔣雍,Jiang Yong,"Tsiang, Jane Yoong",F,西南聯合大學,NA,NA,NA,NA,NA,1940,523,西南聯合大學,Southwest Associated University,Kunming,Yunnan,China,25.0389,102.7183
556,N01358,蔣鄭美瑛,Jiang Zhengmeiying,"Tsiang, Mei-ying Djeng",F,University of Minnesota,NA,M.S.,Master of Science,Master,Nutrition,1941,523,NA,University of Minnesota,Minneapolis,Minnesota,United States,44.9635,-93.2678
557,N01358,蔣鄭美瑛,Jiang Zhengmeiying,"Tsiang, Mei-ying Djeng",F,University of Minnesota,NA,NA,NA,NA,Nutrition,1943,523,NA,University of Minnesota,Minneapolis,Minnesota,United States,44.9635,-93.2678
558,N01358,蔣鄭美瑛,Jiang Zhengmeiying,"Tsiang, Mei-ying Djeng",F,金陵女子文理學院,NA,NA,NA,NA,NA,1937,523,金陵女子文理學院,Ginling College,Nanjing,Jiangsu,China,32.0603,118.7969
559,N01367,歐陽慶蓮,Ouyang Qinglian,"Owyang, Pauline",F,Stanford University,NA,B.A.,Bachelor of Arts,Bachelor,NA,1939,523,NA,Stanford University,Stanford,California,United States,37.4252,-122.1674
560,N01367,歐陽慶蓮,Ouyang Qinglian,"Owyang, Pauline",F,Stanford University,NA,M.D.,Doctor of Medicine,Doctor,Medicine,1943,523,NA,Stanford University,Stanford,California,United States,37.4252,-122.1674
561,N01368,鮑文蘭,Bao Wenlan,"Pao, Wen-lan",F,Massachusetts College of Pharmacy,NA,NA,NA,NA,NA,1942,524,NA,Massachusetts College of Pharmacy,Boston,Massachusetts,United States,42.336,-71.101
562,N01368,鮑文蘭,Bao Wenlan,"Pao, Wen-lan",F,南開大學,NA,NA,NA,NA,NA,1937,524,南開大學,Nankai University,Tianjin,Tianjin,China,39.3434,117.3616
563,N01370,鮑秀崢,Bao Xiuzheng,"Bau, Marguerite Janet",F,Northwestern University,NA,NA,NA,NA,Physiology,1941,524,NA,Northwestern University,Evanston,Illinois,United States,42.0464,-87.6943
564,N01370,鮑秀崢,Bao Xiuzheng,"Bau, Marguerite Janet",F,金陵女子文理學院,NA,NA,NA,NA,NA,1938,524,金陵女子文理學院,Ginling College,Nanjing,Jiangsu,China,32.0603,118.7969
565,N01373,駱何貞懿,Luo Hezhenyi,"Lauh, Elizabeth Ho",F,Columbia University,NA,M.A.,Master of Arts,Master,Education,1942,524,NA,Columbia University,New York City,New York,United States,40.6943,-73.9249
566,N01373,駱何貞懿,Luo Hezhenyi,"Lauh, Elizabeth Ho",F,燕京大學,NA,NA,NA,NA,NA,1931,524,燕京大學,Yenching University,Beijing,Beijing,China,39.9042,116.4074
567,N01376,盧仁吉,Lu Renji,"Lu, Eva",F,Michigan State College,NA,NA,NA,NA,Home Economics,1943,524,NA,Michigan State College,East Lansing,Michigan,United States,42.748,-84.4836
568,N01376,盧仁吉,Lu Renji,"Lu, Eva",F,輔仁大學,NA,NA,NA,NA,NA,1940,524,輔仁大學,Fu-jen University,Beijing,Beijing,China,39.9042,116.4074
569,N01385,盧淑華,Lu Shuhua,"Loo, Eileen",F,University of Hong Kong,NA,NA,NA,NA,NA,1938,525,NA,University of Hong Kong,Hong Kong,NA,Hong Kong,22.283,114.1371
570,N01385,盧淑華,Lu Shuhua,"Loo, Eileen",F,Wellesley College,NA,NA,NA,NA,Fine Arts,1943,525,NA,Wellesley College,Wellesley,Massachusetts,United States,42.29649,-71.29256
571,N01390,盧懿莊,Lu Yizhuang,"Lu, Yi-chuang",F,University of Chicago,NA,M.A.,Master of Arts,Master,Sociology,1942,525,NA,University of Chicago,Chicago,Illinois,United States,41.8375,-87.6866
572,N01390,盧懿莊,Lu Yizhuang,"Lu, Yi-chuang",F,燕京大學,NA,NA,NA,NA,NA,1935,525,燕京大學,Yenching University,Beijing,Beijing,China,39.9042,116.4074
573,N01393,錢兆麟,Qian Zhaolin,"Tsien, Lily",F,Columbia University,NA,M.A.,Master of Arts,Master,Education,1943,525,NA,Columbia University,New York City,New York,United States,40.6943,-73.9249
574,N01393,錢兆麟,Qian Zhaolin,"Tsien, Lily",F,University of Brussels,NA,NA,NA,NA,NA,1940,525,NA,University of Brussels,Brussels,NA,Belgium,50.8467,4.3525
575,N01393,錢兆麟,Qian Zhaolin,"Tsien, Lily",F,University of Geneva,NA,NA,NA,NA,NA,1941,525,NA,University of Geneva,Geneva,NA,Switzerland,46.1985,6.1423
576,N01394,錢兆蘭,Qian Zhaolan,"Tsien, Zaulan",F,Pratt Institute,NA,NA,NA,NA,Dietetics,1943,525,NA,Pratt Institute,Brooklyn,New York,United States,40.6501,-73.9496
577,N01395,錢俊,Qian Jun,"Wong, Dorothy T.",F,大夏大學,NA,NA,NA,NA,Education,NA,525,大夏大學,Daxia University,Shanghai,Shanghai,China,31.2304,121.4737
578,N01397,錢娬,Qian Wu,"Chien, Nancy",F,Cornell University,NA,B.A.,Bachelor of Arts,Bachelor,Sociology,1943,525,NA,Cornell University,Ithaca,New York,United States,42.4442,-76.5032
579,N01397,錢娬,Qian Wu,"Chien, Nancy",F,聖約翰大學,NA,NA,NA,NA,NA,1941,525,聖約翰大學,St. John's University,Shanghai,Jiangsu,China,31.2304,121.4737
580,N01400,錢娑,Qian Suo,"Chien, Sue",F,Cornell University,NA,B.A.,Bachelor of Arts,Bachelor,Music,1943,526,NA,Cornell University,Ithaca,New York,United States,42.4442,-76.5032
581,N01400,錢娑,Qian Suo,"Chien, Sue",F,St. Johns University,NA,NA,NA,NA,NA,1941,526,NA,St. John's University,Shanghai,Jiangsu,China,31.2304,121.4737
582,N01413,蕭悔塵,Xiao Huichen,"Shew, Lynne Lee",F,University of California,NA,M.A.,Master of Arts,Master,Education,1917,527,NA,University of California,Berkeley,California,United States,37.8722,-122.276
583,N01418,蕭綦秀蕙,Xiao Qixiuhui,"Hsiao, Hsiu-hui Chi",F,Iowa State College,NA,M.S.,Master of Science,Master,Botany,1940,527,NA,Iowa State College,Ames,Iowa,United States,42.0267,-93.6465
584,N01418,蕭綦秀蕙,Xiao Qixiuhui,"Hsiao, Hsiu-hui Chi",F,Oregon State College,NA,NA,NA,NA,NA,NA,527,NA,Oregon State College,Corvallis,Oregon,United States,44.5646,-123.262
585,N01418,蕭綦秀蕙,Xiao Qixiuhui,"Hsiao, Hsiu-hui Chi",F,師範大學,NA,NA,NA,NA,NA,NA,527,NA,Normal University,Beijing,Beijing,China,39.9042,116.4074
586,N01429,薛瑛,Xue Ying,"Hsueh, Ying",F,Hamline University,NA,NA,NA,NA,Biology,1943,528,NA,Hamline University,Saint Paul,Minnesota,United States,44.94441,-93.09327
587,N01432,鐘丙山,Zhong Bingshan,"Chung, Margaret Ping-ashan",F,Marquette University,NA,NA,NA,NA,NA,1943,528,NA,Marquette University,Milwaukee,Wisconsin,United States,43.0642,-87.9675
588,N01432,鐘丙山,Zhong Bingshan,"Chung, Margaret Ping-ashan",F,Mary Manse College,NA,B.A.,Bachelor of Arts,Bachelor,Music,1941,528,NA,Mary Manse College,Toledo,Ohio,United States,41.6638,-83.5827
589,N01438,戴胡美如,Dai Humeiru,"Tye, Mabel",F,University of Chicago,NA,NA,NA,NA,Business,1942,528,NA,University of Chicago,Chicago,Illinois,United States,41.8375,-87.6866
590,N01438,戴胡美如,Dai Humeiru,"Tye, Mabel",F,University of Illinois,NA,NA,NA,NA,NA,1941,528,NA,University of Illinois,Chicago,Illinois,United States,41.8375,-87.6866
591,N01451,謝偉貞,Xie Weizhen,"Der-Bing, Virginia",F,Cornell University,NA,NA,NA,NA,NA,1943,529,NA,Cornell University,Ithaca,New York,United States,42.4442,-76.5032
592,N01454,謝德貞,Xie Dezhen,"Cheng, Elissa T. C.",F,University of Pennsylvania,NA,NA,NA,NA,English,1943,529,NA,University of Pennsylvania,Philadelphia,Pennsylvania,United States,40.0077,-75.1339
593,N01454,謝德貞,Xie Dezhen,"Cheng, Elissa T. C.",F,廈門大學,NA,NA,NA,NA,NA,1935,529,廈門大學,Xiamen University,Xiamen,Fujian,China,24.4798,118.0894
594,N01463,關潔華,Guan Jiehua,"Kwan, Florence",F,Clark University,NA,NA,NA,NA,NA,1941,530,NA,Clark University,Worcester,Massachusetts,United States,42.2705,-71.8079
595,N01463,關潔華,Guan Jiehua,"Kwan, Florence",F,University of Wisconsin,NA,NA,NA,NA,English,1943,530,NA,University of Wisconsin,Madison,Wisconsin,United States,43.0822,-89.393
596,N01469,顏彬生,Yan Binsheng,"Yen, Ping-sheng",F,Cornell University,NA,B.A.,Bachelor of Arts,Bachelor,Mathematics,1943,530,NA,Cornell University,Ithaca,New York,United States,42.4442,-76.5032
597,N01469,顏彬生,Yan Binsheng,"Yen, Ping-sheng",F,聖約翰大學,NA,NA,NA,NA,NA,1939,530,聖約翰大學,St. John's University,Shanghai,Jiangsu,China,31.2304,121.4737
598,N01471,魏文遠,Wei Wenyuan,"Wei, Wen-yuan",F,Mount Holyoke College,NA,M.A.,Master of Arts,Master,English,1942,531,NA,Mount Holyoke College,South Hadley,Massachusetts,United States,42.25842,-72.57453
599,N01471,魏文遠,Wei Wenyuan,"Wei, Wen-yuan",F,燕京大學,NA,NA,NA,NA,NA,1940,531,燕京大學,Yenching University,Beijing,Beijing,China,39.9042,116.4074
600,N01475,饒用泗,Rao Yongsi,"Loe, Lenore yung-su",F,College of St. Elisabeth,NA,B.S.,Bachelor of Science,Bachelor,NA,1939,531,NA,College of St. Elisabeth,Morristown,New Jersey,United States,40.7968,-74.4815
601,N01475,饒用泗,Rao Yongsi,"Loe, Lenore yung-su",F,Fordham University,NA,M.S.,Master of Science,Master,Biochemistry,1940,531,NA,Fordham University,New York,New York,United States,40.6943,-73.9249
602,N01476,饒用湘,Rao Yongxiang,"Loe, Madeline",F,University of Michigan,NA,M.A.,Master of Arts,Master,Education,1940,531,NA,University of Michigan,Ann Arbor,Michigan,United States,42.2759,-83.731
603,N01476,饒用湘,Rao Yongxiang,"Loe, Madeline",F,University of Michigan,NA,M.S.,Master of Science,Master,Public Health,1936,531,NA,University of Michigan,Ann Arbor,Michigan,United States,42.2759,-83.731
604,N01476,饒用湘,Rao Yongxiang,"Loe, Madeline",F,師範大學,NA,NA,NA,NA,NA,1934,531,NA,Normal University,Beijing,Beijing,China,39.9042,116.4074
605,N01480,應惜芳,Ying Xifang,"Ing, Lota Lois",F,George Washington University,NA,NA,NA,NA,Literature,1938,531,NA,George Washington University,Washington,District of Columbia,United States,38.9047,-77.0163
606,N01480,應惜芳,Ying Xifang,"Ing, Lota Lois",F,燕京大學,NA,NA,NA,NA,NA,1936,531,燕京大學,Yenching University,Beijing,Beijing,China,39.9042,116.4074
607,N01489,鄺蓮真,Kuang Lianzhen,"Kwong, Lee Jane",F,Mills College,NA,B.A.,Bachelor of Arts,Bachelor,NA,1926,532,NA,Mills College,Oakland,California,United States,37.7904,-122.2166
608,N01489,鄺蓮真,Kuang Lianzhen,"Kwong, Lee Jane",F,Mills College,NA,M.A.,Master of Arts,Master,Sociology,1933,532,NA,Mills College,Oakland,California,United States,37.7904,-122.2166
609,N01497,譚瑪琍,Tan Mali,"Hom, Mary",F,Tulane University,NA,NA,NA,NA,Chemistry,1943,532,NA,Tulane University,New Orleans,Louisiana,United States,30.0687,-89.9288
610,N01506,譚愛蓮,Tan Ailian,"Tam, A. L.",F,Northwestern University,NA,NA,NA,NA,Fine Arts,1943,533,NA,Northwestern University,Evanston,Illinois,United States,42.0464,-87.6943
611,N01521,羅愛真,Luo Aizhen,"Lo, Ai-djen",F,University of Michigan,NA,NA,NA,NA,Education,1943,534,NA,University of Michigan,Ann Arbor,Michigan,United States,42.2759,-83.731
612,N01521,羅愛真,Luo Aizhen,"Lo, Ai-djen",F,金陵女子文理學院,NA,NA,NA,NA,NA,1932,534,金陵女子文理學院,Ginling College,Nanjing,Jiangsu,China,32.0603,118.7969
613,N01523,羅猶生,Luo Yousheng,"Loh, Eileen",F,Mills College,NA,M.A.,Master of Arts,Master,English,1942,534,NA,Mills College,Oakland,California,United States,37.7904,-122.2166
614,N01523,羅猶生,Luo Yousheng,"Loh, Eileen",F,嶺南大學,NA,NA,NA,NA,NA,1937,534,嶺南大學,Lingnan University,Guangzhou,Guangdong,China,23.1291,113.2644
615,N01534,嚴文漢,Yan Wenhan,"Yen, Josephine",F,Carleton College,NA,B.A.,Bachelor of Arts,Bachelor,English,1943,535,NA,Carleton College,Northfield,Minnesota,United States,44.455,-93.1698
616,N01542,顧韋澄芬,Gu Weichengfen,"Koo, Zung-fung Wei",F,Radcliffe College,NA,NA,NA,NA,Literature,1943,535,NA,Radcliffe College,Cambridge,Massachusetts,United States,42.3759,-71.1185
617,N01542,顧韋澄芬,Gu Weichengfen,"Koo, Zung-fung Wei",F,聖約翰大學,NA,NA,NA,NA,NA,1941,535,聖約翰大學,St. John's University,Shanghai,Jiangsu,China,31.2304,121.4737
618,N01556,熊匯苓,Xiong Huiling,"Lillian, H. L. Hsiung",F,Columbia University,NA,NA,NA,NA,NA,1944,537,NA,Columbia University,New York City,New York,United States,40.6943,-73.9249
619,N01556,熊匯苓,Xiong Huiling,"Lillian, H. L. Hsiung",F,武漢大學,NA,NA,NA,NA,NA,1938,537,武漢大學,Wuhan University,Wuhan,Hubei,China,30.5928,114.3055
620,N01557,魯桂珍,Lu Guizhen,"Lu, Gwei-djen",F,Cambridge University,NA,Ph.D.,Doctor of Philosophy,Doctor,Nutrition,NA,537,NA,Cambridge University,Cambridge,NA,United Kingdom,52.2043,0.1149
621,N01557,魯桂珍,Lu Guizhen,"Lu, Gwei-djen",F,金陵女子文理學院,NA,NA,NA,NA,NA,NA,537,金陵女子文理學院,Ginling College,Nanjing,Jiangsu,China,32.0603,118.7969
622,N01561,汪郭興熊,Wang Guoxingxiong,"Waung, Hsing-hsiung Goh",F,Columbia University,NA,NA,NA,NA,Economics,NA,537,NA,Columbia University,New York City,New York,United States,40.6943,-73.9249
623,N01561,汪郭興熊,Wang Guoxingxiong,"Waung, Hsing-hsiung Goh",F,滬江大學,NA,NA,NA,NA,NA,NA,537,滬江大學,Shanghai University,Shanghai,Shanghai,China,31.2304,121.4737
624,N01565,李榮愛,Li Rongai,"Li, Wing-ai",F,Columbia University,NA,M.A.,Master of Arts,Master,Social Science,NA,537,NA,Columbia University,New York City,New York,United States,40.6943,-73.9249
625,N01569,胡意秋,Hu Yiqiu,"Wu, Linda Y. C.",F,Columbia University,NA,NA,NA,NA,Fine Arts,1943,537,NA,Columbia University,New York City,New York,United States,40.6943,-73.9249
626,N01571,沈葮本櫻,Shen Duanbenying,"Shen, Molly",F,Wellesley College,NA,B.A.,Bachelor of Arts,Bachelor,Fine Arts,NA,538,NA,Wellesley College,Wellesley,Massachusetts,United States,42.29649,-71.29256
627,N01572,林輝珍,Lin Huizhen,"Lin, Mabel",F,南開大學,NA,NA,NA,NA,Economics,NA,538,南開大學,Nankai University,Tianjin,Tianjin,China,39.3434,117.3616
628,N01584,陳媛惠,Chen Yuanhui,"Chun, Ivy",F,Hunter College,NA,NA,NA,NA,Social Welfare,1944,538,NA,Hunter College,New York City,New York,United States,40.6943,-73.9249
629,N01586,黃麗娥,Huang Lie,"Wong, Mary",F,University of Chicago,NA,NA,NA,NA,Journalism,1943,538,NA,University of Chicago,Chicago,Illinois,United States,41.8375,-87.6866
630,N01593,劉迎春,Liu Yingchun,"Liu, Grace",F,University of Southern California,NA,NA,NA,NA,Biology,1943,539,NA,University of Southern California,Los Angeles,California,United States,34.1141,-118.4068
631,N01593,劉迎春,Liu Yingchun,"Liu, Grace",F,南開大學,NA,NA,NA,NA,NA,NA,539,南開大學,Nankai University,Tianjin,Tianjin,China,39.3434,117.3616
632,N01597,劉臻瑞,Liu Zhenrui,"Liu, Grace",F,金陵女子文理學院,NA,NA,NA,NA,Sociology,1939,539,金陵女子文理學院,Ginling College,Nanjing,Jiangsu,China,32.0603,118.7969
633,N01601,趙崔愛華,Zhao Cuiaihua,"Chu, Mary",F,Barnard College,NA,NA,NA,NA,NA,1926,539,NA,Barnard College,New York City,New York,United States,40.6943,-73.9249
634,N01601,趙崔愛華,Zhao Cuiaihua,"Chu, Mary",F,Master Institute of United Arts,NA,NA,NA,NA,NA,1930,539,NA,Master Institute of United Arts,New York City,New York,United States,40.7128,-74.006
635,N01606,歐陽筏蘇,Ouyang Fasu,"Eoyang, Mary",F,Barnard College,NA,NA,NA,NA,NA,1944,540,NA,Barnard College,New York City,New York,United States,40.6943,-73.9249
636,N01607,鐘英,Zhong Ying,"Chung, Diana",F,University of Cincinnati,NA,NA,NA,NA,Home Economics,NA,540,NA,University of Cincinnati,Cincinnati,Ohio,United States,39.1413,-84.506
637,N01611,盧淑燕,Lu Shuyan,"Loo, Louise",F,Finch College,NA,NA,NA,NA,Fine Arts,NA,540,NA,Finch College,New York,New York,United States,40.7644,-73.9657
638,N00003,丁忱,Ding Chen,"Ting, Chen",M,Harvard University,NA,NA,NA,NA,Economics,1943,439,NA,Harvard University,Cambridge,Massachusetts,United States,42.3759,-71.1185
639,N00003,丁忱,Ding Chen,"Ting, Chen",M,University of Pennsylvania,NA,NA,NA,NA,NA,NA,439,NA,University of Pennsylvania,Philadelphia,Pennsylvania,United States,40.0077,-75.1339
640,N00003,丁忱,Ding Chen,"Ting, Chen",M,交通大學,NA,NA,NA,NA,NA,1939,439,交通大學,Jiaotong University,Shanghai,Shanghai,China,31.2304,121.4737
641,N00005,丁恩沐,Ding Enmu,"Ting, Robert",M,Stanford University,NA,M.B.A.,Master of Business Administration,Master,Business,1942,439,NA,Stanford University,Stanford,California,United States,37.4252,-122.1674
642,N00005,丁恩沐,Ding Enmu,"Ting, Robert",M,聖約翰大學,NA,NA,NA,NA,NA,1940,439,聖約翰大學,St. John's University,Shanghai,Jiangsu,China,31.2304,121.4737
643,N00006,丁恩穗,Ding Ensui,"Ting, Raphael",M,University of Minnesota,NA,NA,NA,NA,Civil Engineering,1943,439,NA,University of Minnesota,Minneapolis,Minnesota,United States,44.9635,-93.2678
644,N00008,丁發輝,Ding Fahui,"Ting, Fa-hoei",M,University de Liege,NA,NA,NA,NA,Aeronautical Engineering,1940,439,NA,University de Liege,Liège,NA,Belgium,50.6408,5.5746
645,N00009,丁錫文,Ding Xiwen,"Ting, Sik-vung",M,Michigan State College,NA,B.S.,Bachelor of Science,Bachelor,Botany,1941,439,NA,Michigan State College,East Lansing,Michigan,United States,42.748,-84.4836
646,N00009,丁錫文,Ding Xiwen,"Ting, Sik-vung",M,Ohio State University,NA,NA,NA,NA,Biochemistry,1943,439,NA,Ohio State University,Columbus,Ohio,United States,39.9862,-82.9855
647,N00010,丁錫和,Ding Xihe,"Ting, Sik-woo",M,University of Michigan,NA,M.D.,Doctor of Medicine,Doctor,Medicine,1943,439,NA,University of Michigan,Ann Arbor,Michigan,United States,42.2759,-83.731
648,N00010,丁錫和,Ding Xihe,"Ting, Sik-woo",M,清華大學,NA,NA,NA,NA,NA,NA,439,清華大學,Tsinghua University,Beijing,Beijing,China,39.9042,116.4074
649,N00011,于彭,Yu Peng,"Yu, Peng",M,Columbia University,NA,NA,NA,NA,Political Science,1943,439,NA,Columbia University,New York City,New York,United States,40.6943,-73.9249
650,N00011,于彭,Yu Peng,"Yu, Peng",M,University of Edinburgh,NA,M.A.,Master of Arts,Master,History,1941,439,NA,University of Edinburgh,Edinburgh,NA,United Kingdom,55.9445,-3.1892
651,N00011,于彭,Yu Peng,"Yu, Peng",M,金陵大學,NA,NA,NA,NA,NA,1936,439,金陵大學,Jinling University,Nanjing,Jiangsu,China,32.0603,118.7969
652,N00012,于焌吉,Yu Junji,"Yu, Tsune-chi",M,Columbia University,NA,M.A.,Master of Arts,Master,Political Science,1927,439,NA,Columbia University,New York City,New York,United States,40.6943,-73.9249
653,N00012,于焌吉,Yu Junji,"Yu, Tsune-chi",M,Denison University,NA,B.A.,Bachelor of Arts,Bachelor,NA,1921,439,NA,Denison University,Granville,Ohio,United States,40.0646,-82.5024
654,N00012,于焌吉,Yu Junji,"Yu, Tsune-chi",M,New York University,NA,D.Sc.,Doctor of Science,Doctor,NA,1924,439,NA,New York University,New York City,New York,United States,40.6943,-73.9249
655,N00014,干毅,Gan Yi,"Gan, I.",M,Cambridge University,NA,NA,NA,NA,NA,1940,439,NA,Cambridge University,Cambridge,NA,United Kingdom,52.2043,0.1149
656,N00014,干毅,Gan Yi,"Gan, I.",M,中央陸軍軍官學校,NA,NA,NA,NA,NA,1930,439,中央陸軍軍官學校,Central Army Military Academy,Nanjing,Jiangsu,China,32.0603,118.7969
657,N00015,王大閎,Wang Dahong,"Wang, Dahong",M,Harvard University,NA,NA,NA,NA,Architecture,1943,440,NA,Harvard University,Cambridge,Massachusetts,United States,42.3759,-71.1185
658,N00016,王士倬,Wang Shizhuo,"wang, S. C.",M,Massachusetts Institute of Technology,NA,B.S.,Bachelor of Science,Bachelor,Aeronautical Engineering,1930,440,NA,Massachusetts Institute of Technology,Cambridge,Massachusetts,United States,42.3759,-71.1185
659,N00017,王乃昌,Wang Naichang,"Wang, Nai-chang",M,中央陸軍軍官學校,NA,NA,NA,NA,NA,NA,440,中央陸軍軍官學校,Central Army Military Academy,Nanjing,Jiangsu,China,32.0603,118.7969
660,N00018,王文修,Wang Wenxiu,"Wang, Wen-hsiu",M,Cornell University,NA,M.S.,Master of Science,Master,Civil Engineering,1942,440,NA,Cornell University,Ithaca,New York,United States,42.4442,-76.5032
661,N00018,王文修,Wang Wenxiu,"Wang, Wen-hsiu",M,天津工商學院學,NA,NA,NA,NA,NA,1941,440,NA,Tientsin Institute of Commerce,Tianjin,Tianjin,China,39.3434,117.3616
662,N00019,王平洋,Wang Pingyang,"Wang, Ping-yang",M,交通大學,NA,NA,NA,NA,Electrical Engineering,1931,440,交通大學,Jiaotong University,Shanghai,Shanghai,China,31.2304,121.4737
663,N00022,王守寰,Wang Shouhuan,"Wang, Wealey S. H.",M,Moody Bible Institute,NA,NA,NA,NA,Theology,1943,440,NA,Moody Bible Institute,Chicago,Illinois,United States,41.8375,-87.6866
664,N00024,王弘,Wang Hong,"Wang, R. Hoon",M,Art Institute of Chicago,NA,NA,NA,NA,Drama,NA,440,NA,Art Institute of Chicago,Chicago,Illinois,United States,41.8796,-87.6237
665,N00024,王弘,Wang Hong,"Wang, R. Hoon",M,東南大學,NA,NA,NA,NA,NA,NA,440,東南大學,Southeast University,Nanjing,Jiangsu,China,32.0603,118.7969
666,N00026,王世越,Wang Shiyue,"Wang, Shih-yueh",M,Dartmouth College,NA,NA,NA,NA,English,1943,440,NA,Dartmouth College,Hanover,New Hampshire,United States,43.70229,-72.28954
667,N00026,王世越,Wang Shiyue,"Wang, Shih-yueh",M,Detroit College of Law,NA,NA,NA,NA,NA,1942,440,NA,Detroit College of Law,Detroit,Michigan,United States,42.3314,-83.0458
668,N00026,王世越,Wang Shiyue,"Wang, Shih-yueh",M,東南大學,NA,NA,NA,NA,NA,1941,440,東南大學,Southeast University,Nanjing,Jiangsu,China,32.0603,118.7969
669,N00027,王伏雄,Wang Fuxiong,"Wang, Fu-hsiung",M,University of Illinois,NA,NA,NA,NA,Botany,1943,440,NA,University of Illinois,Chicago,Illinois,United States,41.8375,-87.6866
670,N00027,王伏雄,Wang Fuxiong,"Wang, Fu-hsiung",M,清華大學,NA,Master,NA,NA,NA,1941,440,清華大學,Tsinghua University,Beijing,Beijing,China,39.9042,116.4074
671,N00027,王伏雄,Wang Fuxiong,"Wang, Fu-hsiung",M,清華大學,NA,NA,NA,NA,NA,1936,440,清華大學,Tsinghua University,Beijing,Beijing,China,39.9042,116.4074
672,N00028,王兆華,Wang Zhaohua,"Wang, C. H.",M,Massachusetts Institute of Technology,NA,NA,NA,NA,Mechanical Engineering,1941,440,NA,Massachusetts Institute of Technology,Cambridge,Massachusetts,United States,42.3759,-71.1185
673,N00028,王兆華,Wang Zhaohua,"Wang, C. H.",M,University of London,NA,M.S.,Master of Science,Master,Mechanical Engineering,1939,440,NA,University of London,London,NA,United Kingdom,51.521,-0.13
674,N00028,王兆華,Wang Zhaohua,"Wang, C. H.",M,交通大學,NA,NA,NA,NA,NA,1935,440,交通大學,Jiaotong University,Shanghai,Shanghai,China,31.2304,121.4737
675,N00029,王兆振,Wang Zhaozhen,"Wang, Chao-chen",M,Harvard University,NA,M.S.,Master of Science,Master,Electrical Engineering,1942,440,NA,Harvard University,Cambridge,Massachusetts,United States,42.3759,-71.1185
676,N00029,王兆振,Wang Zhaozhen,"Wang, Chao-chen",M,交通大學,NA,NA,NA,NA,NA,1936,440,交通大學,Jiaotong University,Shanghai,Shanghai,China,31.2304,121.4737
677,N00030,王克信,Wang Kexin,"Wang, David",M,Massachusetts Institute of Technology,NA,B.S.,Bachelor of Science,Bachelor,Aeronautical Engineering,1941,440,NA,Massachusetts Institute of Technology,Cambridge,Massachusetts,United States,42.3759,-71.1185
678,N00030,王克信,Wang Kexin,"Wang, David",M,University of Colorado,NA,NA,NA,NA,NA,1942,440,NA,University of Colorado,Boulder,Colorado,United States,40.0248,-105.2524
679,N00031,王克勤,Wang Keqin,"Wang, Ke-chin",M,Oxford University,NA,NA,NA,NA,NA,1939,440,NA,Oxford University,Oxford,NA,United Kingdom,51.7548,-1.2544
680,N00031,王克勤,Wang Keqin,"Wang, Ke-chin",M,University of Colorado,NA,NA,NA,NA,NA,1936,440,NA,University of Colorado,Boulder,Colorado,United States,40.0248,-105.2524
681,N00031,王克勤,Wang Keqin,"Wang, Ke-chin",M,University of London,NA,NA,NA,NA,Law,1941,440,NA,University of London,London,NA,United Kingdom,51.521,-0.13
682,N00033,王自信,Wang Zixin,"Wang, Tse-hsin",M,中央政治學校,NA,NA,NA,NA,NA,1935,441,中央政治學校,Central Political School,Nanjing,Jiangsu,China,32.0603,118.7969
683,N00034,王自新,Wang Zixin,"Wang, Tsyh-shin",M,University of London,NA,Ph.D.,Doctor of Philosophy,Doctor,Mechanical Engineering,1939,441,NA,University of London,London,NA,United Kingdom,51.521,-0.13
684,N00034,王自新,Wang Zixin,"Wang, Tsyh-shin",M,交通大學,NA,NA,NA,NA,NA,1932,441,交通大學,Jiaotong University,Shanghai,Shanghai,China,31.2304,121.4737
685,N00035,王狄南,Wang Dinan,"Wong, Richard E.",M,Tri-State College,NA,B.S.,Bachelor of Science,Bachelor,Civil Engineering,1942,441,NA,Tri-State College,Angola,Indiana,United States,41.6433,-85.005
686,N00036,王誌鍇,Wang Zhikai,"Wang, Chu-kia",M,University of Colorado,NA,M.S.,Master of Science,Master,Civil Engineering,1942,441,NA,University of Colorado,Boulder,Colorado,United States,40.0248,-105.2524
687,N00036,王誌鍇,Wang Zhikai,"Wang, Chu-kia",M,University of Illinois,NA,NA,NA,NA,Civil Engineering,1943,441,NA,University of Illinois,Chicago,Illinois,United States,41.8375,-87.6866
688,N00037,王維善,Wang Weishan,"Wang, Vee-zen",M,Oregon State College,NA,NA,NA,NA,Bacteriology,1943,441,NA,Oregon State College,Corvallis,Oregon,United States,44.5646,-123.262
689,N00040,王思保,Wang Sibao,"Wang, Joseph En-pao",M,Syracuse University,NA,B.L.S.,Bachelor of Library Science,Bachelor,Library Science,1943,441,NA,Syracuse University,Syracuse,New York,United States,43.0407,-76.1437
690,N00040,王思保,Wang Sibao,"Wang, Joseph En-pao",M,University of Notre Dame,NA,M.A.,Master of Arts,Master,English,1941,441,NA,University of Notre Dame,Notre Dame,Indiana,United States,41.7014,-86.2378
691,N00040,王思保,Wang Sibao,"Wang, Joseph En-pao",M,輔仁大學,NA,NA,NA,NA,NA,1932,441,輔仁大學,Fu-jen University,Beijing,Beijing,China,39.9042,116.4074
692,N00044,王信忠,Wang Xinzhong,"Wang, Hsin-chung",M,東京帝國大學,大學院,NA,NA,NA,NA,1936,441,NA,Tokyo Imperial University,Tokyo,Tokyo,Japan,35.6762,139.6503
693,N00044,王信忠,Wang Xinzhong,"Wang, Hsin-chung",M,清華大學,NA,Master,NA,NA,NA,1933,441,清華大學,Tsinghua University,Beijing,Beijing,China,39.9042,116.4074
694,N00045,王昇平,Wang Shengping,"Wong, Philip S. P.",M,Madison College,NA,B.S.,Bachelor of Science,Bachelor,Chemistry,1941,441,NA,Madison College,Madison,Wisconsin,United States,43.0731,-89.4012
695,N00045,王昇平,Wang Shengping,"Wong, Philip S. P.",M,University of Cincinnati,NA,NA,NA,NA,Chemistry,1943,441,NA,University of Cincinnati,Cincinnati,Ohio,United States,39.1413,-84.506
696,N00046,王念祖,Wang Nianzu,"Wang, Nian-tzu",M,Columbia University,NA,NA,NA,NA,NA,1941,441,NA,Columbia University,New York City,New York,United States,40.6943,-73.9249
697,N00046,王念祖,Wang Nianzu,"Wang, Nian-tzu",M,Harvard University,NA,NA,NA,NA,Economics,1943,441,NA,Harvard University,Cambridge,Massachusetts,United States,42.3759,-71.1185
698,N00049,王宜權,Wang Yiquan,"Wang, Richard",M,Cornell University,NA,M.S.,Master of Science,Master,Agricultural Economics,1942,441,NA,Cornell University,Ithaca,New York,United States,42.4442,-76.5032
699,N00049,王宜權,Wang Yiquan,"Wang, Richard",M,金陵大學,NA,NA,NA,NA,NA,1937,441,金陵大學,Jinling University,Nanjing,Jiangsu,China,32.0603,118.7969
700,N00050,王冠鵬,Wang Guanpeng,"Wang, Kwan-pun",M,University of Southern California,NA,B.A.,Bachelor of Arts,Bachelor,NA,1943,441,NA,University of Southern California,Los Angeles,California,United States,34.1141,-118.4068
701,N00051,王就安,Wang Jiuan,"Wang, Chiu-an",M,Harvard University,NA,M.D.,Doctor of Medicine,Doctor,Medicine,1943,442,NA,Harvard University,Cambridge,Massachusetts,United States,42.3759,-71.1185
702,N00051,王就安,Wang Jiuan,"Wang, Chiu-an",M,嶺南大學,NA,Master,NA,NA,Parasitology,1940,442,嶺南大學,Lingnan University,Guangzhou,Guangdong,China,23.1291,113.2644
703,N00051,王就安,Wang Jiuan,"Wang, Chiu-an",M,嶺南大學,NA,NA,NA,NA,Biology,1938,442,嶺南大學,Lingnan University,Guangzhou,Guangdong,China,23.1291,113.2644
704,N00052,王啟德,Wang Qide,"Wang, Chi-teh",M,Brown University,NA,M.S.,Master of Science,Master,Mathematics,1943,442,NA,Brown University,Providence,Rhode Island,United States,41.823,-71.4187
705,N00052,王啟德,Wang Qide,"Wang, Chi-teh",M,Massachusetts Institute of Technology,NA,NA,NA,NA,Marine Enginerring,1943,442,NA,Massachusetts Institute of Technology,Cambridge,Massachusetts,United States,42.3759,-71.1185
706,N00052,王啟德,Wang Qide,"Wang, Chi-teh",M,Rensselaer Polytechnic Institute,NA,M.S.,Master of Science,Master,Aeronautical Engineering,1942,442,NA,Rensselaer Polytechnic Institute,Troy,New York,United States,42.7354,-73.6751
707,N00052,王啟德,Wang Qide,"Wang, Chi-teh",M,交通大學,NA,NA,NA,NA,NA,1940,442,交通大學,Jiaotong University,Shanghai,Shanghai,China,31.2304,121.4737
708,N00053,王俊奎,Wang Junkui,"Wang, Tsun-kuei",M,California Institute of Technology,NA,M.S.,Master of Science,Master,Aeronautical Engineering,1938,442,NA,California Institute of Technology,Pasadena,California,United States,34.1597,-118.139
709,N00053,王俊奎,Wang Junkui,"Wang, Tsun-kuei",M,Stanford University,NA,Ph.D.,Doctor of Philosophy,Doctor,Aeronautical Engineering,1941,442,NA,Stanford University,Stanford,California,United States,37.4252,-122.1674
710,N00053,王俊奎,Wang Junkui,"Wang, Tsun-kuei",M,北京大學,NA,NA,NA,NA,NA,1934,442,北京大學,Beijing University,Beijing,Beijing,China,39.9042,116.4074
711,N00054,王普仁,Wang Puren,"Wang, Richard P. R.",M,Neurological Institute,NA,NA,NA,NA,Neurology,1943,442,NA,Neurological Institute,New York,New York,United States,40.8422,-73.9426
712,N00054,王普仁,Wang Puren,"Wang, Richard P. R.",M,聖約翰大學,NA,NA,NA,NA,NA,1936,442,聖約翰大學,St. John's University,Shanghai,Jiangsu,China,31.2304,121.4737
713,N00055,王岷源,Wang Minyuan,"Wang, Min-yuan",M,Yale University,NA,M.A.,Master of Arts,Master,Language,1942,442,NA,Yale University,New Haven,Connecticut,United States,41.3113,-72.9246
714,N00055,王岷源,Wang Minyuan,"Wang, Min-yuan",M,清華大學,NA,NA,NA,NA,NA,1934,442,清華大學,Tsinghua University,Beijing,Beijing,China,39.9042,116.4074
715,N00056,王秉厚,Wang Binghou,"Wang, Ping-hou",M,Columbia University,NA,NA,NA,NA,Economics,1943,442,NA,Columbia University,New York City,New York,United States,40.6943,-73.9249
716,N00056,王秉厚,Wang Binghou,"Wang, Ping-hou",M,清華大學,NA,NA,NA,NA,NA,1932,442,清華大學,Tsinghua University,Beijing,Beijing,China,39.9042,116.4074
717,N00057,王重民,Wang Zhongmin,"Wang, Chung-min",M,師範大學,NA,NA,NA,NA,NA,1939,442,NA,Normal University,Beijing,Beijing,China,39.9042,116.4074
718,N00058,王端驤,Wang Duanxiang,"Wang, T. S.",M,交通大學,NA,NA,NA,NA,Electrical Engineering,1930,442,交通大學,Jiaotong University,Shanghai,Shanghai,China,31.2304,121.4737
719,N00059,王澄清,Wang Chengqing,"Wang, C.",M,燕京大學,NA,NA,NA,NA,Chemistry,1938,442,燕京大學,Yenching University,Beijing,Beijing,China,39.9042,116.4074
720,N00062,王綬輝,Wang Shouhui,"Wang, Shou-huei",M,中央陸軍軍官學校,NA,NA,NA,NA,NA,NA,442,中央陸軍軍官學校,Central Army Military Academy,Nanjing,Jiangsu,China,32.0603,118.7969
721,N00063,王象耀,Wang Xiangyao,"Wang, S. Y.",M,Columbia University,NA,NA,NA,NA,Political Science,1938,442,NA,Columbia University,New York City,New York,United States,40.6943,-73.9249
722,N00063,王象耀,Wang Xiangyao,"Wang, S. Y.",M,滬江大學,NA,NA,NA,NA,NA,1936,442,滬江大學,Shanghai University,Shanghai,Shanghai,China,31.2304,121.4737
723,N00065,王毓銓,Wang Yuquan,"Wang, Yu-chuan",M,Columbia University,NA,NA,NA,NA,History,1943,442,NA,Columbia University,New York City,New York,United States,40.6943,-73.9249
724,N00065,王毓銓,Wang Yuquan,"Wang, Yu-chuan",M,北京大學,NA,NA,NA,NA,NA,1936,442,北京大學,Beijing University,Beijing,Beijing,China,39.9042,116.4074
725,N00065,王毓銓,Wang Yuquan,"Wang, Yu-chuan",M,南開大學,經濟研究所,NA,NA,NA,NA,1937,442,南開大學,Nankai University,Tianjin,Tianjin,China,39.3434,117.3616
726,N00066,王震輝,Wang Zhenhui,"Wang, James D.",M,George Peabody College,NA,M.A.,Master of Arts,Master,Psychology,1939,442,NA,George Peabody College,Nashville,Tennessee,United States,36.1447,-86.8027
727,N00066,王震輝,Wang Zhenhui,"Wang, James D.",M,George Peabody College,NA,NA,NA,NA,Psychology,1943,442,NA,George Peabody College,Nashville,Tennessee,United States,36.1447,-86.8027
728,N00067,王潤全,Wang Runquan,"Wang, Jun-chuan",M,University of Minnesota,NA,Ph.D.,Doctor of Philosophy,Doctor,Physiology,1943,442,NA,University of Minnesota,Minneapolis,Minnesota,United States,44.9635,-93.2678
729,N00067,王潤全,Wang Runquan,"Wang, Jun-chuan",M,協和醫學院,NA,Master,NA,NA,NA,1937,442,協和醫學院,Peking Union Medical College,Beijing,Beijing,China,39.9042,116.4074
730,N00067,王潤全,Wang Runquan,"Wang, Jun-chuan",M,燕京大學,NA,NA,NA,NA,NA,1934,442,燕京大學,Yenching University,Beijing,Beijing,China,39.9042,116.4074
731,N00069,王恭誌,Wang Gongzhi,"Wang, Kung-chih",M,Brown University,NA,B.S.,Bachelor of Science,Bachelor,Mechanical Engineering,1943,443,NA,Brown University,Providence,Rhode Island,United States,41.823,-71.4187
732,N00069,王恭誌,Wang Gongzhi,"Wang, Kung-chih",M,Massachusetts Institute of Technology,NA,NA,NA,NA,Mechanical Engineering,1943,443,NA,Massachusetts Institute of Technology,Cambridge,Massachusetts,United States,42.3759,-71.1185
733,N00069,王恭誌,Wang Gongzhi,"Wang, Kung-chih",M,燕京大學,NA,NA,NA,NA,NA,1941,443,燕京大學,Yenching University,Beijing,Beijing,China,39.9042,116.4074
734,N00070,王恭守,Wang Gongshou,"Wang, Kung-shou",M,University of Chicago,NA,NA,NA,NA,Political Science,1936,443,NA,University of Chicago,Chicago,Illinois,United States,41.8375,-87.6866
735,N00070,王恭守,Wang Gongshou,"Wang, Kung-shou",M,聖約翰大學,NA,NA,NA,NA,NA,NA,443,聖約翰大學,St. John's University,Shanghai,Jiangsu,China,31.2304,121.4737
736,N00071,王恭行,Wang Gonghang,"Wang, Gung-hsing",M,Northwestern University,NA,NA,NA,NA,NA,1931,443,NA,Northwestern University,Evanston,Illinois,United States,42.0464,-87.6943
737,N00071,王恭行,Wang Gonghang,"Wang, Gung-hsing",M,Tulane University,NA,NA,NA,NA,Political Science,1941,443,NA,Tulane University,New Orleans,Louisiana,United States,30.0687,-89.9288
738,N00071,王恭行,Wang Gonghang,"Wang, Gung-hsing",M,University of Chicago,NA,NA,NA,NA,NA,1937,443,NA,University of Chicago,Chicago,Illinois,United States,41.8375,-87.6866
739,N00071,王恭行,Wang Gonghang,"Wang, Gung-hsing",M,滬江大學,NA,NA,NA,NA,NA,1928,443,滬江大學,Shanghai University,Shanghai,Shanghai,China,31.2304,121.4737
740,N00072,王恭斌,Wang Gongbin,"Wang, Kung-pin",M,Columbia University,NA,NA,NA,NA,Mining Engineering,1943,443,NA,Columbia University,New York City,New York,United States,40.6943,-73.9249
741,N00072,王恭斌,Wang Gongbin,"Wang, Kung-pin",M,Missouri School of Mines & Metals,NA,NA,NA,NA,NA,1942,443,NA,Missouri School of Mines & Metals,Rolla,Missouri,United States,37.9559,-91.7758
742,N00072,王恭斌,Wang Gongbin,"Wang, Kung-pin",M,燕京大學,NA,NA,NA,NA,NA,1940,443,燕京大學,Yenching University,Beijing,Beijing,China,39.9042,116.4074
743,N00073,王莊,Wang Zhuang,"Wang, Chuang",M,Oregon State College,NA,M.S.,Master of Science,Master,Plant Pathology,1941,443,NA,Oregon State College,Corvallis,Oregon,United States,44.5646,-123.262
744,N00073,王莊,Wang Zhuang,"Wang, Chuang",M,University of Wisconsin,NA,NA,NA,NA,Plant Pathology,1943,443,NA,University of Wisconsin,Madison,Wisconsin,United States,43.0822,-89.393
745,N00073,王莊,Wang Zhuang,"Wang, Chuang",M,廣西大學,NA,NA,NA,NA,NA,1937,443,廣西大學,Guangxi University,Wuzhou,Guangxi,China,23.4769,111.279
746,N00074,王熙,Wang Xi,"Wang, Hsi",M,University of Chicago,NA,Ph.D.,Doctor of Philosophy,Doctor,Zoology,1943,443,NA,University of Chicago,Chicago,Illinois,United States,41.8375,-87.6866
747,N00074,王熙,Wang Xi,"Wang, Hsi",M,滬江大學,NA,NA,NA,NA,NA,1930,443,滬江大學,Shanghai University,Shanghai,Shanghai,China,31.2304,121.4737
748,N00074,王熙,Wang Xi,"Wang, Hsi",M,滬江大學,NA,NA,NA,NA,NA,1931,443,滬江大學,Shanghai University,Shanghai,Shanghai,China,31.2304,121.4737
749,N00076,王錫衡,Wang Xiheng,"Wang, Hsih-heng",M,California Institute of Technology,NA,M.S.,Master of Science,Master,Civil Engineering,1938,443,NA,California Institute of Technology,Pasadena,California,United States,34.1597,-118.139
750,N00076,王錫衡,Wang Xiheng,"Wang, Hsih-heng",M,University of California,NA,NA,NA,NA,Civil Engineering,1943,443,NA,University of California,Berkeley,California,United States,37.8722,-122.276
751,N00079,王嶽,Wang Yue,"Wang, Philip Y.",M,Rutgers University,NA,NA,NA,NA,Biochemistry,1943,443,NA,Rutgers University,New Brunswick,New Jersey,United States,40.81585366,-74.46116101
752,N00079,王嶽,Wang Yue,"Wang, Philip Y.",M,燕京大學,NA,NA,NA,NA,NA,1939,443,燕京大學,Yenching University,Beijing,Beijing,China,39.9042,116.4074
753,N00080,王寵佑,Wang Chongyou,"Wang, Chung-yu",M,Columbia University,NA,D.Sc.,Doctor of Science,Doctor,Metallurgy,1905,443,NA,Columbia University,New York City,New York,United States,40.6943,-73.9249
754,N00080,王寵佑,Wang Chongyou,"Wang, Chung-yu",M,北洋大學,NA,NA,NA,NA,NA,1899,443,北洋大學,Beiyang University,Tianjin,Tianjin,China,39.3434,117.3616
755,N00081,方子勤,Fang Ziqin,"Fong, T. C.",M,University of Wisconsin,NA,B.S.,Bachelor of Science,Bachelor,NA,1939,443,NA,University of Wisconsin,Madison,Wisconsin,United States,43.0822,-89.393
756,N00081,方子勤,Fang Ziqin,"Fong, T. C.",M,University of Wisconsin,NA,M.S.,Master of Science,Master,Chemical Engineering,1943,443,NA,University of Wisconsin,Madison,Wisconsin,United States,43.0822,-89.393
757,N00083,方民希,Fang Minxi,"Fong, Man-hee",M,University of Southern California,NA,M.A.,Master of Arts,Master,Sociology,1939,443,NA,University of Southern California,Los Angeles,California,United States,34.1141,-118.4068
758,N00083,方民希,Fang Minxi,"Fong, Man-hee",M,University of Southern California,NA,NA,NA,NA,Sociology,1943,443,NA,University of Southern California,Los Angeles,California,United States,34.1141,-118.4068
759,N00083,方民希,Fang Minxi,"Fong, Man-hee",M,中山大學,NA,NA,NA,NA,NA,1930,443,中山大學,Zhongshan University,Guangzhou,Guangdong,China,23.1291,113.2644
760,N00084,方同源,Fang Tongyuan,"Fong, Tung-yuen",M,University of Pennsylvania,NA,M.A.,Master of Arts,Master,Education,1942,443,NA,University of Pennsylvania,Philadelphia,Pennsylvania,United States,40.0077,-75.1339
761,N00084,方同源,Fang Tongyuan,"Fong, Tung-yuen",M,滬江大學,NA,NA,NA,NA,NA,1920,443,滬江大學,Shanghai University,Shanghai,Shanghai,China,31.2304,121.4737
762,N00085,方柏容,Fang Bairong,"Fang, Pe-yong",M,Royal Polytechnic University of Milan,NA,NA,NA,NA,NA,1940,443,NA,Royal Polytechnic University of Milan,Milan,NA,Italy,45.4781,9.227
763,N00086,方開,Fang Kai,"Fang, Kai",M,New York University,NA,NA,NA,NA,NA,1943,444,NA,New York University,New York City,New York,United States,40.6943,-73.9249
764,N00086,方開,Fang Kai,"Fang, Kai",M,交通大學,NA,NA,NA,NA,Civil Engineering,1936,444,交通大學,Jiaotong University,Shanghai,Shanghai,China,31.2304,121.4737
765,N00087,方榮傑,Fang Rongjie,"Fong, George",M,University of Illinois,NA,NA,NA,NA,Civil Engineering,1943,444,NA,University of Illinois,Chicago,Illinois,United States,41.8375,-87.6866
766,N00089,方裕正,Fang Yuzheng,"Fang, Yu-chan",M,陸軍機械化學校,NA,NA,NA,NA,Mechanical Engineering,NA,444,陸軍機械化學校,Army Mechanization School,Kunming,Yunnan,China,25.0389,102.7183
767,N00090,方冠生,Fang Guansheng,"Fong, K. S.",M,陸軍機械化學校,NA,NA,NA,NA,NA,NA,444,陸軍機械化學校,Army Mechanization School,Kunming,Yunnan,China,25.0389,102.7183
768,N00091,方聲鐘,Fang Shengzhong,"Fang, S. C.",M,Oregon State College,NA,NA,NA,NA,Chemistry,1943,444,NA,Oregon State College,Corvallis,Oregon,United States,44.5646,-123.262
769,N00091,方聲鐘,Fang Shengzhong,"Fang, S. C.",M,福建協和大學,NA,NA,NA,NA,NA,NA,444,福建協和大學,Fujian Union University,Fuzhou,Fujian,China,26.0745,119.2965
770,N00092,卞學銳,Bian Xuerui,"Pian, Richard Hsueh-jui",M,Cornell University,NA,M.S.,Master of Science,Master,Hydroelectric Engineering,1942,444,NA,Cornell University,Ithaca,New York,United States,42.4442,-76.5032
771,N00092,卞學銳,Bian Xuerui,"Pian, Richard Hsueh-jui",M,Cornell University,NA,NA,NA,NA,NA,1943,444,NA,Cornell University,Ithaca,New York,United States,42.4442,-76.5032
772,N00092,卞學銳,Bian Xuerui,"Pian, Richard Hsueh-jui",M,天津工商學院學,NA,NA,NA,NA,NA,1941,444,NA,Tientsin Institute of Commerce,Tianjin,Tianjin,China,39.3434,117.3616
773,N00093,卞學鐄,Bian Xuehuang,"Pian, Hsueh-huang",M,Massachusetts Institute of Technology,NA,NA,NA,NA,Aeronautical Engineering,1943,444,NA,Massachusetts Institute of Technology,Cambridge,Massachusetts,United States,42.3759,-71.1185
774,N00093,卞學鐄,Bian Xuehuang,"Pian, Hsueh-huang",M,清華大學,NA,NA,NA,NA,NA,1940,444,清華大學,Tsinghua University,Beijing,Beijing,China,39.9042,116.4074
775,N00094,卞鐘麟,Bian Zhonglin,"Pian, Chung-ling",M,State University of Iowa,NA,Ph.D.,Doctor of Philosophy,Doctor,Civil Engineering,1941,444,NA,State University of Iowa,Iowa City,Iowa,United States,41.6627,-91.5549
776,N00094,卞鐘麟,Bian Zhonglin,"Pian, Chung-ling",M,中央大學,NA,NA,NA,NA,NA,1934,444,中央大學,Central University,Nanjing,Jiangsu,China,32.0603,118.7969
777,N00095,尹世增,Yin Shizeng,"Ying, Shin-tseng",M,University of California,NA,M.A.,Master of Arts,Master,Political Science,1942,444,NA,University of California,Berkeley,California,United States,37.8722,-122.276
778,N00095,尹世增,Yin Shizeng,"Ying, Shin-tseng",M,University of California,NA,NA,NA,NA,Political Science,1943,444,NA,University of California,Berkeley,California,United States,37.8722,-122.276
779,N00095,尹世增,Yin Shizeng,"Ying, Shin-tseng",M,University of London,NA,NA,NA,NA,NA,1936,444,NA,University of London,London,NA,United Kingdom,51.521,-0.13
780,N00095,尹世增,Yin Shizeng,"Ying, Shin-tseng",M,中國學院,NA,NA,NA,NA,NA,1928,444,中國學院,China Academy,Shanghai,Shanghai,China,31.2304,121.4737
781,N00097,尹學謙,Yin Xueqian,"Ying, Yao-ching",M,中央陸軍軍官學校,NA,NA,NA,NA,NA,NA,444,中央陸軍軍官學校,Central Army Military Academy,Nanjing,Jiangsu,China,32.0603,118.7969
782,N00098,尹國墉,Yin Guoyong,"Yin, K. Y.",M,交通大學,NA,NA,NA,NA,Electrical Engineering,1925,444,交通大學,Jiaotong University,Shanghai,Shanghai,China,31.2304,121.4737
783,N00100,毛萃初,Mao Cuichu,"Mao, Tsui-chu",M,交通大學,NA,NA,NA,NA,NA,NA,444,交通大學,Jiaotong University,Shanghai,Shanghai,China,31.2304,121.4737
784,N00101,毛應鬥,Mao Yingdou,"Mao, Ying-tou",M,University of California,NA,NA,NA,NA,Entomology,1943,445,NA,University of California,Berkeley,California,United States,37.8722,-122.276
785,N00101,毛應鬥,Mao Yingdou,"Mao, Ying-tou",M,燕京大學,NA,Master,NA,NA,NA,1933,445,燕京大學,Yenching University,Beijing,Beijing,China,39.9042,116.4074
786,N00101,毛應鬥,Mao Yingdou,"Mao, Ying-tou",M,燕京大學,NA,NA,NA,NA,NA,1931,445,燕京大學,Yenching University,Beijing,Beijing,China,39.9042,116.4074
787,N00102,毛龍,Mao Long,"Mao, Lung",M,University of Chicago,NA,M.A.,Master of Arts,Master,Public Administration,1943,445,NA,University of Chicago,Chicago,Illinois,United States,41.8375,-87.6866
788,N00102,毛龍,Mao Long,"Mao, Lung",M,燕京大學,NA,NA,NA,NA,NA,1937,445,燕京大學,Yenching University,Beijing,Beijing,China,39.9042,116.4074
789,N00103,文上龍,Wen Shanglong,"Wen, Shih-lung",M,中央政治學校,NA,NA,NA,NA,NA,1934,445,中央政治學校,Central Political School,Nanjing,Jiangsu,China,32.0603,118.7969
790,N00104,文紀洛,Wen Jiluo,"Wen, Chi-loh",M,Cornell University,NA,NA,NA,NA,Agricultural Economics,1943,445,NA,Cornell University,Ithaca,New York,United States,42.4442,-76.5032
791,N00104,文紀洛,Wen Jiluo,"Wen, Chi-loh",M,金陵大學,NA,NA,NA,NA,NA,1940,445,金陵大學,Jinling University,Nanjing,Jiangsu,China,32.0603,118.7969
792,N00105,尤桐,You Tong,"Yiu, Tung",M,Oxford University,NA,M.A.,Master of Arts,Master,Language,1940,445,NA,Oxford University,Oxford,NA,United Kingdom,51.7548,-1.2544
793,N00105,尤桐,You Tong,"Yiu, Tung",M,Princeton University,NA,NA,NA,NA,Language,1943,445,NA,Princeton University,Princeton,New Jersey,United States,40.3562,-74.6693
794,N00105,尤桐,You Tong,"Yiu, Tung",M,師範大學,NA,NA,NA,NA,NA,1927,445,NA,Normal University,Beijing,Beijing,China,39.9042,116.4074
795,N00106,白樹堂,Bai Shutang,"Pai, Shu-tang",M,University of Michigan,NA,M.A.,Master of Arts,Master,Economics,1940,445,NA,University of Michigan,Ann Arbor,Michigan,United States,42.2759,-83.731
796,N00106,白樹堂,Bai Shutang,"Pai, Shu-tang",M,北京大學,NA,NA,NA,NA,NA,1932,445,北京大學,Beijing University,Beijing,Beijing,China,39.9042,116.4074
797,N00107,丘錦興,Qiu Jinxing,"Chiu, Ginhsing",M,New York University,NA,NA,NA,NA,NA,1937,445,NA,New York University,New York City,New York,United States,40.6943,-73.9249
798,N00107,丘錦興,Qiu Jinxing,"Chiu, Ginhsing",M,University of Michigan,NA,M.A.,Master of Arts,Master,Economics,1942,445,NA,University of Michigan,Ann Arbor,Michigan,United States,42.2759,-83.731
799,N00107,丘錦興,Qiu Jinxing,"Chiu, Ginhsing",M,復旦大學,NA,NA,NA,NA,NA,1926,445,復旦大學,Fudan University,Shanghai,Shanghai,China,31.2304,121.4737
800,N00108,丘玉池,Qiu Yuchi,"Chiu, Y. C.",M,亞享工科大學,NA,Sc.D.,Doctor of Science,Doctor,Mining Engineering,1938,445,NA,Aachen Technical University,Aachen,North Rhine-Westphalia,Germany,50.7753,6.0839
801,N00108,丘玉池,Qiu Yuchi,"Chiu, Y. C.",M,燕京大學,NA,Master,NA,NA,Physiology,NA,445,燕京大學,Yenching University,Beijing,Beijing,China,39.9042,116.4074
802,N00108,丘玉池,Qiu Yuchi,"Chiu, Y. C.",M,金陵大學,NA,NA,NA,NA,NA,NA,445,金陵大學,Jinling University,Nanjing,Jiangsu,China,32.0603,118.7969
803,N00109,田鳴鵬,Tian Mingpeng,"Tien, Min-pung",M,Syracuse University,NA,Ph.D.,Doctor of Philosophy,Doctor,Chemical Engineering,1940,445,NA,Syracuse University,Syracuse,New York,United States,43.0407,-76.1437
804,N00109,田鳴鵬,Tian Mingpeng,"Tien, Min-pung",M,華西協和大學,NA,NA,NA,NA,NA,1931,445,華西協和大學,West China Union University,Chengdu,Sichuan,China,30.5728,104.0668
805,N00110,田興智,Tian Xingzhi,"Tien, Hsing-chih",M,University of Michigan,NA,NA,NA,NA,Political Science,1943,445,NA,University of Michigan,Ann Arbor,Michigan,United States,42.2759,-83.731
806,N00110,田興智,Tian Xingzhi,"Tien, Hsing-chih",M,燕京大學,NA,Master,NA,NA,NA,1934,445,燕京大學,Yenching University,Beijing,Beijing,China,39.9042,116.4074
807,N00110,田興智,Tian Xingzhi,"Tien, Hsing-chih",M,燕京大學,NA,NA,NA,NA,NA,1932,445,燕京大學,Yenching University,Beijing,Beijing,China,39.9042,116.4074
808,N00111,石漢章,Shi Hanzhang,"Shek, Hon-cheung",M,Pacific School of Religion,NA,M.A.,Master of Arts,Master,Theology,1941,445,NA,Pacific School of Religion,Berkeley,California,United States,37.8722,-122.276
809,N00111,石漢章,Shi Hanzhang,"Shek, Hon-cheung",M,Pacific School of Religion,NA,NA,NA,NA,NA,1943,445,NA,Pacific School of Religion,Berkeley,California,United States,37.8722,-122.276
810,N00111,石漢章,Shi Hanzhang,"Shek, Hon-cheung",M,燕京大學,NA,NA,NA,NA,NA,1935,445,燕京大學,Yenching University,Beijing,Beijing,China,39.9042,116.4074
811,N00112,仝世泰,Tong Shitai,"Tung, Shin-tai",M,Purdue University,NA,NA,NA,NA,Electrical Engineering,1940,446,NA,Purdue University,West Lafayette,Indiana,United States,40.4432,-86.9238
812,N00112,仝世泰,Tong Shitai,"Tung, Shin-tai",M,北京大學,NA,NA,NA,NA,NA,1934,446,北京大學,Beijing University,Beijing,Beijing,China,39.9042,116.4074
813,N00113,左熙章,Zuo Xizhang,"Tso, Hsi-chang",M,Columbia University,NA,M.A.,Master of Arts,Master,Education,1939,446,NA,Columbia University,New York City,New York,United States,40.6943,-73.9249
814,N00116,司徒卓,Situ Zhuo,"Szeto, Chew Cheuk",M,University of Michigan,NA,M.S.,Master of Science,Master,Civil Engineering,1941,446,NA,University of Michigan,Ann Arbor,Michigan,United States,42.2759,-83.731
815,N00116,司徒卓,Situ Zhuo,"Szeto, Chew Cheuk",M,之江大學,NA,NA,NA,NA,NA,1938,446,之江大學,Zhijiang University,Hangzhou,Zhejiang,China,30.2741,120.1551
816,N00117,司徒閃,Situ Shan,"Stowe, Sam",M,New York University,NA,NA,NA,NA,Economics,1943,446,NA,New York University,New York City,New York,United States,40.6943,-73.9249
817,N00117,司徒閃,Situ Shan,"Stowe, Sam",M,University of Michigan,NA,NA,NA,NA,NA,1940,446,NA,University of Michigan,Ann Arbor,Michigan,United States,42.2759,-83.731
818,N00117,司徒閃,Situ Shan,"Stowe, Sam",M,暨南大學,NA,NA,NA,NA,NA,1938,446,暨南大學,Jinan University,Shanghai,Shanghai,China,31.2304,121.4737
819,N00118,古廷昌,Gu Tingchang,"Ku, Ting-chang",M,University of Michigan,NA,NA,NA,NA,Law,1943,446,NA,University of Michigan,Ann Arbor,Michigan,United States,42.2759,-83.731
820,N00118,古廷昌,Gu Tingchang,"Ku, Ting-chang",M,燕京大學,NA,NA,NA,NA,NA,1936,446,燕京大學,Yenching University,Beijing,Beijing,China,39.9042,116.4074
821,N00119,古錦祥,Gu Jinxiang,"Koo, Kam-cheong",M,Harvard University,NA,NA,NA,NA,Medicine,1943,446,NA,Harvard University,Cambridge,Massachusetts,United States,42.3759,-71.1185
822,N00120,史久華,Shi Jiuhua,"Sze, Samuel",M,Stevens Institute of Technology,NA,NA,NA,NA,Mechanical Engineering,1943,446,NA,Stevens Institute of Technology,Hoboken,New Jersey,United States,40.7452,-74.0281
823,N00121,史景成,Shi Jingcheng,"Shih, Ching-cheng",M,Hartford Seminary Foundation,NA,B.D.,Bachelor of Divinity,Bachelor,NA,1934,446,NA,Hartford Seminary Foundation,Hartford,Connecticut,United States,41.7687,-72.6851
824,N00121,史景成,Shi Jingcheng,"Shih, Ching-cheng",M,University of Chicago,NA,Ph.D.,Doctor of Philosophy,Doctor,Political Science,1943,446,NA,University of Chicago,Chicago,Illinois,United States,41.8375,-87.6866
825,N00121,史景成,Shi Jingcheng,"Shih, Ching-cheng",M,北京大學,NA,NA,NA,NA,NA,1931,446,北京大學,Beijing University,Beijing,Beijing,China,39.9042,116.4074
826,N00123,朱士嘉,Zhu Shijia,"Chu, Shih-chia",M,Columbia University,NA,NA,NA,NA,History,1943,446,NA,Columbia University,New York City,New York,United States,40.6943,-73.9249
827,N00123,朱士嘉,Zhu Shijia,"Chu, Shih-chia",M,燕京大學,NA,Master,NA,NA,NA,1931,446,燕京大學,Yenching University,Beijing,Beijing,China,39.9042,116.4074
828,N00123,朱士嘉,Zhu Shijia,"Chu, Shih-chia",M,燕京大學,NA,NA,NA,NA,NA,1928,446,燕京大學,Yenching University,Beijing,Beijing,China,39.9042,116.4074
829,N00124,朱元,Zhu Yuan,"Chu, Yuan",M,Harvard University,NA,NA,NA,NA,Economics,1943,446,NA,Harvard University,Cambridge,Massachusetts,United States,42.3759,-71.1185
830,N00124,朱元,Zhu Yuan,"Chu, Yuan",M,清華大學,NA,NA,NA,NA,NA,1936,446,清華大學,Tsinghua University,Beijing,Beijing,China,39.9042,116.4074
831,N00125,朱玉村,Zhu Yucun,"Gee, Yoke-chan",M,Ilegible,NA,B.A.,Bachelor of Arts,Bachelor,NA,1929,447,NA,NA,NA,NA,NA,NA,NA
832,N00125,朱玉村,Zhu Yucun,"Gee, Yoke-chan",M,New York University,NA,M.S.,Master of Science,Master,Chemistry,1938,447,NA,New York University,New York City,New York,United States,40.6943,-73.9249
833,N00126,朱木詳,Zhu Muxiang,"Chu, Mu-hsiang",M,Harvard University,NA,M.A.,Master of Arts,Master,English,1941,447,NA,Harvard University,Cambridge,Massachusetts,United States,42.3759,-71.1185
834,N00126,朱木詳,Zhu Muxiang,"Chu, Mu-hsiang",M,Harvard University,NA,NA,NA,NA,English,1943,447,NA,Harvard University,Cambridge,Massachusetts,United States,42.3759,-71.1185
835,N00126,朱木詳,Zhu Muxiang,"Chu, Mu-hsiang",M,燕京大學,NA,NA,NA,NA,NA,1932,447,燕京大學,Yenching University,Beijing,Beijing,China,39.9042,116.4074
836,N00127,朱永昌,Zhu Yongchang,"Chu, Yong-chang",M,Harvard University,NA,NA,NA,NA,Public Administration,1943,447,NA,Harvard University,Cambridge,Massachusetts,United States,42.3759,-71.1185
837,N00127,朱永昌,Zhu Yongchang,"Chu, Yong-chang",M,Syracuse University,NA,M.S.,Master of Science,Master,Public Administration,1942,447,NA,Syracuse University,Syracuse,New York,United States,43.0407,-76.1437
838,N00127,朱永昌,Zhu Yongchang,"Chu, Yong-chang",M,金陵大學,NA,NA,NA,NA,NA,1933,447,金陵大學,Jinling University,Nanjing,Jiangsu,China,32.0603,118.7969
839,N00128,朱永琛,Zhu Yongchen,"Chu, Yong-chen",M,University of California,NA,NA,NA,NA,Political Science,1943,447,NA,University of California,Berkeley,California,United States,37.8722,-122.276
840,N00128,朱永琛,Zhu Yongchen,"Chu, Yong-chen",M,金陵大學,NA,NA,NA,NA,NA,1939,447,金陵大學,Jinling University,Nanjing,Jiangsu,China,32.0603,118.7969
841,N00129,朱永源,Zhu Yongyuan,"Tse, David Yung-yuen",M,University of Washington,NA,NA,NA,NA,Forestry,1943,447,NA,University of Washington,Seattle,Oregon,United States,47.6211,-122.3244
842,N00129,朱永源,Zhu Yongyuan,"Tse, David Yung-yuen",M,滬江大學,NA,NA,NA,NA,NA,1939,447,滬江大學,Shanghai University,Shanghai,Shanghai,China,31.2304,121.4737
843,N00130,朱汝瑾,Zhu Rujin,"Chu, Ju-chin",M,Massachusetts Institute of Technology,NA,NA,NA,NA,Chemical Engineering,1943,447,NA,Massachusetts Institute of Technology,Cambridge,Massachusetts,United States,42.3759,-71.1185
844,N00130,朱汝瑾,Zhu Rujin,"Chu, Ju-chin",M,清華大學,NA,NA,NA,NA,NA,1940,447,清華大學,Tsinghua University,Beijing,Beijing,China,39.9042,116.4074
845,N00131,朱向榮,Zhu Xiangrong,"Chu, Hsiang-young",M,Harvard University,NA,M.A.,Master of Arts,Master,Public Administration,1942,447,NA,Harvard University,Cambridge,Massachusetts,United States,42.3759,-71.1185
846,N00131,朱向榮,Zhu Xiangrong,"Chu, Hsiang-young",M,東南大學,NA,NA,NA,NA,NA,NA,447,東南大學,Southeast University,Nanjing,Jiangsu,China,32.0603,118.7969
847,N00132,朱誌洛,Zhu Zhiluo,"Chu, Chi-lok",M,École Libre des Sciences Politiques,NA,NA,NA,NA,NA,NA,447,NA,École Libre des Sciences Politiques,Paris,NA,France,48.853,2.3285
848,N00132,朱誌洛,Zhu Zhiluo,"Chu, Chi-lok",M,NationaI University,NA,LL.M.,Master of Laws,Master,Law,1943,447,NA,American National University,Roanoke,Virginia,United States,37.270556,-79.9425
849,N00133,朱誌漢,Zhu Zhihan,"Chu, Chi-han",M,Iowa State College,NA,B.S.,Bachelor of Science,Bachelor,NA,1940,447,NA,Iowa State College,Ames,Iowa,United States,42.0267,-93.6465
850,N00133,朱誌漢,Zhu Zhihan,"Chu, Chi-han",M,University of California,NA,NA,NA,NA,Animal Husbandry,1943,447,NA,University of California,Berkeley,California,United States,37.8722,-122.276
851,N00133,朱誌漢,Zhu Zhihan,"Chu, Chi-han",M,嶺南大學,NA,NA,NA,NA,NA,1937,447,嶺南大學,Lingnan University,Guangzhou,Guangdong,China,23.1291,113.2644
852,N00135,朱弘復,Zhu Hongfu,"Chu, Hung-fu",M,University of Illinois,NA,NA,NA,NA,Entomology,1943,447,NA,University of Illinois,Chicago,Illinois,United States,41.8375,-87.6866
853,N00135,朱弘復,Zhu Hongfu,"Chu, Hung-fu",M,清華大學,NA,NA,NA,NA,NA,1935,447,清華大學,Tsinghua University,Beijing,Beijing,China,39.9042,116.4074
854,N00136,朱宗扶,Zhu Zongfu,"Chee, Chung-foo",M,New York University,NA,M.S.,Master of Science,Master,Aeronautical Engineering,1940,447,NA,New York University,New York City,New York,United States,40.6943,-73.9249
855,N00136,朱宗扶,Zhu Zongfu,"Chee, Chung-foo",M,中山大學,NA,NA,NA,NA,NA,1938,447,中山大學,Zhongshan University,Guangzhou,Guangdong,China,23.1291,113.2644
856,N00137,朱伯琛,Zhu Bochen,"Chu, Buck-sam",M,California Institute of Technology,NA,M.S.,Master of Science,Master,Aeronautical Engineering,1941,447,NA,California Institute of Technology,Pasadena,California,United States,34.1597,-118.139
857,N00137,朱伯琛,Zhu Bochen,"Chu, Buck-sam",M,中山大學,NA,NA,NA,NA,NA,1938,447,中山大學,Zhongshan University,Guangzhou,Guangdong,China,23.1291,113.2644
858,N00138,朱起東,Zhu Qidong,"Tsu, Chi-tung",M,American Conservatory of Music,NA,M.M.,Master of Music,Master,NA,1942,447,NA,American Conservatory of Music,Chicago,Illinois,United States,41.8819,-87.6278
859,N00138,朱起東,Zhu Qidong,"Tsu, Chi-tung",M,Northeastern University,NA,NA,NA,NA,Music,1943,447,NA,Northeastern University,Boston,Massachusetts,United States,42.3188,-71.0852
860,N00138,朱起東,Zhu Qidong,"Tsu, Chi-tung",M,光華大學,NA,NA,NA,NA,NA,1938,447,光華大學,Guanghua University,Shanghai,Shanghai,China,31.2304,121.4737
861,N00140,朱紹文,Zhu Shaowen,"Jee, Shaw-mon",M,University of California,NA,NA,NA,NA,Mechanical Engineering,1943,447,NA,University of California,Berkeley,California,United States,37.8722,-122.276
862,N00141,朱承基,Zhu Chengji,"Tsu, Tsung-chi",M,Massachusetts Institute of Technology,NA,NA,NA,NA,Aeronautical Engineering,1943,447,NA,Massachusetts Institute of Technology,Cambridge,Massachusetts,United States,42.3759,-71.1185
863,N00141,朱承基,Zhu Chengji,"Tsu, Tsung-chi",M,University of Toronto,NA,M.S.,Master of Science,Master,Aeronautical Engineering,1941,447,NA,University of Toronto,Toronto,NA,Canada,43.6629,-79.3957
864,N00141,朱承基,Zhu Chengji,"Tsu, Tsung-chi",M,交通大學,NA,NA,NA,NA,NA,1937,447,交通大學,Jiaotong University,Shanghai,Shanghai,China,31.2304,121.4737
865,N00143,朱春甲,Zhu Chunjia,"Chu, Chun-chia",M,Worcester Polytechnic Institute,NA,B.S.,Bachelor of Science,Bachelor,Electrical Engineering,1942,448,NA,Worcester Polytechnic Institute,Worcester,Massachusetts,United States,42.2705,-71.8079
866,N00143,朱春甲,Zhu Chunjia,"Chu, Chun-chia",M,大同大學,NA,NA,NA,NA,NA,1940,448,大同大學,Datong University,Shanghai,Shanghai,China,31.2304,121.4737
867,N00144,朱衷梁,Zhu Zhongliang,"Chu, C. L.",M,北京大學,NA,NA,NA,NA,Mechanical Engineering,1929,448,北京大學,Beijing University,Beijing,Beijing,China,39.9042,116.4074
868,N00147,朱葆美,Zhu Baomei,"Chu, Philip Mei",M,Oberlin College,NA,NA,NA,NA,NA,1939,448,NA,Oberlin College,Oberlin,Ohio,United States,41.286,-82.2198
869,N00147,朱葆美,Zhu Baomei,"Chu, Philip Mei",M,University of Michigan,NA,NA,NA,NA,Architecture,1942,448,NA,University of Michigan,Ann Arbor,Michigan,United States,42.2759,-83.731
870,N00148,朱葆貞,Zhu Baozhen,"Chu, Bao-jen",M,Oberlin College,NA,B.A.,Bachelor of Arts,Bachelor,Political Science,1938,448,NA,Oberlin College,Oberlin,Ohio,United States,41.286,-82.2198
871,N00148,朱葆貞,Zhu Baozhen,"Chu, Bao-jen",M,University of California,NA,M.A.,Master of Arts,Master,Political Science,1941,448,NA,University of California,Berkeley,California,United States,37.8722,-122.276
872,N00148,朱葆貞,Zhu Baozhen,"Chu, Bao-jen",M,滬江大學,NA,NA,NA,NA,NA,1937,448,滬江大學,Shanghai University,Shanghai,Shanghai,China,31.2304,121.4737
873,N00149,朱國洪,Zhu Guohong,"Chu, Kuo-hong",M,中央大學,NA,NA,NA,NA,NA,1935,448,中央大學,Central University,Nanjing,Jiangsu,China,32.0603,118.7969
874,N00149,朱國洪,Zhu Guohong,"Chu, Kuo-hong",M,中央大學,航空工程研究所,NA,NA,NA,NA,1937,448,中央大學,Central University,Nanjing,Jiangsu,China,32.0603,118.7969
875,N00151,朱融,Zhu Rong,"Gee, Allen",M,University of California,NA,NA,NA,NA,Metallurgy,1943,448,NA,University of California,Berkeley,California,United States,37.8722,-122.276
876,N00152,朱錦盤,Zhu Jinpan,"Gee, Kimpoon",M,Missouri School of Mines & Metals,NA,B.S.,Bachelor of Science,Bachelor,Metallurgy,1940,448,NA,Missouri School of Mines & Metals,Rolla,Missouri,United States,37.9559,-91.7758
877,N00153,朱敬一,Zhu Jingyi,"Chu, Chin-in",M,Drew University,NA,NA,NA,NA,Sociology,1943,448,NA,Drew University,Madison,New Jersey,United States,40.7586,-74.4169
878,N00153,朱敬一,Zhu Jingyi,"Chu, Chin-in",M,Virginia Polytechnic Institute,NA,M.S.,Master of Science,Master,Sociology,1942,448,NA,Virginia Polytechnic Institute,Blacksburg,Virginia,United States,37.2284,-80.4234
879,N00153,朱敬一,Zhu Jingyi,"Chu, Chin-in",M,之江大學,NA,NA,NA,NA,NA,1926,448,之江大學,Zhijiang University,Hangzhou,Zhejiang,China,30.2741,120.1551
880,N00154,朱建霞,Zhu Jianxia,"Chu, C. H.",M,浙江大學,NA,NA,NA,NA,Mechanical Engineering,NA,448,浙江大學,Zhejiang University,Hangzhou,Zhejiang,China,30.2741,120.1551
881,N00155,朱健,Zhu Jian,"Chu, Chien",M,Purdue University,NA,B.S.,Bachelor of Science,Bachelor,Chemical Engineering,1940,448,NA,Purdue University,West Lafayette,Indiana,United States,40.4432,-86.9238
882,N00155,朱健,Zhu Jian,"Chu, Chien",M,University of Minnesota,NA,M.S.,Master of Science,Master,Chemical Engineering,1941,448,NA,University of Minnesota,Minneapolis,Minnesota,United States,44.9635,-93.2678
883,N00155,朱健,Zhu Jian,"Chu, Chien",M,University of Minnesota,NA,NA,NA,NA,Chemical Engineering,1943,448,NA,University of Minnesota,Minneapolis,Minnesota,United States,44.9635,-93.2678
884,N00156,朱寶,Zhu Bao,"Chu, Pao",M,University of Illinois,NA,NA,NA,NA,Entomology,1943,448,NA,University of Illinois,Chicago,Illinois,United States,41.8375,-87.6866
885,N00156,朱寶,Zhu Bao,"Chu, Pao",M,清華大學,NA,NA,NA,NA,NA,1935,448,清華大學,Tsinghua University,Beijing,Beijing,China,39.9042,116.4074
886,N00157,朱寶復,Zhu Baofu,"Chu, Pao-fu",M,State University of Iowa,NA,M.S.,Master of Science,Master,Civil Engineering,1942,448,NA,State University of Iowa,Iowa City,Iowa,United States,41.6627,-91.5549
887,N00157,朱寶復,Zhu Baofu,"Chu, Pao-fu",M,清華大學,NA,NA,NA,NA,NA,1937,448,清華大學,Tsinghua University,Beijing,Beijing,China,39.9042,116.4074
888,N00159,朱鴻題,Zhu Hongti,"Chu, Hung-ti",M,University of Illinois,NA,Ph.D.,Doctor of Philosophy,Doctor,Political Science,1937,448,NA,University of Illinois,Chicago,Illinois,United States,41.8375,-87.6866
889,N00159,朱鴻題,Zhu Hongti,"Chu, Hung-ti",M,University of Missouri,NA,M.A.,Master of Arts,Master,NA,1933,448,NA,University of Missouri,Columbia,South Carolina,United States,34.0378,-80.9036
890,N00159,朱鴻題,Zhu Hongti,"Chu, Hung-ti",M,University of Wisconsin,NA,B.A.,Bachelor of Arts,Bachelor,NA,1932,448,NA,University of Wisconsin,Madison,Wisconsin,United States,43.0822,-89.393
891,N00159,朱鴻題,Zhu Hongti,"Chu, Hung-ti",M,清華大學,NA,NA,NA,NA,NA,1930,448,清華大學,Tsinghua University,Beijing,Beijing,China,39.9042,116.4074
892,N00161,朱蘭成,Zhu Lancheng,"Chu, Lan-jen",M,Massachusetts Institute of Technology,NA,M.S.,Master of Science,Master,Electrical Engineering,1938,449,NA,Massachusetts Institute of Technology,Cambridge,Massachusetts,United States,42.3759,-71.1185
893,N00161,朱蘭成,Zhu Lancheng,"Chu, Lan-jen",M,交通大學,NA,NA,NA,NA,NA,1934,449,交通大學,Jiaotong University,Shanghai,Shanghai,China,31.2304,121.4737
894,N00162,朱濟民,Zhu Jimin,"Yee, Dickman",M,Purdue University,NA,NA,NA,NA,Aeronautical Engineering,1943,449,NA,Purdue University,West Lafayette,Indiana,United States,40.4432,-86.9238
895,N00163,朱傳渠,Zhu Chuanqu,"Chu, Chuan",M,University of Minnesota,NA,NA,NA,NA,NA,1942,449,NA,University of Minnesota,Minneapolis,Minnesota,United States,44.9635,-93.2678
896,N00163,朱傳渠,Zhu Chuanqu,"Chu, Chuan",M,University of Pennsylvania,NA,NA,NA,NA,Electrical Engineering,1943,449,NA,University of Pennsylvania,Philadelphia,Pennsylvania,United States,40.0077,-75.1339
897,N00163,朱傳渠,Zhu Chuanqu,"Chu, Chuan",M,滬江大學,NA,NA,NA,NA,NA,NA,449,滬江大學,Shanghai University,Shanghai,Shanghai,China,31.2304,121.4737
898,N00165,伊肇毅,Yi Zhaoyi,"Yi, Chao-yih",M,中央陸軍軍官學校,NA,NA,NA,NA,NA,NA,449,中央陸軍軍官學校,Central Army Military Academy,Nanjing,Jiangsu,China,32.0603,118.7969
899,N00166,安朝俊,An Zhaojun,"An, Choo-tsun",M,北洋大學,NA,NA,NA,NA,Metallurgy,1936,449,北洋大學,Beiyang University,Tianjin,Tianjin,China,39.3434,117.3616
900,N00167,全陸伯,Quan Lubo,"Chuan, Lu-po",M,Pomona College,NA,NA,NA,NA,Physiology,1943,449,NA,Pomona College,Claremont,California,United States,34.1259,-117.7153
901,N00168,全陸琪,Quan Luqi,"Chuan, Victor",M,Columbia University,NA,NA,NA,NA,Law,1943,449,NA,Columbia University,New York City,New York,United States,40.6943,-73.9249
902,N00168,全陸琪,Quan Luqi,"Chuan, Victor",M,燕京大學,NA,NA,NA,NA,NA,NA,449,燕京大學,Yenching University,Beijing,Beijing,China,39.9042,116.4074
903,N00171,任華,Ren Hua,"Jen, Hua",M,Harvard University,NA,NA,NA,NA,Philosophy,1943,449,NA,Harvard University,Cambridge,Massachusetts,United States,42.3759,-71.1185
904,N00171,任華,Ren Hua,"Jen, Hua",M,清華大學,NA,Master,NA,NA,NA,1937,449,清華大學,Tsinghua University,Beijing,Beijing,China,39.9042,116.4074
905,N00172,伍永祿,Wu Yonglu,"Wing, Kenneth C.",M,New York University,NA,B.S.,Bachelor of Science,Bachelor,Chemical Engineering,1939,449,NA,New York University,New York City,New York,United States,40.6943,-73.9249
906,N00172,伍永祿,Wu Yonglu,"Wing, Kenneth C.",M,New York University,NA,NA,NA,NA,NA,1940,449,NA,New York University,New York City,New York,United States,40.6943,-73.9249
907,N00174,伍安國,Wu Anguo,"Wu, Stanley James",M,North Dakota State College,NA,B.S.,Bachelor of Science,Bachelor,NA,1940,450,NA,North Dakota State College,Fargo,North Dakota,United States,46.8959,-96.8008
908,N00174,伍安國,Wu Anguo,"Wu, Stanley James",M,University of California,NA,NA,NA,NA,Bacteriology,1942,450,NA,University of California,Berkeley,California,United States,37.8722,-122.276
909,N00174,伍安國,Wu Anguo,"Wu, Stanley James",M,University of Minnesota,NA,NA,NA,NA,NA,1941,450,NA,University of Minnesota,Minneapolis,Minnesota,United States,44.9635,-93.2678
910,N00175,伍啟華,Wu Qihua,"Eng, Kai Wah",M,University of Washington,NA,NA,NA,NA,Civil Engineering,NA,450,NA,University of Washington,Seattle,Oregon,United States,47.6211,-122.3244
911,N00176,伍炳琨,Wu Bingkun,"Wu, Bing-kwan",M,Stevens Institute of Technology,NA,B.S.,Bachelor of Science,Bachelor,Mechanical Engineering,1942,450,NA,Stevens Institute of Technology,Hoboken,New Jersey,United States,40.7452,-74.0281
912,N00178,伍連參,Wu Liancan,"Ng, Thomas",M,Rensselaer Polytechnic Institute,NA,B.S.,Bachelor of Science,Bachelor,Chemical Engineering,1942,450,NA,Rensselaer Polytechnic Institute,Troy,New York,United States,42.7354,-73.6751
913,N00180,伍重光,Wu Zhongguang,"Wu, Raymond C. K.",M,Columbia University,NA,NA,NA,NA,Political Science,1941,450,NA,Columbia University,New York City,New York,United States,40.6943,-73.9249
914,N00180,伍重光,Wu Zhongguang,"Wu, Raymond C. K.",M,日本大學,NA,NA,NA,NA,NA,1937,450,日本大學,Nihon University,Tokyo,Tokyo,Japan,35.6762,139.6503
915,N00181,伍挺元,Wu Tingyuan,"Ng, Ting-yuen",M,Columbia University,NA,NA,NA,NA,Political Science,1943,450,NA,Columbia University,New York City,New York,United States,40.6943,-73.9249
916,N00181,伍挺元,Wu Tingyuan,"Ng, Ting-yuen",M,Stanford University,NA,M.A.,Master of Arts,Master,Political Science,1942,450,NA,Stanford University,Stanford,California,United States,37.4252,-122.1674
917,N00181,伍挺元,Wu Tingyuan,"Ng, Ting-yuen",M,嶺南大學,NA,NA,NA,NA,NA,1939,450,嶺南大學,Lingnan University,Guangzhou,Guangdong,China,23.1291,113.2644
918,N00182,伍國棟,Wu Guodong,"Eng, Edward",M,University of Wisconsin,NA,NA,NA,NA,Engineering,1943,450,NA,University of Wisconsin,Madison,Wisconsin,United States,43.0822,-89.393
919,N00183,伍慶培,Wu Qingpei,"Wu, Ching-pei",M,Harvard University,NA,B.A.,Bachelor of Arts,Bachelor,NA,1943,450,NA,Harvard University,Cambridge,Massachusetts,United States,42.3759,-71.1185
920,N00183,伍慶培,Wu Qingpei,"Wu, Ching-pei",M,University of Chicago,NA,NA,NA,NA,Economics,1943,450,NA,University of Chicago,Chicago,Illinois,United States,41.8375,-87.6866
921,N00183,伍慶培,Wu Qingpei,"Wu, Ching-pei",M,University of Hong Kong,NA,NA,NA,NA,NA,1941,450,NA,University of Hong Kong,Hong Kong,NA,Hong Kong,22.283,114.1371
922,N00184,伍憲,Wu Xian,"Wu, Hin",M,City College of New York,NA,B.S.,Bachelor of Science,Bachelor,Civil Engineering,1942,450,NA,City College of New York,New York,New York,United States,40.82,-73.9493
923,N00185,伍競仁,Wu Jingren,"Wu, King-yan",M,Massachusetts Institute of Technology,NA,NA,NA,NA,Aeronautical Engineering,1943,450,NA,Massachusetts Institute of Technology,Cambridge,Massachusetts,United States,42.3759,-71.1185
924,N00185,伍競仁,Wu Jingren,"Wu, King-yan",M,University of Hong Kong,NA,NA,NA,NA,NA,1940,450,NA,University of Hong Kong,Hong Kong,NA,Hong Kong,22.283,114.1371
925,N00186,伍毓瑞,Wu Yurui,"Wu, Albert",M,Columbia University,NA,B.S.,Bachelor of Science,Bachelor,Chemistry,1940,450,NA,Columbia University,New York City,New York,United States,40.6943,-73.9249
926,N00186,伍毓瑞,Wu Yurui,"Wu, Albert",M,Columbia University,NA,NA,NA,NA,Chemistry,1943,450,NA,Columbia University,New York City,New York,United States,40.6943,-73.9249
927,N00187,伍耀波,Wu Yaobo,"Eng, Philip",M,Montana School of Mines,NA,NA,NA,NA,NA,NA,450,NA,Montana School of Mines,Butte,Montana,United States,46.0127,-112.557
928,N00187,伍耀波,Wu Yaobo,"Eng, Philip",M,University of Washington,NA,NA,NA,NA,Mining Engineering,1942,450,NA,University of Washington,Seattle,Oregon,United States,47.6211,-122.3244
929,N00189,江文波,Jiang Wenbo,"Xang, Bun-po",M,Johns Hopkins University,NA,NA,NA,NA,Electrical Engineering,1943,450,NA,Johns Hopkins University,Baltimore,Maryland,United States,39.3051,-76.6144
930,N00189,江文波,Jiang Wenbo,"Xang, Bun-po",M,University of Maryland,NA,B.S.,Bachelor of Science,Bachelor,Electrical Engineering,1934,450,NA,University of Maryland,College Park,Maryland,United States,38.996,-76.9337
931,N00192,江安才,Jiang Ancai,"Kiang, An-tsai",M,University of Michigan,NA,M.S.,Master of Science,Master,Physiology,1943,451,NA,University of Michigan,Ann Arbor,Michigan,United States,42.2759,-83.731
932,N00192,江安才,Jiang Ancai,"Kiang, An-tsai",M,北京大學,NA,NA,NA,NA,NA,1933,451,北京大學,Beijing University,Beijing,Beijing,China,39.9042,116.4074
933,N00193,江杓,Jiang Biao,"Kiang, Piao",M,德國££工£大學,NA,NA,NA,NA,Engineering,NA,451,柏林工業大學,Technical University Berlin,Berlin,NA,Germany,52.5186,13.3933
934,N00194,江易生,Jiang Yisheng,"Kiang, Yi-seng",M,東南大學,NA,NA,NA,NA,NA,NA,451,東南大學,Southeast University,Nanjing,Jiangsu,China,32.0603,118.7969
935,N00195,江厚棩,Jiang Houyuan,"Kiang, Hou-yuan",M,浙江大學,NA,XX,NA,NA,NA,1937,451,浙江大學,Zhejiang University,Hangzhou,Zhejiang,China,30.2741,120.1551
936,N00196,江鶴起,Jiang Heqi,"Chiang, Robert H.",M,New York University,NA,NA,NA,NA,Banking & Finance,1943,451,NA,New York University,New York City,New York,United States,40.6943,-73.9249
937,N00196,江鶴起,Jiang Heqi,"Chiang, Robert H.",M,燕京大學,NA,NA,NA,NA,NA,1933,451,燕京大學,Yenching University,Beijing,Beijing,China,39.9042,116.4074
938,N00197,貝聿昆,Bei Yukun,"Pei, Y. K.",M,Colorado School of Mines,NA,NA,NA,NA,NA,1942,451,NA,Colorado School of Mines,Golden,Colorado,United States,39.7406,-105.2118
939,N00197,貝聿昆,Bei Yukun,"Pei, Y. K.",M,Massachusetts Institute of Technology,NA,NA,NA,NA,Metallurgy,1943,451,NA,Massachusetts Institute of Technology,Cambridge,Massachusetts,United States,42.3759,-71.1185
940,N00197,貝聿昆,Bei Yukun,"Pei, Y. K.",M,聖約翰大學,NA,NA,NA,NA,NA,1941,451,聖約翰大學,St. John's University,Shanghai,Jiangsu,China,31.2304,121.4737
941,N00198,貝聿銘,Bei Yuming,"Pei, I. M.",M,Massachusetts Institute of Technology,NA,B.A.,Bachelor of Arts,Bachelor,Architecture,1940,451,NA,Massachusetts Institute of Technology,Cambridge,Massachusetts,United States,42.3759,-71.1185
942,N00199,何元海,He Yuanhai,"Ho, Yuan-hai",M,University of Pennsylvania,NA,M.S.,Master of Science,Master,Medicine,1938,451,NA,University of Pennsylvania,Philadelphia,Pennsylvania,United States,40.0077,-75.1339
943,N00199,何元海,He Yuanhai,"Ho, Yuan-hai",M,聖約翰大學,NA,NA,NA,NA,NA,1929,451,聖約翰大學,St. John's University,Shanghai,Jiangsu,China,31.2304,121.4737
944,N00200,何宏,He Hong,"Honwang, Thomas",M,University of California,NA,NA,NA,NA,Chemistry,1943,451,NA,University of California,Berkeley,California,United States,37.8722,-122.276
945,N00202,何昌慶,He Changqing,"Ho, Chang-ching",M,University of Southern California,NA,D.D.S.,Doctor of Dental Surgery,Doctor,Dentistry,1943,451,NA,University of Southern California,Los Angeles,California,United States,34.1141,-118.4068
946,N00202,何昌慶,He Changqing,"Ho, Chang-ching",M,金陵大學,NA,NA,NA,NA,NA,1936,451,金陵大學,Jinling University,Nanjing,Jiangsu,China,32.0603,118.7969
947,N00204,何秉銓,He Bingquan,"Ho, P. T.",M,Field Artillery School,NA,NA,NA,NA,NA,1942,451,NA,Field Artillery School,Fort Sill,Oklahoma,United States,34.65,-98.4
948,N00204,何秉銓,He Bingquan,"Ho, P. T.",M,Royal Military College,NA,NA,NA,NA,NA,1940,451,NA,Royal Military College,Kingston,NA,Canada,44.233,-76.469
949,N00204,何秉銓,He Bingquan,"Ho, P. T.",M,中央陸軍軍官學校,NA,NA,NA,NA,NA,1938,451,中央陸軍軍官學校,Central Army Military Academy,Nanjing,Jiangsu,China,32.0603,118.7969
950,N00205,何紹瓊,He Shaoqiong,"Hoh, Shiu-king",M,Pomona College,NA,B.A.,Bachelor of Arts,Bachelor,NA,1940,451,NA,Pomona College,Claremont,California,United States,34.1259,-117.7153
951,N00205,何紹瓊,He Shaoqiong,"Hoh, Shiu-king",M,University of Denver,NA,NA,NA,NA,Economics,1943,451,NA,University of Denver,Denver,Colorado,United States,39.762,-104.8758
952,N00205,何紹瓊,He Shaoqiong,"Hoh, Shiu-king",M,嶺南大學,NA,NA,NA,NA,NA,1926,451,嶺南大學,Lingnan University,Guangzhou,Guangdong,China,23.1291,113.2644
953,N00206,何國樑,He Guoliang,"Ho, Alfred Kuo-liang",M,Princeton University,NA,NA,NA,NA,Political Science,1943,451,NA,Princeton University,Princeton,New Jersey,United States,40.3562,-74.6693
954,N00206,何國樑,He Guoliang,"Ho, Alfred Kuo-liang",M,University of Washington,NA,NA,NA,NA,NA,1942,451,NA,University of Washington,Seattle,Oregon,United States,47.6211,-122.3244
955,N00206,何國樑,He Guoliang,"Ho, Alfred Kuo-liang",M,燕京大學,NA,NA,NA,NA,NA,1941,451,燕京大學,Yenching University,Beijing,Beijing,China,39.9042,116.4074
956,N00208,何樑昌,He Liangchang,"Ho, Liang-chang",M,Massachusetts Institute of Technology,NA,B.S.,Bachelor of Science,Bachelor,Electrical Engineering,1942,452,NA,Massachusetts Institute of Technology,Cambridge,Massachusetts,United States,42.3759,-71.1185
957,N00208,何樑昌,He Liangchang,"Ho, Liang-chang",M,Massachusetts Institute of Technology,NA,NA,NA,NA,Electrical Engineering,1943,452,NA,Massachusetts Institute of Technology,Cambridge,Massachusetts,United States,42.3759,-71.1185
958,N00208,何樑昌,He Liangchang,"Ho, Liang-chang",M,聖約翰大學,NA,NA,NA,NA,NA,1939,452,聖約翰大學,St. John's University,Shanghai,Jiangsu,China,31.2304,121.4737
959,N00209,何惠棠,He Huitang,"Woo, Way-dong",M,Harvard University,NA,M.S.,Master of Science,Master,Electrical Engineering,1939,452,NA,Harvard University,Cambridge,Massachusetts,United States,42.3759,-71.1185
960,N00209,何惠棠,He Huitang,"Woo, Way-dong",M,交通大學,NA,NA,NA,NA,NA,1938,452,交通大學,Jiaotong University,Shanghai,Shanghai,China,31.2304,121.4737
961,N00210,何樹成,He Shucheng,"Ho, Su-chen",M,Columbia University,NA,NA,NA,NA,NA,1934,452,NA,Columbia University,New York City,New York,United States,40.6943,-73.9249
962,N00210,何樹成,He Shucheng,"Ho, Su-chen",M,Northwestern University,NA,B.A.,Bachelor of Arts,Bachelor,NA,1927,452,NA,Northwestern University,Evanston,Illinois,United States,42.0464,-87.6943
963,N00211,李大為,Li Dawei,"Li, David",M,中央陸軍軍官學校,NA,NA,NA,NA,NA,NA,452,中央陸軍軍官學校,Central Army Military Academy,Nanjing,Jiangsu,China,32.0603,118.7969
964,N00211,李大為,Li Dawei,"Li, David",M,南開大學,NA,NA,NA,NA,NA,NA,452,南開大學,Nankai University,Tianjin,Tianjin,China,39.3434,117.3616
965,N00212,李士琦,Li Shiqi,"Lee, Carl S. C.",M,Asbury College,NA,NA,NA,NA,NA,1941,452,NA,Asbury College,Wilmore,Kentucky,United States,37.862,-84.661
966,N00212,李士琦,Li Shiqi,"Lee, Carl S. C.",M,State University of Iowa,NA,NA,NA,NA,Psychology,1943,452,NA,State University of Iowa,Iowa City,Iowa,United States,41.6627,-91.5549
967,N00213,李士新,Li Shixin,"Lee, Cecil Susie",M,Cornell University,NA,NA,NA,NA,Entomology,1943,452,NA,Cornell University,Ithaca,New York,United States,42.4442,-76.5032
968,N00213,李士新,Li Shixin,"Lee, Cecil Susie",M,Madison College,NA,B.S.,Bachelor of Science,Bachelor,NA,1940,452,NA,Madison College,Madison,Wisconsin,United States,43.0731,-89.4012
969,N00213,李士新,Li Shixin,"Lee, Cecil Susie",M,Michigan State College,NA,M.S.,Master of Science,Master,NA,1941,452,NA,Michigan State College,East Lansing,Michigan,United States,42.748,-84.4836
970,N00214,李元潤,Li Yuanrun,"Lee, Yuen-nong",M,Massachusetts Institute of Technology,NA,M.S.,Master of Science,Master,Chemical Engineering,NA,452,NA,Massachusetts Institute of Technology,Cambridge,Massachusetts,United States,42.3759,-71.1185
971,N00214,李元潤,Li Yuanrun,"Lee, Yuen-nong",M,University of Rochester,NA,B.S.,Bachelor of Science,Bachelor,Chemical Engineering,1937,452,NA,University of Rochester,Rochester,New York,United States,43.168,-77.6162
972,N00216,李文勝,Li Wensheng,"Lee, Robert",M,University of California,NA,NA,NA,NA,Civil Engineering,1943,452,NA,University of California,Berkeley,California,United States,37.8722,-122.276
973,N00217,李日臻,Li Rizhen,"Lee, Y. C.",M,Tri-State College,NA,B.S.,Bachelor of Science,Bachelor,Mechanical Engineering,1943,452,NA,Tri-State College,Angola,Indiana,United States,41.6433,-85.005
974,N00217,李日臻,Li Rizhen,"Lee, Y. C.",M,暨南大學,NA,NA,NA,NA,NA,1940,452,暨南大學,Jinan University,Shanghai,Shanghai,China,31.2304,121.4737
975,N00219,李正譜,Li Zhengpu,"Lee, Otis S. Jr",M,State University of Iowa,NA,M.S.,Master of Science,Master,NA,1942,452,NA,State University of Iowa,Iowa City,Iowa,United States,41.6627,-91.5549
976,N00219,李正譜,Li Zhengpu,"Lee, Otis S. Jr",M,聖約翰大學,NA,NA,NA,NA,NA,1938,452,聖約翰大學,St. John's University,Shanghai,Jiangsu,China,31.2304,121.4737
977,N00221,李兆林,Li Zhaolin,"Lee, Shiu-lam",M,George Washington University,NA,NA,NA,NA,Mechanical Engineering,1943,452,NA,George Washington University,Washington,District of Columbia,United States,38.9047,-77.0163
978,N00221,李兆林,Li Zhaolin,"Lee, Shiu-lam",M,Mercer University,NA,NA,NA,NA,Chemistry,1942,452,NA,Mercer University,Macon,Georgia,United States,32.8065,-83.6974
979,N00222,李兆強,Li Zhaojiang,"Lee, Shiu-kaung",M,Hartford Seminary Foundation,NA,NA,NA,NA,History,1942,452,NA,Hartford Seminary Foundation,Hartford,Connecticut,United States,41.7687,-72.6851
980,N00222,李兆強,Li Zhaojiang,"Lee, Shiu-kaung",M,Haverford College,NA,M.A.,Master of Arts,Master,NA,1941,452,NA,Haverford College,Haverford,Pennsylvania,United States,40.01317,-75.29435
981,N00222,李兆強,Li Zhaojiang,"Lee, Shiu-kaung",M,嶺南大學,NA,NA,NA,NA,NA,1932,452,嶺南大學,Lingnan University,Guangzhou,Guangdong,China,23.1291,113.2644
982,N00223,李兆漢,Li Zhaohan,"Lee, George",M,University of California,NA,NA,NA,NA,Mechanical Engineering,1943,452,NA,University of California,Berkeley,California,United States,37.8722,-122.276
983,N00224,李丙堈,Li Binggang,"Lee, Ping-kang",M,中央陸軍軍官學校,NA,NA,NA,NA,NA,NA,453,中央陸軍軍官學校,Central Army Military Academy,Nanjing,Jiangsu,China,32.0603,118.7969
984,N00225,李丕光,Li Piguang,"Li, Pei-kuang",M,Duke University,NA,NA,NA,NA,NA,1939,453,NA,Duke University,Durham,North Carolina,United States,35.9792,-78.9022
985,N00225,李丕光,Li Piguang,"Li, Pei-kuang",M,University of Chicago,NA,NA,NA,NA,Biochemistry,1942,453,NA,University of Chicago,Chicago,Illinois,United States,41.8375,-87.6866
986,N00225,李丕光,Li Piguang,"Li, Pei-kuang",M,齊魯大學,NA,NA,NA,NA,NA,1933,453,齊魯大學,Qilu University,Jinan,Shandong,China,36.6512,117.1201
987,N00226,李吉宏,Li Jihong,"Lee, Get-fang",M,New York University,NA,M.A.,Master of Arts,Master,Political Science,1942,453,NA,New York University,New York City,New York,United States,40.6943,-73.9249
988,N00226,李吉宏,Li Jihong,"Lee, Get-fang",M,中山大學,NA,NA,NA,NA,NA,1937,453,中山大學,Zhongshan University,Guangzhou,Guangdong,China,23.1291,113.2644
989,N00227,李安敦,Li Andun,"Lee, Anthony P.",M,Columbia University,NA,M.A.,Master of Arts,Master,Accounting,1943,453,NA,Columbia University,New York City,New York,United States,40.6943,-73.9249
990,N00227,李安敦,Li Andun,"Lee, Anthony P.",M,LaSalle College,NA,B.S.C.,Bachelor of Science,Bachelor,NA,1940,453,NA,LaSalle College,Philadelphia,Pennsylvania,United States,40.0394,-75.1534
991,N00228,李如桐,Li Rutong,"Lee, Ju-tung",M,Columbia University,NA,M.S.,Master of Science,Master,Journalism,1943,453,NA,Columbia University,New York City,New York,United States,40.6943,-73.9249
992,N00228,李如桐,Li Rutong,"Lee, Ju-tung",M,University of Missouri,NA,NA,NA,NA,NA,1942,453,NA,University of Missouri,Columbia,South Carolina,United States,34.0378,-80.9036
993,N00228,李如桐,Li Rutong,"Lee, Ju-tung",M,北京大學,NA,B.J.,Bachelor of Journalism,Bachelor,Journalism,1936,453,北京大學,Beijing University,Beijing,Beijing,China,39.9042,116.4074
994,N00230,李美榮,Li Meirong,"Lee, Gilbert W.",M,University of Illinois,NA,NA,NA,NA,Business,1943,453,NA,University of Illinois,Chicago,Illinois,United States,41.8375,-87.6866
995,N00232,李嶽鴻,Li Yuehong,"Lee, Lester H.",M,Massachusetts Institute of Technology,NA,M.S.,Master of Science,Master,Civil Engineering,1943,453,NA,Massachusetts Institute of Technology,Cambridge,Massachusetts,United States,42.3759,-71.1185
996,N00232,李嶽鴻,Li Yuehong,"Lee, Lester H.",M,University of California,NA,B.S.,Bachelor of Science,Bachelor,Civil Engineering,1941,453,NA,University of California,Berkeley,California,United States,37.8722,-122.276
997,N00233,李沃維,Li Wowei,"Li, Wo-wei",M,New York University,NA,NA,NA,NA,Political Science,1943,453,NA,New York University,New York City,New York,United States,40.6943,-73.9249
998,N00233,李沃維,Li Wowei,"Li, Wo-wei",M,光華大學,NA,NA,NA,NA,NA,1934,453,光華大學,Guanghua University,Shanghai,Shanghai,China,31.2304,121.4737
999,N00234,李芬,Li Fen,"Li, Fon",M,Georgia School of Technology,NA,NA,NA,NA,Civil Engineering,1936,453,NA,Georgia School of Technology,Atlanta,Georgia,United States,33.7756,-84.3963
1000,N00235,李保謙,Li Baoqian,"Li, P. C",M,Alfred University,NA,NA,NA,NA,Political Science,1944,453,NA,Alfred University,Alfred,New York,United States,42.25424,-77.79055
1001,N00235,李保謙,Li Baoqian,"Li, P. C",M,北京大學,NA,NA,NA,NA,NA,NA,453,北京大學,Beijing University,Beijing,Beijing,China,39.9042,116.4074
1002,N00236,李辛之,Li Xinzhi,"Lee, H. C.",M,Columbia University,NA,NA,NA,NA,Education,1940,453,NA,Columbia University,New York City,New York,United States,40.6943,-73.9249
1003,N00236,李辛之,Li Xinzhi,"Lee, H. C.",M,北京大學,NA,NA,NA,NA,NA,1930,453,北京大學,Beijing University,Beijing,Beijing,China,39.9042,116.4074
1004,N00237,李成義,Li Chengyi,"Lee, Seng-ghee",M,University of Pennsylvania,NA,NA,NA,NA,Industrial Management,1943,453,NA,University of Pennsylvania,Philadelphia,Pennsylvania,United States,40.0077,-75.1339
1005,N00238,李誌方,Li Zhifang,"Lee, Chifan K.",M,Massachusetts Institute of Technology,NA,B.S.,Bachelor of Science,Bachelor,Chemical Engineering,1942,453,NA,Massachusetts Institute of Technology,Cambridge,Massachusetts,United States,42.3759,-71.1185
1006,N00238,李誌方,Li Zhifang,"Lee, Chifan K.",M,交通大學,NA,NA,NA,NA,NA,1937,453,交通大學,Jiaotong University,Shanghai,Shanghai,China,31.2304,121.4737
1007,N00240,李夙炯,Li Sujiong,"Lee, Frank S.",M,University of California,NA,NA,NA,NA,Electrical Engineering,1943,453,NA,University of California,Berkeley,California,United States,37.8722,-122.276
1008,N00240,李夙炯,Li Sujiong,"Lee, Frank S.",M,東南大學,NA,NA,NA,NA,NA,1941,453,東南大學,Southeast University,Nanjing,Jiangsu,China,32.0603,118.7969
1009,N00241,李幼鄰,Li Youlin,"Li, Yau-luen",M,Beloit College,NA,B.A.,Bachelor of Arts,Bachelor,Political Science,1942,453,NA,Beloit College,Beloit,Wisconsin,United States,42.523,-89.0184
1010,N00241,李幼鄰,Li Youlin,"Li, Yau-luen",M,University of Chicago,NA,NA,NA,NA,Political Science,1943,453,NA,University of Chicago,Chicago,Illinois,United States,41.8375,-87.6866
1011,N00242,李求真,Li Qiuzhen,"Tong, Lee Karl-jan",M,University of California,NA,B.S.,Bachelor of Science,Bachelor,Chemistry,1941,454,NA,University of California,Berkeley,California,United States,37.8722,-122.276
1012,N00243,李任公,Li Rengong,"Li, Jen-kung",M,Columbia University,NA,NA,NA,NA,Music,1943,454,NA,Columbia University,New York City,New York,United States,40.6943,-73.9249
1013,N00243,李任公,Li Rengong,"Li, Jen-kung",M,Juilliard School of Music,NA,NA,NA,NA,NA,1939,454,NA,Juilliard School of Music,New York City,New York,United States,40.6943,-73.9249
1014,N00243,李任公,Li Rengong,"Li, Jen-kung",M,金陵大學,NA,NA,NA,NA,NA,1928,454,金陵大學,Jinling University,Nanjing,Jiangsu,China,32.0603,118.7969
1015,N00244,李年蒦,Li Nianhuo,"Li, Ning-woo",M,Ilegible,NA,NA,NA,NA,NA,1941,454,NA,NA,NA,NA,NA,NA,NA
1016,N00244,李年蒦,Li Nianhuo,"Li, Ning-woo",M,Massachusetts Institute of Technology,NA,NA,NA,NA,Electrical Engineering,1943,454,NA,Massachusetts Institute of Technology,Cambridge,Massachusetts,United States,42.3759,-71.1185
1017,N00244,李年蒦,Li Nianhuo,"Li, Ning-woo",M,Tri-State College,NA,B.S.,Bachelor of Science,Bachelor,Electrical Engineering,1942,454,NA,Tri-State College,Angola,Indiana,United States,41.6433,-85.005
1018,N00245,李卓皓,Li Zhuohao,"Li, C. H.",M,Ilegible,NA,NA,NA,NA,NA,NA,454,NA,NA,NA,NA,NA,NA,NA
1019,N00245,李卓皓,Li Zhuohao,"Li, C. H.",M,University of California,NA,NA,NA,NA,NA,1938,454,NA,University of California,Berkeley,California,United States,37.8722,-122.276
1020,N00246,李米俊,Li Mijun,"Lee, Gordon",M,University of Pennsylvania,NA,B.S.,Bachelor of Science,Bachelor,Mechanical Engineering,NA,454,NA,University of Pennsylvania,Philadelphia,Pennsylvania,United States,40.0077,-75.1339
1021,N00247,李春芬,Li Chunfen,"Lee, Chun-fen",M,Harvard University,NA,NA,NA,NA,Geography,1943,454,NA,Harvard University,Cambridge,Massachusetts,United States,42.3759,-71.1185
1022,N00247,李春芬,Li Chunfen,"Lee, Chun-fen",M,University of Toronto,NA,Ph.D.,Doctor of Philosophy,Doctor,Geography,1943,454,NA,University of Toronto,Toronto,NA,Canada,43.6629,-79.3957
1023,N00247,李春芬,Li Chunfen,"Lee, Chun-fen",M,中央大學,NA,NA,NA,NA,NA,1937,454,中央大學,Central University,Nanjing,Jiangsu,China,32.0603,118.7969
1024,N00248,李詩穎,Li Shiying,"Lee, Shih-ying",M,Massachusetts Institute of Technology,NA,NA,NA,NA,Civil Engineering,1943,454,NA,Massachusetts Institute of Technology,Cambridge,Massachusetts,United States,42.3759,-71.1185
1025,N00248,李詩穎,Li Shiying,"Lee, Shih-ying",M,清華大學,NA,NA,NA,NA,NA,1940,454,清華大學,Tsinghua University,Beijing,Beijing,China,39.9042,116.4074
1026,N00249,李雪夏,Li Xuexia,"Lee, Lois",M,Catholic University of America,NA,NA,NA,NA,Social Welfare,1940,454,NA,Catholic University of America,Washington,District of Columbia,United States,38.9047,-77.0163
1027,N00249,李雪夏,Li Xuexia,"Lee, Lois",M,College of St. Elisabeth,NA,NA,NA,NA,NA,1934,454,NA,College of St. Elisabeth,Morristown,New Jersey,United States,40.7968,-74.4815
1028,N00249,李雪夏,Li Xuexia,"Lee, Lois",M,燕京大學,NA,NA,NA,NA,NA,1929,454,燕京大學,Yenching University,Beijing,Beijing,China,39.9042,116.4074
1029,N00250,李超常,Li Chaochang,"Lee, Chung Joseph",M,Fordham University,NA,B.S.,Bachelor of Science,Bachelor,Chemical Engineering,1941,454,NA,Fordham University,New York,New York,United States,40.6943,-73.9249
1030,N00250,李超常,Li Chaochang,"Lee, Chung Joseph",M,Polytechnic Institute of Brooklyn,NA,NA,NA,NA,NA,1942,454,NA,Polytechnic Institute of Brooklyn,Brooklyn,New York,United States,40.6944,-73.9866
1031,N00251,李榮錦,Li Rongjin,"Li, Wing J. C.",M,Georgetown University,NA,Ph.D.,Doctor of Philosophy,Doctor,Political Science,1942,454,NA,Georgetown University,Washington,District of Columbia,United States,38.9047,-77.0163
1032,N00251,李榮錦,Li Rongjin,"Li, Wing J. C.",M,University of Michigan,NA,M.A.,Master of Arts,Master,Political Science,1938,454,NA,University of Michigan,Ann Arbor,Michigan,United States,42.2759,-83.731
1033,N00251,李榮錦,Li Rongjin,"Li, Wing J. C.",M,燕京大學,NA,NA,NA,NA,NA,1936,454,燕京大學,Yenching University,Beijing,Beijing,China,39.9042,116.4074
1034,N00252,李榦,Li Gan,"Lee, Kan",M,Harvard University,NA,Ph.D.,Doctor of Philosophy,Doctor,Economics,1926,454,NA,Harvard University,Cambridge,Massachusetts,United States,42.3759,-71.1185
1035,N00252,李榦,Li Gan,"Lee, Kan",M,University of Missouri,NA,M.A.,Master of Arts,Master,NA,1922,454,NA,University of Missouri,Columbia,South Carolina,United States,34.0378,-80.9036
1036,N00252,李榦,Li Gan,"Lee, Kan",M,清華大學,NA,NA,NA,NA,NA,1920,454,清華大學,Tsinghua University,Beijing,Beijing,China,39.9042,116.4074
1037,N00253,李家驤,Li Jiaxiang,"Li, Chia-hsiang",M,京師大學,NA,NA,NA,NA,NA,1900,454,NA,Peking Metropolitan University,Beijing,Beijing,China,39.9042,116.4074
1038,N00254,李延爽,Li Yanshuang,"Lee, Yan-shuang",M,Columbia University,NA,NA,NA,NA,Law,1943,454,NA,Columbia University,New York City,New York,United States,40.6943,-73.9249
1039,N00255,李英士,Li Yingshi,"Lee, Calvin Y. S.",M,University of Pennsylvania,NA,NA,NA,NA,Chemical Engineering,1943,454,NA,University of Pennsylvania,Philadelphia,Pennsylvania,United States,40.0077,-75.1339
1040,N00256,李啟琨,Li Qikun,"Lee, Kai-kwen",M,New York University,NA,M.B.A.,Master of Business Administration,Master,Accounting,1941,454,NA,New York University,New York City,New York,United States,40.6943,-73.9249
1041,N00256,李啟琨,Li Qikun,"Lee, Kai-kwen",M,University of Hong Kong,NA,NA,NA,NA,NA,1938,454,NA,University of Hong Kong,Hong Kong,NA,Hong Kong,22.283,114.1371
1042,N00257,李景仁,Li Jingren,"Li, Jerome C. R.",M,Iowa State College,NA,Ph.D.,Doctor of Philosophy,Doctor,Mathematics,1943,454,NA,Iowa State College,Ames,Iowa,United States,42.0267,-93.6465
1043,N00257,李景仁,Li Jingren,"Li, Jerome C. R.",M,University of Chicago,NA,NA,NA,NA,NA,1941,454,NA,University of Chicago,Chicago,Illinois,United States,41.8375,-87.6866
1044,N00257,李景仁,Li Jingren,"Li, Jerome C. R.",M,金陵大學,NA,NA,NA,NA,NA,1938,454,金陵大學,Jinling University,Nanjing,Jiangsu,China,32.0603,118.7969
1045,N00259,李為誌,Li Weizhi,"Lee, James Wing",M,Multnomah University,NA,NA,NA,NA,NA,NA,454,NA,Multnomah University,Portland,Oregon,United States,45.5371,-122.65
1046,N00259,李為誌,Li Weizhi,"Lee, James Wing",M,Tri-State College,NA,B.S.,Bachelor of Science,Bachelor,Aeronautical Engineering,1942,454,NA,Tri-State College,Angola,Indiana,United States,41.6433,-85.005
1047,N00260,李明,Li Ming,"Lee, Ming",M,Harvard University,NA,NA,NA,NA,Civil Engineering,1943,455,NA,Harvard University,Cambridge,Massachusetts,United States,42.3759,-71.1185
1048,N00260,李明,Li Ming,"Lee, Ming",M,Massachusetts Institute of Technology,NA,B.S.,Bachelor of Science,Bachelor,Civil Engineering,1943,455,NA,Massachusetts Institute of Technology,Cambridge,Massachusetts,United States,42.3759,-71.1185
1049,N00260,李明,Li Ming,"Lee, Ming",M,University of Hong Kong,NA,NA,NA,NA,NA,1939,455,NA,University of Hong Kong,Hong Kong,NA,Hong Kong,22.283,114.1371
1050,N00261,李明光,Li Mingguang,"Lee, John Q.",M,聖約翰大學,NA,NA,NA,NA,Economics,1938,455,聖約翰大學,St. John's University,Shanghai,Jiangsu,China,31.2304,121.4737
1051,N00262,李明泰,Li Mingtai,"Lee, Ming-tai",M,University of California,NA,NA,NA,NA,Civil Engineering,1943,455,NA,University of California,Berkeley,California,United States,37.8722,-122.276
1052,N00262,李明泰,Li Mingtai,"Lee, Ming-tai",M,University of Hawaii,NA,NA,NA,NA,NA,1940,455,NA,University of Hawaii,Honolulu,Hawaii,United States,21.3294,-157.846
1053,N00262,李明泰,Li Mingtai,"Lee, Ming-tai",M,中山大學,NA,NA,NA,NA,NA,1938,455,中山大學,Zhongshan University,Guangzhou,Guangdong,China,23.1291,113.2644
1054,N00263,李炳民,Li Bingmin,"Lee, B. M.",M,Chicago Aeronautical University,NA,B.S.,Bachelor of Science,Bachelor,Aeronautical Engineering,1942,455,NA,Chicago Aeronautical University,Chicago,Illinois,United States,41.8781,-87.6298
1055,N00263,李炳民,Li Bingmin,"Lee, B. M.",M,Illinois Institute of Technology,NA,B.S.,Bachelor of Science,Bachelor,Mechanical Engineering,1942,455,NA,Illinois Institute of Technology,Chicago,Illinois,United States,41.8375,-87.6866
1056,N00263,李炳民,Li Bingmin,"Lee, B. M.",M,University of Kentucky,NA,NA,NA,NA,Aeronautical Engineering,1942,455,NA,University of Kentucky,Lexington,Kentucky,United States,38.0423,-84.4587
1057,N00264,李博高,Li Bogao,"Lee, Booker",M,Georgetown University,NA,NA,NA,NA,Foreign Service,1943,455,NA,Georgetown University,Washington,District of Columbia,United States,38.9047,-77.0163
1058,N00264,李博高,Li Bogao,"Lee, Booker",M,清華大學,NA,NA,NA,NA,NA,1939,455,清華大學,Tsinghua University,Beijing,Beijing,China,39.9042,116.4074
1059,N00266,李宜瀛,Li Yiying,"Li, I-ying",M,Dickinson College,NA,B.S.,Bachelor of Science,Bachelor,Chemistry,1940,455,NA,Dickinson College,Carlisle,Pennsylvania,United States,40.2,-77.2034
1060,N00266,李宜瀛,Li Yiying,"Li, I-ying",M,Penn State College,NA,NA,NA,NA,Soil Science,1943,455,NA,Penn State College,State College,Pennsylvania,United States,40.7982,-77.8599
1061,N00266,李宜瀛,Li Yiying,"Li, I-ying",M,福建協和大學,NA,NA,NA,NA,NA,1929,455,福建協和大學,Fujian Union University,Fuzhou,Fujian,China,26.0745,119.2965
1062,N00267,李祖安,Li Zuan,"Lee, Joseph O.",M,Columbia University,NA,NA,NA,NA,Civil Engineering,1943,455,NA,Columbia University,New York City,New York,United States,40.6943,-73.9249
1063,N00267,李祖安,Li Zuan,"Lee, Joseph O.",M,University of British Columbia,NA,NA,NA,NA,NA,1939,455,NA,University of British Columbia,Vancouver,NA,Canada,49.2606,-123.246
1064,N00267,李祖安,Li Zuan,"Lee, Joseph O.",M,University of Michigan,NA,B.S.,Bachelor of Science,Bachelor,Civil Engineering,1942,455,NA,University of Michigan,Ann Arbor,Michigan,United States,42.2759,-83.731
1065,N00269,李彭齡,Li Pengling,"Li, Pong-ling",M,南開大學,NA,NA,NA,NA,Economics,1934,455,南開大學,Nankai University,Tianjin,Tianjin,China,39.3434,117.3616
1066,N00270,李連捷,Li Lianjie,"Li, Lien-chieh",M,University of Illinois,NA,NA,NA,NA,Soil Science,1943,455,NA,University of Illinois,Chicago,Illinois,United States,41.8375,-87.6866
1067,N00270,李連捷,Li Lianjie,"Li, Lien-chieh",M,University of Tennessee,NA,M.S.,Master of Science,Master,Soil Science,1941,455,NA,University of Tennessee,Knoxville,Tennessee,United States,35.9692,-83.9496
1068,N00270,李連捷,Li Lianjie,"Li, Lien-chieh",M,燕京大學,NA,NA,NA,NA,NA,1932,455,燕京大學,Yenching University,Beijing,Beijing,China,39.9042,116.4074
1069,N00271,李焜,Li Kun,"Lee, Goon",M,Stanford University,NA,M.S.,Master of Science,Master,Chemistry,1938,455,NA,Stanford University,Stanford,California,United States,37.4252,-122.1674
1070,N00271,李焜,Li Kun,"Lee, Goon",M,中山大學,NA,NA,NA,NA,NA,1937,455,中山大學,Zhongshan University,Guangzhou,Guangdong,China,23.1291,113.2644
1071,N00272,李國治,Li Guozhi,"Lee, Donald K.",M,University of Oregon,NA,NA,NA,NA,Pharmacy,1941,455,NA,University of Oregon,Eugene,Oregon,United States,44.0564,-123.1174
1072,N00273,李國祥,Li Guoxiang,"Lee, Terry G.",M,Tri-State College,NA,NA,NA,NA,Civil Engineering,1943,455,NA,Tri-State College,Angola,Indiana,United States,41.6433,-85.005
1073,N00277,李鴻耀,Li Hongyao,"Lee, S. Edward",M,Drexel Institute of Technology,NA,B.S.,Bachelor of Science,Bachelor,NA,1939,455,NA,Drexel Institute of Technology,Philadelphia,Pennsylvania,United States,39.9566,-75.1899
1074,N00277,李鴻耀,Li Hongyao,"Lee, S. Edward",M,University of Pennsylvania,NA,NA,NA,NA,Mechanical Engineering,1943,455,NA,University of Pennsylvania,Philadelphia,Pennsylvania,United States,40.0077,-75.1339
1075,N00278,李錦芳,Li Jinfang,"Lee, Kam-fong",M,Lehigh University,NA,NA,NA,NA,Metallurgy,1943,456,NA,Lehigh University,Bethlehem,Pennsylvania,United States,40.6266,-75.3679
1076,N00278,李錦芳,Li Jinfang,"Lee, Kam-fong",M,Stanford University,NA,B.A.,Bachelor of Arts,Bachelor,Chemistry,1938,456,NA,Stanford University,Stanford,California,United States,37.4252,-122.1674
1077,N00278,李錦芳,Li Jinfang,"Lee, Kam-fong",M,Stanford University,NA,M.A.,Master of Arts,Master,Chemistry,1938,456,NA,Stanford University,Stanford,California,United States,37.4252,-122.1674
1078,N00279,李橫宇,Li Hengyu,"Li, Hong-yu",M,University of California,NA,NA,NA,NA,Economics,1943,456,NA,University of California,Berkeley,California,United States,37.8722,-122.276
1079,N00279,李橫宇,Li Hengyu,"Li, Hong-yu",M,University of Missouri,NA,M.A.,Master of Arts,Master,Journalism,1938,456,NA,University of Missouri,Columbia,South Carolina,United States,34.0378,-80.9036
1080,N00279,李橫宇,Li Hengyu,"Li, Hong-yu",M,燕京大學,NA,NA,NA,NA,NA,1935,456,燕京大學,Yenching University,Beijing,Beijing,China,39.9042,116.4074
1081,N00280,李錦珩,Li Jinheng,"Lei, Kam-hang",M,Ohio State University,NA,NA,NA,NA,NA,1938,456,NA,Ohio State University,Columbus,Ohio,United States,39.9862,-82.9855
1082,N00280,李錦珩,Li Jinheng,"Lei, Kam-hang",M,University of Michigan,NA,B.S.,Bachelor of Science,Bachelor,Mechanical Engineering,1943,456,NA,University of Michigan,Ann Arbor,Michigan,United States,42.2759,-83.731
1083,N00281,李偉林,Li Weilin,"Lee, William Wei",M,University of California,NA,NA,NA,NA,Chemistry,1943,456,NA,University of California,Berkeley,California,United States,37.8722,-122.276
1084,N00285,李瑞麟,Li Ruilin,"Li, Sueling",M,University of Pennsylvania,NA,NA,NA,NA,Industrial Management,1943,456,NA,University of Pennsylvania,Philadelphia,Pennsylvania,United States,40.0077,-75.1339
1085,N00286,李善近,Li Shanjin,"Li, Zen-jung",M,University of Michigan,NA,M.S.,Master of Science,Master,Civil Engineering,1941,456,NA,University of Michigan,Ann Arbor,Michigan,United States,42.2759,-83.731
1086,N00286,李善近,Li Shanjin,"Li, Zen-jung",M,聖約翰大學,NA,NA,NA,NA,NA,1937,456,聖約翰大學,St. John's University,Shanghai,Jiangsu,China,31.2304,121.4737
1087,N00287,李善述,Li Shanshu,"Li, Z. Z.",M,Massachusetts Institute of Technology,NA,NA,NA,NA,Chemical Engineering,1922,456,NA,Massachusetts Institute of Technology,Cambridge,Massachusetts,United States,42.3759,-71.1185
1088,N00287,李善述,Li Shanshu,"Li, Z. Z.",M,聖約翰大學,NA,NA,NA,NA,NA,1919,456,聖約翰大學,St. John's University,Shanghai,Jiangsu,China,31.2304,121.4737
1089,N00288,李崇高,Li Chonggao,"Lee, Joseph C. K",M,New York University,NA,NA,NA,NA,Aeronautical Engineering,1943,456,NA,New York University,New York City,New York,United States,40.6943,-73.9249
1090,N00288,李崇高,Li Chonggao,"Lee, Joseph C. K",M,University of Detroit,NA,NA,NA,NA,NA,1942,456,NA,University of Detroit,Detroit,Michigan,United States,42.4148,-83.1388
1091,N00288,李崇高,Li Chonggao,"Lee, Joseph C. K",M,天津工商學院學,NA,NA,NA,NA,NA,1939,456,NA,Tientsin Institute of Commerce,Tianjin,Tianjin,China,39.3434,117.3616
1092,N00289,李銘新,Li Mingxin,"Li, Min-hsin",M,University of Southern California,NA,M.S.,Master of Science,Master,Zoology,1942,456,NA,University of Southern California,Los Angeles,California,United States,34.1141,-118.4068
1093,N00289,李銘新,Li Mingxin,"Li, Min-hsin",M,University of Southern California,NA,NA,NA,NA,Zoology,1943,456,NA,University of Southern California,Los Angeles,California,United States,34.1141,-118.4068
1094,N00289,李銘新,Li Mingxin,"Li, Min-hsin",M,福建協和大學,NA,NA,NA,NA,NA,NA,456,福建協和大學,Fujian Union University,Fuzhou,Fujian,China,26.0745,119.2965
1095,N00291,李堯藩,Li Yaofan,"Li, Yao-fan",M,Ohio State University,NA,B.S.,Bachelor of Science,Bachelor,Banking & Finance,1941,456,NA,Ohio State University,Columbus,Ohio,United States,39.9862,-82.9855
1096,N00292,李順祥,Li Shunxiang,"Li, Francis S. C.",M,Manhattan College,NA,B.S.,Bachelor of Science,Bachelor,Electrical Engineering,1941,456,NA,Manhattan College,Riverdale,New York,United States,43.21035,-75.4324
1097,N00293,李順祥,Li Shunxiang,"Lee, Robert S.",M,Cornell University,NA,B.A.,Bachelor of Arts,Bachelor,NA,1940,456,NA,Cornell University,Ithaca,New York,United States,42.4442,-76.5032
1098,N00293,李順祥,Li Shunxiang,"Lee, Robert S.",M,Harvard University,NA,M.B.A.,Master of Business Administration,Master,Industrial Management,1942,456,NA,Harvard University,Cambridge,Massachusetts,United States,42.3759,-71.1185
1099,N00293,李順祥,Li Shunxiang,"Lee, Robert S.",M,Harvard University,NA,NA,NA,NA,NA,1943,456,NA,Harvard University,Cambridge,Massachusetts,United States,42.3759,-71.1185
1100,N00293,李順祥,Li Shunxiang,"Lee, Robert S.",M,清華大學,NA,NA,NA,NA,NA,1937,456,清華大學,Tsinghua University,Beijing,Beijing,China,39.9042,116.4074
1101,N00294,李頎祥,Li Qixiang,"Li, Robert K.",M,Harvard University,NA,NA,NA,NA,Civil Engineering,1943,456,NA,Harvard University,Cambridge,Massachusetts,United States,42.3759,-71.1185
1102,N00294,李頎祥,Li Qixiang,"Li, Robert K.",M,Manhattan College,NA,B.S.,Bachelor of Science,Bachelor,Civil Engineering,1941,456,NA,Manhattan College,Riverdale,New York,United States,43.21035,-75.4324
1103,N00295,李振黃,Li Zhenhuang,"Li, Chen-huang",M,Northwestern University,NA,NA,NA,NA,Electrical Engineering,1943,456,NA,Northwestern University,Evanston,Illinois,United States,42.0464,-87.6943
1104,N00295,李振黃,Li Zhenhuang,"Li, Chen-huang",M,University of Illinois,NA,NA,NA,NA,Civil Engineering,1924,456,NA,University of Illinois,Chicago,Illinois,United States,41.8375,-87.6866
1105,N00295,李振黃,Li Zhenhuang,"Li, Chen-huang",M,金陵大學,NA,NA,NA,NA,NA,NA,456,金陵大學,Jinling University,Nanjing,Jiangsu,China,32.0603,118.7969
1106,N00296,李振樞,Li Zhenshu,"Lee, Henry Jun",M,University of Pennsylvania,NA,B.A.,Bachelor of Arts,Bachelor,Chemistry,1942,457,NA,University of Pennsylvania,Philadelphia,Pennsylvania,United States,40.0077,-75.1339
1107,N00296,李振樞,Li Zhenshu,"Lee, Henry Jun",M,嶺南大學,NA,NA,NA,NA,NA,1938,457,嶺南大學,Lingnan University,Guangzhou,Guangdong,China,23.1291,113.2644
1108,N00297,李應民,Li Yingmin,"Lee, Munny Y. M.",M,Massachusetts Institute of Technology,NA,B.S.,Bachelor of Science,Bachelor,Civil Engineering,1942,457,NA,Massachusetts Institute of Technology,Cambridge,Massachusetts,United States,42.3759,-71.1185
1109,N00297,李應民,Li Yingmin,"Lee, Munny Y. M.",M,Massachusetts Institute of Technology,NA,NA,NA,NA,Civil Engineering,1943,457,NA,Massachusetts Institute of Technology,Cambridge,Massachusetts,United States,42.3759,-71.1185
1110,N00297,李應民,Li Yingmin,"Lee, Munny Y. M.",M,University of Hawaii,NA,NA,NA,NA,NA,1940,457,NA,University of Hawaii,Honolulu,Hawaii,United States,21.3294,-157.846
1111,N00298,李應詵,Li Yingshen,"Lee, Ting-hsin",M,河北省立工業學院,NA,M.E.,Master of Engineering,Master,NA,1931,457,河北省立工業學院,Hebei Provincial Institute of Technology,Tianjin,Tianjin,China,39.3434,117.3616
1112,N00299,李業田,Li Yetian,"Lee, Yip-tin",M,Stanford University,NA,M.A.,Master of Arts,Master,Economics,1942,457,NA,Stanford University,Stanford,California,United States,37.4252,-122.1674
1113,N00299,李業田,Li Yetian,"Lee, Yip-tin",M,Washington & Jefferson College,NA,B.A.,Bachelor of Arts,Bachelor,NA,1939,457,NA,Washington & Jefferson College,Washington,District of Columbia,United States,38.9047,-77.0163
1114,N00300,李廣钜,Li Guangju,"Lee, Kwong-kui",M,De La Salle College,NA,B.S.,Bachelor of Science,Bachelor,Accounting,1940,457,NA,De La Salle College,Manila,NA,Philippines,14.5647,120.9932
1115,N00300,李廣钜,Li Guangju,"Lee, Kwong-kui",M,Harvard University,NA,M.B.A.,Master of Business Administration,Master,Business,1942,457,NA,Harvard University,Cambridge,Massachusetts,United States,42.3759,-71.1185
1116,N00301,李衛民,Li Weimin,"Lee, Milton C.",M,Columbia University,NA,B.A.,Bachelor of Arts,Bachelor,Economics,1926,457,NA,Columbia University,New York City,New York,United States,40.6943,-73.9249
1117,N00302,李達宸,Li Dachen,"Lee, Dart Sun",M,University of California,NA,NA,NA,NA,Medicine,1943,457,NA,University of California,Berkeley,California,United States,37.8722,-122.276
1118,N00303,李廉彥,Li Lianyan,"Li, Lien-yen",M,Massachusetts Institute of Technology,NA,NA,NA,NA,Chemical Engineering,1943,457,NA,Massachusetts Institute of Technology,Cambridge,Massachusetts,United States,42.3759,-71.1185
1119,N00303,李廉彥,Li Lianyan,"Li, Lien-yen",M,University of California,NA,NA,NA,NA,Chemical Engineering,1943,457,NA,University of California,Berkeley,California,United States,37.8722,-122.276
1120,N00303,李廉彥,Li Lianyan,"Li, Lien-yen",M,嶺南大學,NA,NA,NA,NA,NA,1940,457,嶺南大學,Lingnan University,Guangzhou,Guangdong,China,23.1291,113.2644
1121,N00304,李廉均,Li Lianjun,"Li, Lien-chun",M,University of California,NA,NA,NA,NA,Agriculture,1943,457,NA,University of California,Berkeley,California,United States,37.8722,-122.276
1122,N00304,李廉均,Li Lianjun,"Li, Lien-chun",M,滬江大學,NA,NA,NA,NA,NA,1936,457,滬江大學,Shanghai University,Shanghai,Shanghai,China,31.2304,121.4737
1123,N00306,李廉錕,Li Liankun,"Li, Lien-kun",M,清華大學,NA,NA,NA,NA,Civil Engineering,1940,457,清華大學,Tsinghua University,Beijing,Beijing,China,39.9042,116.4074
1124,N00307,李福全,Li Fuquan,"Lee, Fook Z.",M,聖約翰大學,NA,NA,NA,NA,NA,1937,457,聖約翰大學,St. John's University,Shanghai,Jiangsu,China,31.2304,121.4737
1125,N00308,李福如,Li Furu,"Lee, Fook G.",M,Indiana Technical College,NA,B.S.,Bachelor of Science,Bachelor,Civil Engineering,1939,457,NA,Indiana Technical College,Fort Wayne,Indiana,United States,41.0888,-85.1436
1126,N00309,李福桂,Li Fugui,"Li, Fook-chu",M,Massachusetts Institute of Technology,NA,B.S.,Bachelor of Science,Bachelor,NA,1942,457,NA,Massachusetts Institute of Technology,Cambridge,Massachusetts,United States,42.3759,-71.1185
1127,N00309,李福桂,Li Fugui,"Li, Fook-chu",M,Massachusetts Institute of Technology,NA,NA,NA,NA,Mechanical Engineering,1943,457,NA,Massachusetts Institute of Technology,Cambridge,Massachusetts,United States,42.3759,-71.1185
1128,N00310,李福逑,Li Fuqiu,"Li, Fook-kow",M,Massachusetts Institute of Technology,NA,NA,NA,NA,Metallurgy,1943,457,NA,Massachusetts Institute of Technology,Cambridge,Massachusetts,United States,42.3759,-71.1185
1129,N00311,李福照,Li Fuzhao,"Lee, Wallace",M,University of Oregon,NA,NA,NA,NA,Medicine,1943,457,NA,University of Oregon,Eugene,Oregon,United States,44.0564,-123.1174
1130,N00312,李福慶,Li Fuqing,"Li, Fok-hing",M,Massachusetts Institute of Technology,NA,NA,NA,NA,Marine Enginerring,1943,457,NA,Massachusetts Institute of Technology,Cambridge,Massachusetts,United States,42.3759,-71.1185
1131,N00313,李德裕,Li Deyu,"Lee, Richard T. Y.",M,New York University,NA,NA,NA,NA,NA,1943,457,NA,New York University,New York City,New York,United States,40.6943,-73.9249
1132,N00313,李德裕,Li Deyu,"Lee, Richard T. Y.",M,聖約翰大學,NA,NA,NA,NA,Banking & Finance,1937,457,聖約翰大學,St. John's University,Shanghai,Jiangsu,China,31.2304,121.4737
1133,N00314,李德䤼,Li De䤼,"Li, Te-chuan",M,Tufts College,NA,NA,NA,NA,Economics,1943,458,NA,Tufts College,Medford,Massachusetts,United States,42.4075,-71.119
1134,N00314,李德䤼,Li De䤼,"Li, Te-chuan",M,University of Wisconsin,NA,NA,NA,NA,NA,1941,458,NA,University of Wisconsin,Madison,Wisconsin,United States,43.0822,-89.393
1135,N00315,李德慶,Li Deqing,"Li, Teh-ching",M,Massachusetts Institute of Technology,NA,NA,NA,NA,Electrical Engineering,1938,458,NA,Massachusetts Institute of Technology,Cambridge,Massachusetts,United States,42.3759,-71.1185
1136,N00316,李惠林,Li Huilin,"Li, Hui-lin",M,Harvard University,NA,Ph.D.,Doctor of Philosophy,Doctor,Botany,NA,458,NA,Harvard University,Cambridge,Massachusetts,United States,42.3759,-71.1185
1137,N00316,李惠林,Li Huilin,"Li, Hui-lin",M,重慶大學,NA,NA,NA,NA,NA,NA,458,重慶大學,Chongqing University,Chongqing,Chongqing,China,29.563,106.5516
1138,N00317,李惠寬,Li Huikuan,"Lee, Henry Wai-food",M,University of Colorado,NA,NA,NA,NA,Mechanical Engineering,1943,458,NA,University of Colorado,Boulder,Colorado,United States,40.0248,-105.2524
1139,N00318,李慧清,Li Huiqing,"Li, Wai-ching",M,Massachusetts Institute of Technology,NA,NA,NA,NA,NA,NA,458,NA,Massachusetts Institute of Technology,Cambridge,Massachusetts,United States,42.3759,-71.1185
1140,N00318,李慧清,Li Huiqing,"Li, Wai-ching",M,Radcliffe College,NA,B.A.,Bachelor of Arts,Bachelor,Physiology,1943,458,NA,Radcliffe College,Cambridge,Massachusetts,United States,42.3759,-71.1185
1141,N00318,李慧清,Li Huiqing,"Li, Wai-ching",M,University of Hong Kong,NA,NA,NA,NA,NA,NA,458,NA,University of Hong Kong,Hong Kong,NA,Hong Kong,22.283,114.1371
1142,N00319,李慧聰,Li Huicong,"Lee, Charles Chall",M,University of Pittsburgh,NA,NA,NA,NA,Economics,1943,458,NA,University of Pittsburgh,Pittsburgh,Pennsylvania,United States,40.4397,-79.9763
1143,N00320,李學文,Li Xuewen,"Lee, Sherman H.",M,Purdue University,NA,B.S.,Bachelor of Science,Bachelor,Aeronautical Engineering,1941,458,NA,Purdue University,West Lafayette,Indiana,United States,40.4432,-86.9238
1144,N00320,李學文,Li Xuewen,"Lee, Sherman H.",M,聖約翰大學,NA,NA,NA,NA,NA,1937,458,聖約翰大學,St. John's University,Shanghai,Jiangsu,China,31.2304,121.4737
1145,N00321,李學道,Li Xuedao,"Lee, Sheridan",M,George Peabody College,NA,NA,NA,NA,Parasitology,1943,458,NA,George Peabody College,Nashville,Tennessee,United States,36.1447,-86.8027
1146,N00321,李學道,Li Xuedao,"Lee, Sheridan",M,滬江大學,NA,NA,NA,NA,NA,1941,458,滬江大學,Shanghai University,Shanghai,Shanghai,China,31.2304,121.4737
1147,N00322,李錫智,Li Xizhi,"Li, Hsi-chih",M,河北工學院,NA,NA,NA,NA,Electrical Engineering,1930,458,河北工業學院,Hebei Institute of Technology,Tianjin,Tianjin,China,39.3434,117.3616
1148,N00323,李錫鴻,Li Xihong,"Lee, Henry Hsi-hung",M,University of Michigan,NA,NA,NA,NA,Dentistry,1943,458,NA,University of Michigan,Ann Arbor,Michigan,United States,42.2759,-83.731
1149,N00324,李錫鵬,Li Xipeng,"Lee, Andrew",M,Columbia University,NA,M.A.,Master of Arts,Master,Economics,1941,458,NA,Columbia University,New York City,New York,United States,40.6943,-73.9249
1150,N00324,李錫鵬,Li Xipeng,"Lee, Andrew",M,New York University,NA,B.S.,Bachelor of Science,Bachelor,Business,1940,458,NA,New York University,New York City,New York,United States,40.6943,-73.9249
1151,N00324,李錫鵬,Li Xipeng,"Lee, Andrew",M,聖約翰大學,NA,NA,NA,NA,NA,NA,458,聖約翰大學,St. John's University,Shanghai,Jiangsu,China,31.2304,121.4737
1152,N00325,李震聲,Li Zhensheng,"Li, C. S.",M,University of Pennsylvania,NA,NA,NA,NA,NA,NA,458,NA,University of Pennsylvania,Philadelphia,Pennsylvania,United States,40.0077,-75.1339
1153,N00325,李震聲,Li Zhensheng,"Li, C. S.",M,交通大學,NA,NA,NA,NA,NA,NA,458,交通大學,Jiaotong University,Shanghai,Shanghai,China,31.2304,121.4737
1154,N00326,李纘文,Li Zuanwen,"Li, Tsan-wen",M,Northwestern University,NA,NA,NA,NA,Physiology,1943,458,NA,Northwestern University,Evanston,Illinois,United States,42.0464,-87.6943
1155,N00326,李纘文,Li Zuanwen,"Li, Tsan-wen",M,協和醫學院,NA,NA,NA,NA,NA,1930,458,協和醫學院,Peking Union Medical College,Beijing,Beijing,China,39.9042,116.4074
1156,N00326,李纘文,Li Zuanwen,"Li, Tsan-wen",M,東南大學,NA,NA,NA,NA,NA,1925,458,東南大學,Southeast University,Nanjing,Jiangsu,China,32.0603,118.7969
1157,N00328,李樹,Li Shu,"Lee, Shu",M,Purdue University,NA,B.S.,Bachelor of Science,Bachelor,Electrical Engineering,1941,458,NA,Purdue University,West Lafayette,Indiana,United States,40.4432,-86.9238
1158,N00328,李樹,Li Shu,"Lee, Shu",M,交通大學,NA,NA,NA,NA,NA,1938,458,交通大學,Jiaotong University,Shanghai,Shanghai,China,31.2304,121.4737
1159,N00329,李聯禮,Li Lianli,"Lee, Lai-L.",M,University of California,NA,NA,NA,NA,Metallurgy,1942,458,NA,University of California,Berkeley,California,United States,37.8722,-122.276
1160,N00331,呂保維,Lv Baowei,"Lu, Pao-wei",M,Massachusetts Institute of Technology,NA,NA,NA,NA,Electrical Engineering,1943,459,NA,Massachusetts Institute of Technology,Cambridge,Massachusetts,United States,42.3759,-71.1185
1161,N00331,呂保維,Lv Baowei,"Lu, Pao-wei",M,清華大學,NA,NA,NA,NA,NA,1939,459,清華大學,Tsinghua University,Beijing,Beijing,China,39.9042,116.4074
1162,N00332,沈允公,Shen Yungong,"Shen, Yun-kung",M,Columbia University,NA,M.A.,Master of Arts,Master,Political Science,NA,459,NA,Columbia University,New York City,New York,United States,40.6943,-73.9249
1163,N00332,沈允公,Shen Yungong,"Shen, Yun-kung",M,University of Wisconsin,NA,NA,NA,NA,Political Science,NA,459,NA,University of Wisconsin,Madison,Wisconsin,United States,43.0822,-89.393
1164,N00332,沈允公,Shen Yungong,"Shen, Yun-kung",M,聖約翰大學,NA,NA,NA,NA,NA,NA,459,聖約翰大學,St. John's University,Shanghai,Jiangsu,China,31.2304,121.4737
1165,N00333,沈兆麟,Shen Zhaolin,"Shen, C. L.",M,Purdue University,NA,M.S.,Master of Science,Master,Mechanical Engineering,1940,459,NA,Purdue University,West Lafayette,Indiana,United States,40.4432,-86.9238
1166,N00333,沈兆麟,Shen Zhaolin,"Shen, C. L.",M,交通大學,NA,NA,NA,NA,NA,1939,459,交通大學,Jiaotong University,Shanghai,Shanghai,China,31.2304,121.4737
1167,N00334,沈誌中,Shen Zhizhong,"Sing, Joseph",M,Yale University,NA,NA,NA,NA,Sociology,1923,459,NA,Yale University,New Haven,Connecticut,United States,41.3113,-72.9246
1168,N00335,沈實澤,Shen Shize,"Shen, S. T.",M,University of Michigan,NA,NA,NA,NA,NA,1924,459,NA,University of Michigan,Ann Arbor,Michigan,United States,42.2759,-83.731
1169,N00336,沈垚,Shen Yao,"Shen, Yao",M,Mills College,NA,M.A.,Master of Arts,Master,English,1938,459,NA,Mills College,Oakland,California,United States,37.7904,-122.2166
1170,N00336,沈垚,Shen Yao,"Shen, Yao",M,University of Michigan,NA,NA,NA,NA,English,1943,459,NA,University of Michigan,Ann Arbor,Michigan,United States,42.2759,-83.731
1171,N00336,沈垚,Shen Yao,"Shen, Yao",M,燕京大學,NA,NA,NA,NA,NA,1935,459,燕京大學,Yenching University,Beijing,Beijing,China,39.9042,116.4074
1172,N00337,沈曾蔭,Shen Cengyin,"Shen, Tseng-yin",M,Massachusetts Institute of Technology,NA,B.S.,Bachelor of Science,Bachelor,Electrical Engineering,1939,459,NA,Massachusetts Institute of Technology,Cambridge,Massachusetts,United States,42.3759,-71.1185
1173,N00337,沈曾蔭,Shen Cengyin,"Shen, Tseng-yin",M,浙江大學,NA,NA,NA,NA,NA,1936,459,浙江大學,Zhejiang University,Hangzhou,Zhejiang,China,30.2741,120.1551
1174,N00338,沈琰,Shen Yan,"Shen, Yen",M,Massachusetts Institute of Technology,NA,M.S.,Master of Science,Master,Chemical Engineering,1942,459,NA,Massachusetts Institute of Technology,Cambridge,Massachusetts,United States,42.3759,-71.1185
1175,N00338,沈琰,Shen Yan,"Shen, Yen",M,交通大學,NA,NA,NA,NA,NA,1939,459,交通大學,Jiaotong University,Shanghai,Shanghai,China,31.2304,121.4737
1176,N00339,沈運乾,Shen Yunqian,"Shen, Yuin-chien",M,Massachusetts Institute of Technology,NA,NA,NA,NA,Aeronautical Engineering,1938,459,NA,Massachusetts Institute of Technology,Cambridge,Massachusetts,United States,42.3759,-71.1185
1177,N00339,沈運乾,Shen Yunqian,"Shen, Yuin-chien",M,Purdue University,NA,NA,NA,NA,NA,1934,459,NA,Purdue University,West Lafayette,Indiana,United States,40.4432,-86.9238
1178,N00339,沈運乾,Shen Yunqian,"Shen, Yuin-chien",M,聖約翰大學,NA,NA,NA,NA,NA,1933,459,聖約翰大學,St. John's University,Shanghai,Jiangsu,China,31.2304,121.4737
1179,N00340,沈詩章,Shen Shizhang,"Shen, Shih-chang",M,Cambridge University,NA,Ph.D.,Doctor of Philosophy,Doctor,NA,1940,459,NA,Cambridge University,Cambridge,NA,United Kingdom,52.2043,0.1149
1180,N00340,沈詩章,Shen Shizhang,"Shen, Shih-chang",M,燕京大學,NA,NA,NA,NA,NA,1935,459,燕京大學,Yenching University,Beijing,Beijing,China,39.9042,116.4074
1181,N00342,沈鶴年,Shen Henian,"Shen, Stanley H. N.",M,輔仁大學,NA,NA,NA,NA,Sociology,NA,459,輔仁大學,Fu-jen University,Beijing,Beijing,China,39.9042,116.4074
1182,N00343,沈樹祝,Shen Shuzhu,"Shen, Shu-chu",M,Harvard University,NA,NA,NA,NA,Medicine,1943,459,NA,Harvard University,Cambridge,Massachusetts,United States,42.3759,-71.1185
1183,N00343,沈樹祝,Shen Shuzhu,"Shen, Shu-chu",M,聖約翰大學,NA,NA,NA,NA,NA,NA,459,聖約翰大學,St. John's University,Shanghai,Jiangsu,China,31.2304,121.4737
1184,N00344,吳大森,Wu Dasen,"Woo, Da-sung",M,Harvard University,NA,M.B.A.,Master of Business Administration,Master,Business,1943,459,NA,Harvard University,Cambridge,Massachusetts,United States,42.3759,-71.1185
1185,N00344,吳大森,Wu Dasen,"Woo, Da-sung",M,聖約翰大學,NA,NA,NA,NA,NA,1939,459,聖約翰大學,St. John's University,Shanghai,Jiangsu,China,31.2304,121.4737
1186,N00345,吳元德,Wu Yuande,"Wu, Albert Y. T.",M,Harvard University,NA,M.B.A.,Master of Business Administration,Master,Industrial Management,1943,459,NA,Harvard University,Cambridge,Massachusetts,United States,42.3759,-71.1185
1187,N00345,吳元德,Wu Yuande,"Wu, Albert Y. T.",M,New York University,NA,B.S.,Bachelor of Science,Bachelor,NA,1941,459,NA,New York University,New York City,New York,United States,40.6943,-73.9249
1188,N00346,吳天潘,Wu Tianpan,"Go, Matao Lian Poa",M,Cornell University,NA,B.S.,Bachelor of Science,Bachelor,Civil Engineering,1937,459,NA,Cornell University,Ithaca,New York,United States,42.4442,-76.5032
1189,N00346,吳天潘,Wu Tianpan,"Go, Matao Lian Poa",M,Cornell University,NA,NA,NA,NA,Civil Engineering,1943,459,NA,Cornell University,Ithaca,New York,United States,42.4442,-76.5032
1190,N00346,吳天潘,Wu Tianpan,"Go, Matao Lian Poa",M,Massachusetts Institute of Technology,NA,M.S.,Master of Science,Master,NA,1943,459,NA,Massachusetts Institute of Technology,Cambridge,Massachusetts,United States,42.3759,-71.1185
1191,N00347,吳公懿,Wu Gongyi,"Wu, Kung-I",M,北京大學,NA,NA,NA,NA,Mechanical Engineering,NA,460,北京大學,Beijing University,Beijing,Beijing,China,39.9042,116.4074
1192,N00348,吳方智,Wu Fangzhi,"Wu, F. C.",M,Harvard University,NA,M.A.,Master of Arts,Master,Political Science,1942,460,NA,Harvard University,Cambridge,Massachusetts,United States,42.3759,-71.1185
1193,N00348,吳方智,Wu Fangzhi,"Wu, F. C.",M,金陵大學,NA,NA,NA,NA,NA,1932,460,金陵大學,Jinling University,Nanjing,Jiangsu,China,32.0603,118.7969
1194,N00349,吳予達,Wu Yuda,"Woo, Winston",M,Harvard University,NA,NA,NA,NA,Economics,1943,460,NA,Harvard University,Cambridge,Massachusetts,United States,42.3759,-71.1185
1195,N00349,吳予達,Wu Yuda,"Woo, Winston",M,University of Pennsylvania,NA,M.B.A.,Master of Business Administration,Master,Business,1943,460,NA,University of Pennsylvania,Philadelphia,Pennsylvania,United States,40.0077,-75.1339
1196,N00349,吳予達,Wu Yuda,"Woo, Winston",M,光華大學,NA,NA,NA,NA,NA,1941,460,光華大學,Guanghua University,Shanghai,Shanghai,China,31.2304,121.4737
1197,N00350,吳北潤,Wu Beirun,"Eng, Jan-back",M,Armour Institute of Technology,NA,B.S.,Bachelor of Science,Bachelor,Chemical Engineering,1938,460,NA,Armour Institute of Technology,Chicago,Illinois,United States,41.8349,-87.627
1198,N00350,吳北潤,Wu Beirun,"Eng, Jan-back",M,University of Cincinnati,NA,NA,NA,NA,Chemical Engineering,1943,460,NA,University of Cincinnati,Cincinnati,Ohio,United States,39.1413,-84.506
1199,N00351,吳全福,Wu Quanfu,"Ing, Sheridan",M,Massachusetts Institute of Technology,NA,NA,NA,NA,NA,1943,460,NA,Massachusetts Institute of Technology,Cambridge,Massachusetts,United States,42.3759,-71.1185
1200,N00352,吳百思,Wu Baisi,"Wu, Pek-si",M,University of Chicago,NA,M.A.,Master of Arts,Master,Sociology,1940,460,NA,University of Chicago,Chicago,Illinois,United States,41.8375,-87.6866
1201,N00352,吳百思,Wu Baisi,"Wu, Pek-si",M,University of Chicago,NA,NA,NA,NA,Sociology,1943,460,NA,University of Chicago,Chicago,Illinois,United States,41.8375,-87.6866
1202,N00352,吳百思,Wu Baisi,"Wu, Pek-si",M,滬江大學,NA,NA,NA,NA,NA,1937,460,滬江大學,Shanghai University,Shanghai,Shanghai,China,31.2304,121.4737
1203,N00353,吳永珣,Wu Yongxun,"Wu, Yung-shun",M,University of Chicago,NA,NA,NA,NA,NA,1943,460,NA,University of Chicago,Chicago,Illinois,United States,41.8375,-87.6866
1204,N00353,吳永珣,Wu Yongxun,"Wu, Yung-shun",M,University of Wisconsin,NA,M.A.,Master of Arts,Master,Economics,1943,460,NA,University of Wisconsin,Madison,Wisconsin,United States,43.0822,-89.393
1205,N00353,吳永珣,Wu Yongxun,"Wu, Yung-shun",M,稅務專門學校,NA,NA,NA,NA,NA,1935,460,稅務專門學校,Taxation College,Shanghai,Shanghai,China,31.2304,121.4737
1206,N00354,吳誌高,Wu Zhigao,"Wu, Tse-kao",M,Ohio State University,NA,M.S.,Master of Science,Master,Chemical Engineering,1941,460,NA,Ohio State University,Columbus,Ohio,United States,39.9862,-82.9855
1207,N00354,吳誌高,Wu Zhigao,"Wu, Tse-kao",M,之江大學,NA,NA,NA,NA,NA,1934,460,之江大學,Zhijiang University,Hangzhou,Zhejiang,China,30.2741,120.1551
1208,N00355,吳誌翔,Wu Zhixiang,"Wu, C. H.",M,University of London,NA,NA,NA,NA,Economics,1937,460,NA,University of London,London,NA,United Kingdom,51.521,-0.13
1209,N00355,吳誌翔,Wu Zhixiang,"Wu, C. H.",M,清華大學,NA,NA,NA,NA,NA,1930,460,清華大學,Tsinghua University,Beijing,Beijing,China,39.9042,116.4074
1210,N00358,吳保安,Wu Baoan,"Wu, Pao-an",M,Harvard University,NA,NA,NA,NA,History,1943,460,NA,Harvard University,Cambridge,Massachusetts,United States,42.3759,-71.1185
1211,N00358,吳保安,Wu Baoan,"Wu, Pao-an",M,NA,NA,NA,NA,NA,NA,1941,460,NA,NA,NA,NA,NA,NA,NA
1212,N00358,吳保安,Wu Baoan,"Wu, Pao-an",M,東南大學,NA,NA,NA,NA,NA,1935,460,東南大學,Southeast University,Nanjing,Jiangsu,China,32.0603,118.7969
1213,N00360,吳幼林,Wu Youlin,"Wu, George Y. L.",M,University of Pennsylvania,NA,M.B.A.,Master of Business Administration,Master,Banking & Finance,1936,460,NA,University of Pennsylvania,Philadelphia,Pennsylvania,United States,40.0077,-75.1339
1214,N00360,吳幼林,Wu Youlin,"Wu, George Y. L.",M,聖約翰大學,NA,NA,NA,NA,NA,1934,460,聖約翰大學,St. John's University,Shanghai,Jiangsu,China,31.2304,121.4737
1215,N00362,吳壯夫,Wu Zhuangfu,"Go, Chong-hu",M,California Institute of Technology,NA,M.S.,Master of Science,Master,Aeronautical Engineering,1942,460,NA,California Institute of Technology,Pasadena,California,United States,34.1597,-118.139
1216,N00362,吳壯夫,Wu Zhuangfu,"Go, Chong-hu",M,Mapúa Institute of Technology,NA,B.S.,Bachelor of Science,Bachelor,Electrical Engineering,1939,460,NA,Mapúa Institute of Technology,Manila,NA,Philippines,14.5907,120.977
1217,N00362,吳壯夫,Wu Zhuangfu,"Go, Chong-hu",M,University of the Philippines,NA,B.S.,Bachelor of Science,Bachelor,Mechanical Engineering,1937,460,NA,University of the Philippines,Manila,NA,Philippines,14.6549,121.0648
1218,N00363,吳茂叔,Wu Maoshu,"Woo, Mur-soh",M,University of Michigan,NA,NA,NA,NA,Civil Engineering,1941,460,NA,University of Michigan,Ann Arbor,Michigan,United States,42.2759,-83.731
1219,N00363,吳茂叔,Wu Maoshu,"Woo, Mur-soh",M,聖約翰大學,NA,NA,NA,NA,NA,1939,460,聖約翰大學,St. John's University,Shanghai,Jiangsu,China,31.2304,121.4737
1220,N00364,吳章彪,Wu Zhangbiao,"Ing, Kenneth",M,Tri-State College,NA,B.S.,Bachelor of Science,Bachelor,Civil Engineering,1941,460,NA,Tri-State College,Angola,Indiana,United States,41.6433,-85.005
1221,N00366,吳振邦,Wu Zhenbang,"Wu, G. B.",M,Purdue University,NA,NA,NA,NA,Economics,1943,461,NA,Purdue University,West Lafayette,Indiana,United States,40.4432,-86.9238
1222,N00366,吳振邦,Wu Zhenbang,"Wu, G. B.",M,聖約翰大學,NA,NA,NA,NA,NA,1935,461,聖約翰大學,St. John's University,Shanghai,Jiangsu,China,31.2304,121.4737
1223,N00368,吳植林,Wu Zhilin,"Eng, Jack Lum",M,Aeronautical University,NA,B.S.,Bachelor of Science,Bachelor,Aeronautical Engineering,1938,461,NA,Embry–Riddle Aeronautical University (ERAU),Miami,Florida,United States,25.7617,-80.1918
1224,N00369,吳應綸,Wu Yingguan,"Wu, Ying-lun",M,University of Illinois,NA,NA,NA,NA,Railroad Administration,1943,461,NA,University of Illinois,Chicago,Illinois,United States,41.8375,-87.6866
1225,N00369,吳應綸,Wu Yingguan,"Wu, Ying-lun",M,交通大學,NA,NA,NA,NA,NA,1922,461,交通大學,Jiaotong University,Shanghai,Shanghai,China,31.2304,121.4737
1226,N00370,吳純涵,Wu Chunhan,"Wu, Zain-han",M,University of Hawaii,NA,B.A.,Bachelor of Arts,Bachelor,Economics,1935,461,NA,University of Hawaii,Honolulu,Hawaii,United States,21.3294,-157.846
1227,N00370,吳純涵,Wu Chunhan,"Wu, Zain-han",M,中國公學大學部,NA,NA,NA,NA,NA,1922,461,中國公學大學部,China College University Department,Shanghai,Shanghai,China,31.2304,121.4737
1228,N00371,吳道艮,Wu Daogen,"Wu, Dau-kung",M,國防設計委員會,NA,NA,NA,NA,NA,NA,461,NA,National Defense Planning Commission,Nanjing,Jiangsu,China,32.0603,118.7969
1229,N00371,吳道艮,Wu Daogen,"Wu, Dau-kung",M,滬江大學,NA,NA,NA,NA,Chemical Engineering,1933,461,滬江大學,Shanghai University,Shanghai,Shanghai,China,31.2304,121.4737
1230,N00372,吳隆中,Wu Longzhong,"Wu, Lung-shen",M,Stanford University,NA,NA,NA,NA,Medicine,1943,461,NA,Stanford University,Stanford,California,United States,37.4252,-122.1674
1231,N00372,吳隆中,Wu Longzhong,"Wu, Lung-shen",M,聖約翰大學,NA,NA,NA,NA,NA,NA,461,聖約翰大學,St. John's University,Shanghai,Jiangsu,China,31.2304,121.4737
1232,N00375,吳尊爵,Wu Zunjue,"Woo, Tsen-chow",M,Cornell University,NA,M.S.,Master of Science,Master,Civil Engineering,1943,461,NA,Cornell University,Ithaca,New York,United States,42.4442,-76.5032
1233,N00375,吳尊爵,Wu Zunjue,"Woo, Tsen-chow",M,Massachusetts Institute of Technology,NA,NA,NA,NA,Civil Engineering,1943,461,NA,Massachusetts Institute of Technology,Cambridge,Massachusetts,United States,42.3759,-71.1185
1234,N00375,吳尊爵,Wu Zunjue,"Woo, Tsen-chow",M,清華大學,NA,NA,NA,NA,NA,NA,461,清華大學,Tsinghua University,Beijing,Beijing,China,39.9042,116.4074
1235,N00377,吳達和,Wu Dahe,"Ing, Andrew",M,Harvard University,NA,NA,NA,NA,Business,1943,461,NA,Harvard University,Cambridge,Massachusetts,United States,42.3759,-71.1185
1236,N00377,吳達和,Wu Dahe,"Ing, Andrew",M,University of Hawaii,NA,B.S.,Bachelor of Science,Bachelor,NA,1941,461,NA,University of Hawaii,Honolulu,Hawaii,United States,21.3294,-157.846
1237,N00378,吳敬學,Wu Jingxue,"Wu, Alfred C.",M,Massachusetts Institute of Technology,NA,B.S.,Bachelor of Science,Bachelor,Chemical Engineering,1942,461,NA,Massachusetts Institute of Technology,Cambridge,Massachusetts,United States,42.3759,-71.1185
1238,N00379,吳敬敷,Wu Jingfu,"Woo, Ching-fu",M,University of Washington,NA,M.A.,Master of Arts,Master,Agricultural Economics,1938,461,NA,University of Washington,Seattle,Oregon,United States,47.6211,-122.3244
1239,N00379,吳敬敷,Wu Jingfu,"Woo, Ching-fu",M,南開大學,NA,NA,NA,NA,NA,1931,461,南開大學,Nankai University,Tianjin,Tianjin,China,39.3434,117.3616
1240,N00380,吳敬德,Wu Jingde,"Wu, Ching-ta",M,Cornell University,NA,B.S.,Bachelor of Science,Bachelor,Mechanical Engineering,1943,461,NA,Cornell University,Ithaca,New York,United States,42.4442,-76.5032
1241,N00380,吳敬德,Wu Jingde,"Wu, Ching-ta",M,University of Hong Kong,NA,NA,NA,NA,NA,1939,461,NA,University of Hong Kong,Hong Kong,NA,Hong Kong,22.283,114.1371
1242,N00381,吳德耀,Wu Deyao,"Wu, Teh-yao",M,Harvard University,NA,NA,NA,NA,Foreign Service,1943,461,NA,Harvard University,Cambridge,Massachusetts,United States,42.3759,-71.1185
1243,N00381,吳德耀,Wu Deyao,"Wu, Teh-yao",M,金陵大學,NA,NA,NA,NA,NA,1940,461,金陵大學,Jinling University,Nanjing,Jiangsu,China,32.0603,118.7969
1244,N00382,吳漢章,Wu Hanzhang,"Woo, H. T.",M,Columbia University,NA,NA,NA,NA,Economics,1926,461,NA,Columbia University,New York City,New York,United States,40.6943,-73.9249
1245,N00382,吳漢章,Wu Hanzhang,"Woo, H. T.",M,聖約翰大學,NA,NA,NA,NA,NA,1919,461,聖約翰大學,St. John's University,Shanghai,Jiangsu,China,31.2304,121.4737
1246,N00383,吳鐵瑛,Wu Tieying,"Wu, Tieh-ying",M,San Jose State College,NA,NA,NA,NA,Mechanical Engineering,1943,462,NA,San Jose State College,San Jose,California,United States,37.3352,-121.8811
1247,N00384,吳鐵鋒,Wu Tiefeng,"Wu, Tieh-feng",M,University of California,NA,B.S.,Bachelor of Science,Bachelor,Chemistry,1943,462,NA,University of California,Berkeley,California,United States,37.8722,-122.276
1248,N00386,吳駿元,Wu Junyuan,"Woo, Chun-yuan",M,東北££££學,NA,NA,NA,NA,NA,1927,462,東北大學,Northeast University,Shenyang,Liaoning,China,41.8057,123.4315
1249,N00388,阮兆剛,Ruan Zhaogang,"Yuen, Shiu-kong",M,University College,NA,B.A.,Bachelor of Arts,Bachelor,Economics,1942,462,NA,University College,London,NA,United Kingdom,51.521,-0.13
1250,N00388,阮兆剛,Ruan Zhaogang,"Yuen, Shiu-kong",M,復旦大學,NA,NA,NA,NA,NA,1937,462,復旦大學,Fudan University,Shanghai,Shanghai,China,31.2304,121.4737
1251,N00390,阮維周,Ruan Weizhou,"Juan, Vei-chow",M,University of Chicago,NA,NA,NA,NA,Geology,1942,462,NA,University of Chicago,Chicago,Illinois,United States,41.8375,-87.6866
1252,N00390,阮維周,Ruan Weizhou,"Juan, Vei-chow",M,北京大學,NA,NA,NA,NA,NA,1935,462,北京大學,Beijing University,Beijing,Beijing,China,39.9042,116.4074
1253,N00393,阮錫洽,Ruan Xiqia,"Yuen, Sik hop",M,New York University,NA,M.S.,Master of Science,Master,Architecture,1941,462,NA,New York University,New York City,New York,United States,40.6943,-73.9249
1254,N00393,阮錫洽,Ruan Xiqia,"Yuen, Sik hop",M,University of Chicago,NA,B.S.,Bachelor of Science,Bachelor,NA,1935,462,NA,University of Chicago,Chicago,Illinois,United States,41.8375,-87.6866
1255,N00393,阮錫洽,Ruan Xiqia,"Yuen, Sik hop",M,東南大學,NA,NA,NA,NA,NA,NA,462,東南大學,Southeast University,Nanjing,Jiangsu,China,32.0603,118.7969
1256,N00394,汪清淪,Wang Qinglun,"Wang, C. L.",M,中國大學,NA,NA,NA,NA,Political Science,1925,462,中國大學,China University,Beijing,Beijing,China,39.9042,116.4074
1257,N00395,汪盛年,Wang Shengnian,"Wang, Sheng-nien",M,中央大學,NA,NA,NA,NA,Chemistry,1937,462,中央大學,Central University,Nanjing,Jiangsu,China,32.0603,118.7969
1258,N00396,汪德熙,Wang Dexi,"Wang, Te-hsi",M,Massachusetts Institute of Technology,NA,NA,NA,NA,Chemical Engineering,1943,462,NA,Massachusetts Institute of Technology,Cambridge,Massachusetts,United States,42.3759,-71.1185
1259,N00396,汪德熙,Wang Dexi,"Wang, Te-hsi",M,清華大學,NA,NA,NA,NA,NA,1935,462,清華大學,Tsinghua University,Beijing,Beijing,China,39.9042,116.4074
1260,N00398,余日連,Yu Rilian,"Yee, Yet-lin",M,Massachusetts Institute of Technology,NA,NA,NA,NA,Automotive Engineering,1942,463,NA,Massachusetts Institute of Technology,Cambridge,Massachusetts,United States,42.3759,-71.1185
1261,N00400,余兆滄,Yu Zhaocang,"Yee, Tong",M,University of Pittsburgh,NA,B.S.,Bachelor of Science,Bachelor,Chemical Engineering,1942,463,NA,University of Pittsburgh,Pittsburgh,Pennsylvania,United States,40.4397,-79.9763
1262,N00401,余成廉,Yu Chenglian,"Yee, Lim",M,Santa Barbara State College,NA,B.A.,Bachelor of Arts,Bachelor,NA,1941,463,NA,Santa Barbara State College,Santa Barbara,California,United States,34.414,-119.8489
1263,N00401,余成廉,Yu Chenglian,"Yee, Lim",M,Stanford University,NA,NA,NA,NA,Chemistry,1943,463,NA,Stanford University,Stanford,California,United States,37.4252,-122.1674
1264,N00402,余成義,Yu Chengyi,"Yee, Sing-yee",M,Santa Barbara State College,NA,B.A.,Bachelor of Arts,Bachelor,NA,1943,463,NA,Santa Barbara State College,Santa Barbara,California,United States,34.414,-119.8489
1265,N00402,余成義,Yu Chengyi,"Yee, Sing-yee",M,Stanford University,NA,NA,NA,NA,Chemistry,1943,463,NA,Stanford University,Stanford,California,United States,37.4252,-122.1674
1266,N00403,余廷潤,Yu Tingrun,"Yee, Fred Tinyun",M,Purdue University,NA,B.S.,Bachelor of Science,Bachelor,Mechanical Engineering,1938,463,NA,Purdue University,West Lafayette,Indiana,United States,40.4432,-86.9238
1267,N00406,余炳輝,Yu Binghui,"Yee, Bim-faye",M,University of Pittsburgh,NA,B.S.,Bachelor of Science,Bachelor,Mining Engineering,1939,463,NA,University of Pittsburgh,Pittsburgh,Pennsylvania,United States,40.4397,-79.9763
1268,N00407,余景灼,Yu Jingzhuo,"Yee, Shuck Kin",M,University of California,NA,B.S.,Bachelor of Science,Bachelor,Mechanical Engineering,1943,463,NA,University of California,Berkeley,California,United States,37.8722,-122.276
1269,N00408,余斯壎,Yu Sixun,"Yu, Si-hsuin",M,University of Minnesota,NA,M.S.,Master of Science,Master,Agricultural Economics,1941,463,NA,University of Minnesota,Minneapolis,Minnesota,United States,44.9635,-93.2678
1270,N00408,余斯壎,Yu Sixun,"Yu, Si-hsuin",M,University of Minnesota,NA,NA,NA,NA,Agricultural Economics,1943,463,NA,University of Minnesota,Minneapolis,Minnesota,United States,44.9635,-93.2678
1271,N00408,余斯壎,Yu Sixun,"Yu, Si-hsuin",M,金陵大學,NA,NA,NA,NA,NA,1939,463,金陵大學,Jinling University,Nanjing,Jiangsu,China,32.0603,118.7969
1272,N00409,余庭發,Yu Tingfa,"Yee, Ting-fard",M,University of Michigan,NA,M.A.,Master of Arts,Master,Political Science,1942,463,NA,University of Michigan,Ann Arbor,Michigan,United States,42.2759,-83.731
1273,N00409,余庭發,Yu Tingfa,"Yee, Ting-fard",M,復旦大學,NA,NA,NA,NA,NA,1935,463,復旦大學,Fudan University,Shanghai,Shanghai,China,31.2304,121.4737
1274,N00410,余國瓚,Yu Guozan,"Yue, John K.",M,University of Washington,NA,NA,NA,NA,Political Science,1942,463,NA,University of Washington,Seattle,Oregon,United States,47.6211,-122.3244
1275,N00410,余國瓚,Yu Guozan,"Yue, John K.",M,嶺南大學,NA,NA,NA,NA,NA,1940,463,嶺南大學,Lingnan University,Guangzhou,Guangdong,China,23.1291,113.2644
1276,N00413,余新民,Yu Xinmin,"Yui, Shin min",M,Louisiana State University,NA,NA,NA,NA,Economics,1943,463,NA,Louisiana State University,Baton Rouge,Louisiana,United States,30.442,-91.1311
1277,N00413,余新民,Yu Xinmin,"Yui, Shin min",M,University of Pennsylvania,NA,M.S.,Master of Science,Master,NA,1940,463,NA,University of Pennsylvania,Philadelphia,Pennsylvania,United States,40.0077,-75.1339
1278,N00413,余新民,Yu Xinmin,"Yui, Shin min",M,南開大學,NA,NA,NA,NA,NA,1934,463,南開大學,Nankai University,Tianjin,Tianjin,China,39.3434,117.3616
1279,N00414,余新福,Yu Xinfu,"Yui, Sing fuh",M,Purdue University,NA,M.S.,Master of Science,Master,Mechanical Engineering,1941,463,NA,Purdue University,West Lafayette,Indiana,United States,40.4432,-86.9238
1280,N00414,余新福,Yu Xinfu,"Yui, Sing fuh",M,滬江大學,NA,NA,NA,NA,NA,1939,463,滬江大學,Shanghai University,Shanghai,Shanghai,China,31.2304,121.4737
1281,N00416,余耀樞,Yu Yaoshu,"Yee, James Y. K.",M,Northeastern University,NA,NA,NA,NA,Electrical Engineering,1943,464,NA,Northeastern University,Boston,Massachusetts,United States,42.3188,-71.0852
1282,N00417,余槐欽,Yu Huaiqin,"Yee, Wai-yum",M,Massachusetts Institute of Technology,NA,M.S.,Master of Science,Master,Civil Engineering,1941,464,NA,Massachusetts Institute of Technology,Cambridge,Massachusetts,United States,42.3759,-71.1185
1283,N00417,余槐欽,Yu Huaiqin,"Yee, Wai-yum",M,University of Illinois,NA,Ph.D.,Doctor of Philosophy,Doctor,Civil Engineering,1943,464,NA,University of Illinois,Chicago,Illinois,United States,41.8375,-87.6866
1284,N00417,余槐欽,Yu Huaiqin,"Yee, Wai-yum",M,嶺南大學,NA,NA,NA,NA,NA,1940,464,嶺南大學,Lingnan University,Guangzhou,Guangdong,China,23.1291,113.2644
1285,N00418,余錦煥,Yu Jinhuan,"Yee, Robert F.",M,University of Michigan,NA,B.S.,Bachelor of Science,Bachelor,Aeronautical Engineering,1936,464,NA,University of Michigan,Ann Arbor,Michigan,United States,42.2759,-83.731
1286,N00418,余錦煥,Yu Jinhuan,"Yee, Robert F.",M,嶺南大學,NA,NA,NA,NA,NA,1934,464,嶺南大學,Lingnan University,Guangzhou,Guangdong,China,23.1291,113.2644
1287,N00421,沙誌培,Sha Zhipei,"Sha, Chih-pei",M,Columbia University,NA,NA,NA,NA,NA,1927,464,NA,Columbia University,New York City,New York,United States,40.6943,-73.9249
1288,N00421,沙誌培,Sha Zhipei,"Sha, Chih-pei",M,University of Missouri,NA,B.J.,Bachelor of Journalism,Bachelor,Journalism,1932,464,NA,University of Missouri,Columbia,South Carolina,United States,34.0378,-80.9036
1289,N00422,宋以忠,Song Yizhong,"Sung, I. C.",M,Harvard University,NA,M.B.A.,Master of Business Administration,Master,Accounting,1930,464,NA,Harvard University,Cambridge,Massachusetts,United States,42.3759,-71.1185
1290,N00422,宋以忠,Song Yizhong,"Sung, I. C.",M,燕京大學,NA,NA,NA,NA,NA,1928,464,燕京大學,Yenching University,Beijing,Beijing,China,39.9042,116.4074
1291,N00424,宋幼琪,Song Youqi,"Soong, Eugene",M,Harvard University,NA,NA,NA,NA,Economics,1943,464,NA,Harvard University,Cambridge,Massachusetts,United States,42.3759,-71.1185
1292,N00424,宋幼琪,Song Youqi,"Soong, Eugene",M,New York University,NA,M.B.A.,Master of Business Administration,Master,NA,1942,464,NA,New York University,New York City,New York,United States,40.6943,-73.9249
1293,N00424,宋幼琪,Song Youqi,"Soong, Eugene",M,聖約翰大學,NA,NA,NA,NA,NA,1937,464,聖約翰大學,St. John's University,Shanghai,Jiangsu,China,31.2304,121.4737
1294,N00425,宋啟郢,Song Qiying,"Soong, William Edgar",M,University of Notre Dame,NA,B.S.,Bachelor of Science,Bachelor,Mechanical Engineering,1942,464,NA,University of Notre Dame,Notre Dame,Indiana,United States,41.7014,-86.2378
1295,N00426,宋啟鄖,Song Qiyun,"Soong, John L.",M,University of Chicago,NA,NA,NA,NA,Accounting,1943,464,NA,University of Chicago,Chicago,Illinois,United States,41.8375,-87.6866
1296,N00426,宋啟鄖,Song Qiyun,"Soong, John L.",M,University of Notre Dame,NA,B.S.,Bachelor of Science,Bachelor,NA,1941,464,NA,University of Notre Dame,Notre Dame,Indiana,United States,41.7014,-86.2378
1297,N00428,宋康寧,Song Kangning,"Sung, Kong-nying",M,St. Louis University,NA,D.D.S.,Doctor of Dental Surgery,Doctor,Dentistry,1943,464,NA,St. Louis University,St. Louis,Missouri,United States,38.6365,-90.233
1298,N00428,宋康寧,Song Kangning,"Sung, Kong-nying",M,聖約翰大學,NA,NA,NA,NA,NA,1942,464,聖約翰大學,St. John's University,Shanghai,Jiangsu,China,31.2304,121.4737
1299,N00429,宋錦福,Song Jinfu,"Yaplee, Harry Soong",M,University of Washington,NA,B.S.,Bachelor of Science,Bachelor,Chemical Engineering,1942,464,NA,University of Washington,Seattle,Oregon,United States,47.6211,-122.3244
1300,N00430,宋顯勇,Song Xianyong,"Sung, Hsien-yung",M,Antioch College,NA,NA,NA,NA,Political Science,1943,464,NA,Antioch College,Yellow Springs,Ohio,United States,39.799,-83.887
1301,N00430,宋顯勇,Song Xianyong,"Sung, Hsien-yung",M,嶺南大學,NA,NA,NA,NA,NA,NA,464,嶺南大學,Lingnan University,Guangzhou,Guangdong,China,23.1291,113.2644
1302,N00431,邱少陵,Qiu Shaoling,"Chiu, Stanley L.",M,University of Minnesota,NA,M.S.,Master of Science,Master,NA,1943,465,NA,University of Minnesota,Minneapolis,Minnesota,United States,44.9635,-93.2678
1303,N00431,邱少陵,Qiu Shaoling,"Chiu, Stanley L.",M,福建協和大學,NA,NA,NA,NA,NA,1929,465,福建協和大學,Fujian Union University,Fuzhou,Fujian,China,26.0745,119.2965
1304,N00431,邱少陵,Qiu Shaoling,"Chiu, Stanley L.",M,聖約翰大學,NA,M.D.,Doctor of Medicine,Doctor,NA,1934,465,聖約翰大學,St. John's University,Shanghai,Jiangsu,China,31.2304,121.4737
1305,N00432,杜維屏,Du Weiping,"Doo, Vee-Bing",M,Lowell Textile Institute,NA,NA,NA,NA,Textile Engineering,1943,465,NA,Lowell Textile Institute,Lowell,Massachusetts,United States,42.642,-71.334
1306,N00433,杜維新,Du Weixin,"Doo, Vee-sing",M,Tufts College,NA,NA,NA,NA,Economics,1943,465,NA,Tufts College,Medford,Massachusetts,United States,42.4075,-71.119
1307,N00434,巫郁才,Wu Yucai,"Mo, Yuk-tsoi",M,Purdue University,NA,NA,NA,NA,Mechanical Engineering,1941,465,NA,Purdue University,West Lafayette,Indiana,United States,40.4432,-86.9238
1308,N00434,巫郁才,Wu Yucai,"Mo, Yuk-tsoi",M,University of Michigan,NA,B.S.,Bachelor of Science,Bachelor,Mechanical Engineering,1940,465,NA,University of Michigan,Ann Arbor,Michigan,United States,42.2759,-83.731
1309,N00434,巫郁才,Wu Yucai,"Mo, Yuk-tsoi",M,中山大學,NA,NA,NA,NA,NA,1937,465,中山大學,Zhongshan University,Guangzhou,Guangdong,China,23.1291,113.2644
1310,N00435,巫福遊,Wu Fuyou,"Moe, Warren",M,University of Oregon,NA,NA,NA,NA,Medicine,1943,465,NA,University of Oregon,Eugene,Oregon,United States,44.0564,-123.1174
1311,N00437,言穆寶,Yan Mubao,"Yen, M. P.",M,Harvard University,NA,M.A.,Master of Arts,Master,Economics,1941,465,NA,Harvard University,Cambridge,Massachusetts,United States,42.3759,-71.1185
1312,N00437,言穆寶,Yan Mubao,"Yen, M. P.",M,University of Michigan,NA,B.A.,Bachelor of Arts,Bachelor,NA,1939,465,NA,University of Michigan,Ann Arbor,Michigan,United States,42.2759,-83.731
1313,N00437,言穆寶,Yan Mubao,"Yen, M. P.",M,南開大學,NA,NA,NA,NA,NA,NA,465,南開大學,Nankai University,Tianjin,Tianjin,China,39.3434,117.3616
1314,N00438,車任重,Che Renzhong,"Cheh, Jen-chung",M,師範大學,NA,NA,NA,NA,Education,1939,465,NA,Normal University,Beijing,Beijing,China,39.9042,116.4074
1315,N00439,車祖蔭,Che Zuyin,"Cheh, Tsu-ying",M,University of Washington,NA,NA,NA,NA,Political Science,1943,465,NA,University of Washington,Seattle,Oregon,United States,47.6211,-122.3244
1316,N00439,車祖蔭,Che Zuyin,"Cheh, Tsu-ying",M,中央政治學校,NA,NA,NA,NA,NA,1938,465,中央政治學校,Central Political School,Nanjing,Jiangsu,China,32.0603,118.7969
1317,N00440,周一良,Zhou Yiliang,"Chou, Yi-liang",M,Harvard University,NA,NA,NA,NA,Language,1943,465,NA,Harvard University,Cambridge,Massachusetts,United States,42.3759,-71.1185
1318,N00440,周一良,Zhou Yiliang,"Chou, Yi-liang",M,燕京大學,NA,NA,NA,NA,NA,1935,465,燕京大學,Yenching University,Beijing,Beijing,China,39.9042,116.4074
1319,N00441,周乃剛,Zhou Naigang,"Joe, Hoo Lawrence",M,Creighton University,NA,B.S.,Bachelor of Science,Bachelor,Medicine,1935,465,NA,Creighton University,Omaha,Nebraska,United States,41.2627,-96.0529
1320,N00441,周乃剛,Zhou Naigang,"Joe, Hoo Lawrence",M,University of California,NA,NA,NA,NA,NA,1937,465,NA,University of California,Berkeley,California,United States,37.8722,-122.276
1321,N00442,周文枚,Zhou Wenmei,"Chow, Wen-mei",M,University of Michigan,NA,M.S.,Master of Science,Master,Civil Engineering,1941,465,NA,University of Michigan,Ann Arbor,Michigan,United States,42.2759,-83.731
1322,N00442,周文枚,Zhou Wenmei,"Chow, Wen-mei",M,聖約翰大學,NA,NA,NA,NA,NA,1940,465,聖約翰大學,St. John's University,Shanghai,Jiangsu,China,31.2304,121.4737
1323,N00443,周文牧,Zhou Wenmu,"Chow, Wen-mou",M,Massachusetts Institute of Technology,NA,NA,NA,NA,Chemical Engineering,1943,465,NA,Massachusetts Institute of Technology,Cambridge,Massachusetts,United States,42.3759,-71.1185
1324,N00443,周文牧,Zhou Wenmu,"Chow, Wen-mou",M,交通大學,NA,NA,NA,NA,NA,1941,465,交通大學,Jiaotong University,Shanghai,Shanghai,China,31.2304,121.4737
1325,N00444,周文棟,Zhou Wendong,"Jue, Harry",M,University of California,NA,NA,NA,NA,Mechanical Engineering,1940,466,NA,University of California,Berkeley,California,United States,37.8722,-122.276
1326,N00444,周文棟,Zhou Wendong,"Jue, Harry",M,University of Washington,NA,NA,NA,NA,Mechanical Engineering,1943,466,NA,University of Washington,Seattle,Oregon,United States,47.6211,-122.3244
1327,N00445,周文晉,Zhou Wenjin,"Chow, W. T.",M,Massachusetts Institute of Technology,NA,XX,NA,NA,Electrical Engineering,1942,466,NA,Massachusetts Institute of Technology,Cambridge,Massachusetts,United States,42.3759,-71.1185
1328,N00445,周文晉,Zhou Wenjin,"Chow, W. T.",M,交通大學,NA,NA,NA,NA,NA,1940,466,交通大學,Jiaotong University,Shanghai,Shanghai,China,31.2304,121.4737
1329,N00447,周肴璧,Zhou Yaobi,"Chau, Yau-pik",M,University of Chicago,NA,Ph.D.,Doctor of Philosophy,Doctor,Economics,1942,466,NA,University of Chicago,Chicago,Illinois,United States,41.8375,-87.6866
1330,N00447,周肴璧,Zhou Yaobi,"Chau, Yau-pik",M,University of Michigan,NA,M.A.,Master of Arts,Master,NA,1938,466,NA,University of Michigan,Ann Arbor,Michigan,United States,42.2759,-83.731
1331,N00447,周肴璧,Zhou Yaobi,"Chau, Yau-pik",M,嶺南大學,NA,NA,NA,NA,NA,NA,466,嶺南大學,Lingnan University,Guangzhou,Guangdong,China,23.1291,113.2644
1332,N00449,周其葉,Zhou Qiye,"Joe, Alvin Kay-yip",M,University of California,NA,M.S.,Master of Science,Master,Mechanical Engineering,NA,466,NA,University of California,Berkeley,California,United States,37.8722,-122.276
1333,N00450,周成樑,Zhou Chengliang,"Chau, Shing-leung",M,University of Chicago,NA,NA,NA,NA,Business,1943,466,NA,University of Chicago,Chicago,Illinois,United States,41.8375,-87.6866
1334,N00450,周成樑,Zhou Chengliang,"Chau, Shing-leung",M,嶺南大學,NA,NA,NA,NA,NA,NA,466,嶺南大學,Lingnan University,Guangzhou,Guangdong,China,23.1291,113.2644
1335,N00451,周承緒,Zhou Chengxu,"Tseo, Cheng-se",M,Louisiana State University,NA,M.S.,Master of Science,Master,Economics,1942,466,NA,Louisiana State University,Baton Rouge,Louisiana,United States,30.442,-91.1311
1336,N00451,周承緒,Zhou Chengxu,"Tseo, Cheng-se",M,中央政治學校,NA,NA,NA,NA,NA,1933,466,中央政治學校,Central Political School,Nanjing,Jiangsu,China,32.0603,118.7969
1337,N00452,周明鸂,Zhou Mingxi,"Chou, Ming-chi",M,University of Michigan,NA,M.S.,Master of Science,Master,Aeronautical Engineering,1940,466,NA,University of Michigan,Ann Arbor,Michigan,United States,42.2759,-83.731
1338,N00452,周明鸂,Zhou Mingxi,"Chou, Ming-chi",M,交通大學,NA,NA,NA,NA,NA,1934,466,交通大學,Jiaotong University,Shanghai,Shanghai,China,31.2304,121.4737
1339,N00453,周更織,Zhou Gengzhi,"Chow, Jack",M,Lousiana State University,NA,NA,NA,NA,Agriculture,1943,466,NA,Lousiana State University,Baton Rouge,Louisiana,United States,30.4133,-91.18
1340,N00455,周新民,Zhou Xinmin,"Chow, Hsin-min",M,Columbia University,NA,NA,NA,NA,Economics,1943,466,NA,Columbia University,New York City,New York,United States,40.6943,-73.9249
1341,N00455,周新民,Zhou Xinmin,"Chow, Hsin-min",M,清華大學,NA,NA,NA,NA,NA,NA,466,清華大學,Tsinghua University,Beijing,Beijing,China,39.9042,116.4074
1342,N00456,周紹垣,Zhou Shaoyuan,"Joe, Charles Chun",M,University of Nevada,NA,B.S.,Bachelor of Science,Bachelor,Electrical Engineering,1943,466,NA,University of Nevada,Reno,Nevada,United States,39.5497,-119.8483
1343,N00458,周維新,Zhou Weixin,"Chow, Wei-sing",M,武昌大學,NA,NA,NA,NA,NA,1927,466,武昌大學,Wuchang University,Wuhan,Hubei,China,30.5928,114.3055
1344,N00459,周順源,Zhou Shunyuan,"Chou, James S. Y.",M,Purdue University,NA,NA,NA,NA,Electrical Engineering,1943,466,NA,Purdue University,West Lafayette,Indiana,United States,40.4432,-86.9238
1345,N00459,周順源,Zhou Shunyuan,"Chou, James S. Y.",M,聖約翰大學,NA,NA,NA,NA,NA,1941,466,聖約翰大學,St. John's University,Shanghai,Jiangsu,China,31.2304,121.4737
1346,N00460,周逸泉,Zhou Yiquan,"Chau, Eugene Y. C.",M,Washington University,NA,B.S.,Bachelor of Science,Bachelor,Chemical Engineering,1937,466,NA,Washington University,Seattle,Missouri,United States,38.6488,-90.3108
1347,N00462,周敏謙,Zhou Minqian,"Chou, Min-chien",M,華西大學,NA,NA,NA,NA,English,1941,467,華西大學,West China University,Chengdu,Sichuan,China,30.5728,104.0668
1348,N00465,周錦蔭,Zhou Jinyin,"Young, Joe G. Jr.",M,Ilegible,NA,NA,NA,NA,Chemical Engineering,1943,467,NA,NA,NA,NA,NA,NA,NA
1349,N00466,周慶岐,Zhou Qingqi,"Chow, Hing-kee",M,University of Arizona,NA,B.S.,Bachelor of Science,Bachelor,Mechanical Engineering,1942,467,NA,University of Arizona,Tucson,Arizona,United States,32.1541,-110.8787
1350,N00466,周慶岐,Zhou Qingqi,"Chow, Hing-kee",M,University of California,NA,NA,NA,NA,Mechanical Engineering,1943,467,NA,University of California,Berkeley,California,United States,37.8722,-122.276
1351,N00466,周慶岐,Zhou Qingqi,"Chow, Hing-kee",M,University of Michigan,NA,NA,NA,NA,Mechanical Engineering,1943,467,NA,University of Michigan,Ann Arbor,Michigan,United States,42.2759,-83.731
1352,N00467,周貽囷,Zhou Yiqun,"Chow, Yee-chuing",M,University of Illinois,NA,Ph.D.,Doctor of Philosophy,Doctor,Accounting,1943,467,NA,University of Illinois,Chicago,Illinois,United States,41.8375,-87.6866
1353,N00467,周貽囷,Zhou Yiqun,"Chow, Yee-chuing",M,復旦大學,NA,NA,NA,NA,NA,1927,467,復旦大學,Fudan University,Shanghai,Shanghai,China,31.2304,121.4737
1354,N00468,周旸,Zhou Yang,"Chow, David Ta-wei",M,北平民國大學,NA,NA,NA,NA,NA,1933,467,NA,Peiping Minguo University,Beijing,Beijing,China,39.9042,116.4074
1355,N00468,周旸,Zhou Yang,"Chow, David Ta-wei",M,東京商科大學,NA,NA,NA,NA,NA,1937,467,NA,Tokyo University of Commerce,Tokyo,Tokyo,Japan,35.6762,139.6503
1356,N00469,周德奄,Zhou Deyan,"Chow, Augustine T. L.",M,International University,NA,Ph.M.,Master of Philosophy,Master,Philosophy,1937,467,NA,International University,Brussels,NA,Belgium,50.8467,4.3525
1357,N00469,周德奄,Zhou Deyan,"Chow, Augustine T. L.",M,Loyola University,NA,NA,NA,NA,Philosophy,1943,467,NA,Loyola University,Chicago,Illinois,United States,41.9998,-87.657
1358,N00469,周德奄,Zhou Deyan,"Chow, Augustine T. L.",M,震旦大學,NA,NA,NA,NA,NA,1930,467,震旦大學,Aurora University,Shanghai,Shanghai,China,31.2304,121.4737
1359,N00471,周舜莘,Zhou Shunshen,"Chou, Shun-hsin",M,Columbia University,NA,Ph.D.,Doctor of Philosophy,Doctor,Economics,1942,467,NA,Columbia University,New York City,New York,United States,40.6943,-73.9249
1360,N00471,周舜莘,Zhou Shunshen,"Chou, Shun-hsin",M,University of California,NA,M.A.,Master of Arts,Master,NA,1940,467,NA,University of California,Berkeley,California,United States,37.8722,-122.276
1361,N00471,周舜莘,Zhou Shunshen,"Chou, Shun-hsin",M,燕京大學,NA,NA,NA,NA,NA,1935,467,燕京大學,Yenching University,Beijing,Beijing,China,39.9042,116.4074
1362,N00472,周嘉琳,Zhou Jialin,"Chou, Chia-lin",M,Harvard University,NA,NA,NA,NA,Law,NA,467,NA,Harvard University,Cambridge,Massachusetts,United States,42.3759,-71.1185
1363,N00472,周嘉琳,Zhou Jialin,"Chou, Chia-lin",M,燕京大學,NA,NA,NA,NA,NA,NA,467,燕京大學,Yenching University,Beijing,Beijing,China,39.9042,116.4074
1364,N00473,周燦光,Zhou Canguang,"Joe, Benjamin Jr.",M,Purdue University,NA,NA,NA,NA,Electrical Engineering,1943,467,NA,Purdue University,West Lafayette,Indiana,United States,40.4432,-86.9238
1365,N00474,周濬良,Zhou Junliang,"Chow, Tsin-liang",M,Catholic University of America,NA,M.A.,Master of Arts,Master,NA,1940,467,NA,Catholic University of America,Washington,District of Columbia,United States,38.9047,-77.0163
1366,N00474,周濬良,Zhou Junliang,"Chow, Tsin-liang",M,Loyola University,NA,NA,NA,NA,Philosophy,1943,467,NA,Loyola University,Chicago,Illinois,United States,41.9998,-87.657
1367,N00474,周濬良,Zhou Junliang,"Chow, Tsin-liang",M,震旦大學,NA,NA,NA,NA,NA,1935,467,震旦大學,Aurora University,Shanghai,Shanghai,China,31.2304,121.4737
1368,N00476,周鯁生,Zhou Gengsheng,"Chow, S. R.",M,Edinburgh University,NA,M.A.,Master of Arts,Master,NA,NA,467,NA,Edinburgh University,Edinburgh,NA,United Kingdom,55.9445,-3.1892
1369,N00476,周鯁生,Zhou Gengsheng,"Chow, S. R.",M,University of Paris,NA,LL.D.,Doctor of Laws,Doctor,NA,NA,467,NA,University of Paris,Paris,NA,France,48.8462,2.3449
1370,N00478,明世勣,Ming Shiji,"Ming, She-chi",M,中央陸軍軍官學校,NA,NA,NA,NA,NA,NA,467,中央陸軍軍官學校,Central Army Military Academy,Nanjing,Jiangsu,China,32.0603,118.7969
1371,N00479,芮雲孫,Rui Yunsun,"Jui, Yung-sung",M,稅務專門學校,NA,NA,NA,NA,NA,1938,468,稅務專門學校,Taxation College,Shanghai,Shanghai,China,31.2304,121.4737
1372,N00480,林中民,Lin Zhongmin,"Lin, Philip",M,Columbia University,NA,NA,NA,NA,Political Science,1943,468,NA,Columbia University,New York City,New York,United States,40.6943,-73.9249
1373,N00480,林中民,Lin Zhongmin,"Lin, Philip",M,福建協和大學,NA,NA,NA,NA,NA,NA,468,福建協和大學,Fujian Union University,Fuzhou,Fujian,China,26.0745,119.2965
1374,N00481,林平卿,Lin Pingqing,"Ling, Bing-chung",M,Texas Technical College,NA,NA,NA,NA,NA,1943,468,NA,Texas Technical College,Lubbock,Texas,United States,33.5843,-101.8783
1375,N00481,林平卿,Lin Pingqing,"Ling, Bing-chung",M,University of Michigan,NA,Ph.D.,Doctor of Philosophy,Doctor,Psychology,1939,468,NA,University of Michigan,Ann Arbor,Michigan,United States,42.2759,-83.731
1376,N00481,林平卿,Lin Pingqing,"Ling, Bing-chung",M,Wellesley College,NA,B.A.,Bachelor of Arts,Bachelor,Psychology,1931,468,NA,Wellesley College,Wellesley,Massachusetts,United States,42.29649,-71.29256
1377,N00482,林光榮,Lin Guangrong,"Ling, David G. I.",M,Drew University,NA,M.A.,Master of Arts,Master,Sociology,1933,468,NA,Drew University,Madison,New Jersey,United States,40.7586,-74.4169
1378,N00482,林光榮,Lin Guangrong,"Ling, David G. I.",M,Drew University,NA,NA,NA,NA,Sociology,1943,468,NA,Drew University,Madison,New Jersey,United States,40.7586,-74.4169
1379,N00483,林永青,Lin Yongqing,"Lam, Wing-ching",M,Cornell University,NA,NA,NA,NA,Mechanical Engineering,1943,468,NA,Cornell University,Ithaca,New York,United States,42.4442,-76.5032
1380,N00483,林永青,Lin Yongqing,"Lam, Wing-ching",M,Massachusetts Institute of Technology,NA,NA,NA,NA,Mechanical Engineering,1943,468,NA,Massachusetts Institute of Technology,Cambridge,Massachusetts,United States,42.3759,-71.1185
1381,N00483,林永青,Lin Yongqing,"Lam, Wing-ching",M,University of Colorado,NA,B.S.,Bachelor of Science,Bachelor,Mechanical Engineering,1942,468,NA,University of Colorado,Boulder,Colorado,United States,40.0248,-105.2524
1382,N00484,林同嘏,Lin Tonggu,"Lin, T. K.",M,Massachusetts Institute of Technology,NA,NA,NA,NA,Electrical Engineering,1943,468,NA,Massachusetts Institute of Technology,Cambridge,Massachusetts,United States,42.3759,-71.1185
1383,N00484,林同嘏,Lin Tonggu,"Lin, T. K.",M,清華大學,NA,NA,NA,NA,NA,1938,468,清華大學,Tsinghua University,Beijing,Beijing,China,39.9042,116.4074
1384,N00485,林世讓,Lin Shirang,"Ling, Shih-sang",M,California Institute of Technology,NA,M.S.,Master of Science,Master,Electrical Engineering,1943,468,NA,California Institute of Technology,Pasadena,California,United States,34.1597,-118.139
1385,N00485,林世讓,Lin Shirang,"Ling, Shih-sang",M,之江大學,NA,NA,NA,NA,NA,1936,468,之江大學,Zhijiang University,Hangzhou,Zhejiang,China,30.2741,120.1551
1386,N00488,林皆立,Lin Jieli,"Lin, T. Domingo",M,Colorado School of Mines,NA,M.S.,Master of Science,Master,Mining Engineering,1943,468,NA,Colorado School of Mines,Golden,Colorado,United States,39.7406,-105.2118
1387,N00488,林皆立,Lin Jieli,"Lin, T. Domingo",M,University of Santo Tomas,NA,B.S.,Bachelor of Science,Bachelor,NA,1939,468,NA,University of Santo Tomas,Manila,NA,Philippines,14.6096,120.9896
1388,N00489,林長民,Lin Changmin,"Lum, George",M,New York University,NA,NA,NA,NA,Mechanical Engineering,1943,468,NA,New York University,New York City,New York,United States,40.6943,-73.9249
1389,N00490,林卓園,Lin Zhuoyuan,"Lin, Cho-yuan",M,Penn State College,NA,Ph.D.,Doctor of Philosophy,Doctor,Chemical Engineering,1939,468,NA,Penn State College,State College,Pennsylvania,United States,40.7982,-77.8599
1390,N00490,林卓園,Lin Zhuoyuan,"Lin, Cho-yuan",M,燕京大學,NA,NA,NA,NA,NA,1934,468,燕京大學,Yenching University,Beijing,Beijing,China,39.9042,116.4074
1391,N00492,林卓群,Lin Zhuoqun,"Ling, Cho-chum",M,University of Michigan,NA,M.S.,Master of Science,Master,Chemical Engineering,1942,468,NA,University of Michigan,Ann Arbor,Michigan,United States,42.2759,-83.731
1392,N00492,林卓群,Lin Zhuoqun,"Ling, Cho-chum",M,滬江大學,NA,NA,NA,NA,NA,NA,468,滬江大學,Shanghai University,Shanghai,Shanghai,China,31.2304,121.4737
1393,N00494,林達光,Lin Daguang,"Lin, Paul T. K.",M,Fletcher School of Law & Diplomacy,NA,NA,NA,NA,Political Science,1943,468,NA,Fletcher School of Law & Diplomacy,Medford,Massachusetts,United States,42.4085,-71.12
1394,N00494,林達光,Lin Daguang,"Lin, Paul T. K.",M,University of Michigan,NA,NA,NA,NA,NA,1943,468,NA,University of Michigan,Ann Arbor,Michigan,United States,42.2759,-83.731
1395,N00495,林達美,Lin Damei,"Lin, Ta-mei",M,University of Illinois,NA,NA,NA,NA,Transportation,1943,469,NA,University of Illinois,Chicago,Illinois,United States,41.8375,-87.6866
1396,N00495,林達美,Lin Damei,"Lin, Ta-mei",M,交通大學,NA,NA,NA,NA,NA,1928,469,交通大學,Jiaotong University,Shanghai,Shanghai,China,31.2304,121.4737
1397,N00496,林津,Lin Jin,"Lynn, Richard C.",M,交通大學,NA,NA,NA,NA,Electrical Engineering,1934,469,交通大學,Jiaotong University,Shanghai,Shanghai,China,31.2304,121.4737
1398,N00497,林家翹,Lin Jiaqiao,"Lin, Chia-chiao",M,California Institute of Technology,NA,NA,NA,NA,Physiology,1943,469,NA,California Institute of Technology,Pasadena,California,United States,34.1597,-118.139
1399,N00497,林家翹,Lin Jiaqiao,"Lin, Chia-chiao",M,University of Toronto,NA,M.A.,Master of Arts,Master,NA,1941,469,NA,University of Toronto,Toronto,NA,Canada,43.6629,-79.3957
1400,N00497,林家翹,Lin Jiaqiao,"Lin, Chia-chiao",M,清華大學,NA,NA,NA,NA,NA,1937,469,清華大學,Tsinghua University,Beijing,Beijing,China,39.9042,116.4074
1401,N00499,林秉旋,Lin Bingxuan,"Lum, Walter",M,Purdue University,NA,NA,NA,NA,Civil Engineering,1943,469,NA,Purdue University,West Lafayette,Indiana,United States,40.4432,-86.9238
1402,N00499,林秉旋,Lin Bingxuan,"Lum, Walter",M,University of Hawaii,NA,NA,NA,NA,NA,1941,469,NA,University of Hawaii,Honolulu,Hawaii,United States,21.3294,-157.846
1403,N00501,林侔聖,Lin Mousheng,"Lin, Mousheng",M,Oberlin College,NA,NA,NA,NA,NA,1932,469,NA,Oberlin College,Oberlin,Ohio,United States,41.286,-82.2198
1404,N00501,林侔聖,Lin Mousheng,"Lin, Mousheng",M,University of Chicago,NA,Ph.D.,Doctor of Philosophy,Doctor,Political Science,1935,469,NA,University of Chicago,Chicago,Illinois,United States,41.8375,-87.6866
1405,N00501,林侔聖,Lin Mousheng,"Lin, Mousheng",M,Yale University,NA,NA,NA,NA,NA,1935,469,NA,Yale University,New Haven,Connecticut,United States,41.3113,-72.9246
1406,N00501,林侔聖,Lin Mousheng,"Lin, Mousheng",M,福建協和大學,NA,NA,NA,NA,NA,1926,469,福建協和大學,Fujian Union University,Fuzhou,Fujian,China,26.0745,119.2965
1407,N00503,林德讓,Lin Derang,"Lin, Tek-young",M,Iowa State College,NA,NA,NA,NA,Animal Husbandry,1943,469,NA,Iowa State College,Ames,Iowa,United States,42.0267,-93.6465
1408,N00504,林霖,Lin Lin,"Lin, Lin",M,Ohio State University,NA,M.A.,Master of Arts,Master,Economics,1934,469,NA,Ohio State University,Columbus,Ohio,United States,39.9862,-82.9855
1409,N00504,林霖,Lin Lin,"Lin, Lin",M,大夏大學,NA,NA,NA,NA,NA,NA,469,大夏大學,Daxia University,Shanghai,Shanghai,China,31.2304,121.4737
1410,N00505,林熾芬,Lin Chifen,"Lum, Chefum",M,University of California,NA,B.A.,Bachelor of Arts,Bachelor,Architecture,1943,469,NA,University of California,Berkeley,California,United States,37.8722,-122.276
1411,N00507,林繼誠,Lin Jicheng,"Lin, Philip C.",M,Columbia University,NA,M.S.,Master of Science,Master,Business,1942,469,NA,Columbia University,New York City,New York,United States,40.6943,-73.9249
1412,N00507,林繼誠,Lin Jicheng,"Lin, Philip C.",M,University of Wisconsin,NA,B.S.,Bachelor of Science,Bachelor,NA,1940,469,NA,University of Wisconsin,Madison,Wisconsin,United States,43.0822,-89.393
1413,N00507,林繼誠,Lin Jicheng,"Lin, Philip C.",M,Yale University,NA,NA,NA,NA,Architecture,1943,469,NA,Yale University,New Haven,Connecticut,United States,41.3113,-72.9246
1414,N00507,林繼誠,Lin Jicheng,"Lin, Philip C.",M,清華大學,NA,NA,NA,NA,NA,1937,469,清華大學,Tsinghua University,Beijing,Beijing,China,39.9042,116.4074
1415,N00508,林驊,Lin Hua,"Lin, Hua",M,University of Michigan,NA,NA,NA,NA,Aeronautical Engineering,1943,469,NA,University of Michigan,Ann Arbor,Michigan,United States,42.2759,-83.731
1416,N00508,林驊,Lin Hua,"Lin, Hua",M,清華大學,NA,NA,NA,NA,NA,NA,469,清華大學,Tsinghua University,Beijing,Beijing,China,39.9042,116.4074
1417,N00509,林穀孫,Lin Gusun,"Ling, Ku-sun",M,Purdue University,NA,B.S.,Bachelor of Science,Bachelor,Electrical Engineering,1942,469,NA,Purdue University,West Lafayette,Indiana,United States,40.4432,-86.9238
1418,N00509,林穀孫,Lin Gusun,"Ling, Ku-sun",M,Purdue University,NA,NA,NA,NA,Electrical Engineering,1943,469,NA,Purdue University,West Lafayette,Indiana,United States,40.4432,-86.9238
1419,N00511,金鹹和,Jin Xianhe,"King, Hien-houo",M,Institut Meurice Chimie,NA,NA,NA,NA,NA,NA,469,NA,Institut Meurice Chimie,Brussels,NA,Belgium,50.817,4.394
1420,N00512,金鹹彬,Jin Xianbin,"King, Henry",M,Cornell University,NA,NA,NA,NA,Chemical Engineering,1943,470,NA,Cornell University,Ithaca,New York,United States,42.4442,-76.5032
1421,N00513,金嶽霖,Jin Yuelin,"Chin, Y. L.",M,Columbia University,NA,NA,NA,NA,Philosophy,1920,470,NA,Columbia University,New York City,New York,United States,40.6943,-73.9249
1422,N00514,金龍順,Jin Longshun,"Ching, Selaon",M,Michigan State College,NA,M.S.,Master of Science,Master,Chemistry,1942,470,NA,Michigan State College,East Lansing,Michigan,United States,42.748,-84.4836
1423,N00514,金龍順,Jin Longshun,"Ching, Selaon",M,Oberlin College,NA,NA,NA,NA,NA,1935,470,NA,Oberlin College,Oberlin,Ohio,United States,41.286,-82.2198
1424,N00516,金維賢,Jin Weixian,"King, Wei-hsien",M,Ilegible,NA,NA,NA,NA,NA,NA,470,NA,NA,NA,NA,NA,NA,NA
1425,N00516,金維賢,Jin Weixian,"King, Wei-hsien",M,New York University,NA,M.A.,Master of Arts,Master,Political Science,1943,470,NA,New York University,New York City,New York,United States,40.6943,-73.9249
1426,N00517,金懋暉,Jin Maohui,"King, Mou-hui",M,Kansas State College,NA,NA,NA,NA,Mechanical Engineering,1943,470,NA,Kansas State College,Manhattan,Kansas,United States,39.1974,-96.5847
1427,N00518,孟良波,Meng Liangbo,"Meng, Philip L. P.",M,George Peabody College,NA,NA,NA,NA,Education,1942,470,NA,George Peabody College,Nashville,Tennessee,United States,36.1447,-86.8027
1428,N00518,孟良波,Meng Liangbo,"Meng, Philip L. P.",M,Southwestern Seminary,NA,NA,NA,NA,NA,1941,470,NA,Southwestern Seminary,Fort Worth,Texas,United States,32.68,-97.344
1429,N00518,孟良波,Meng Liangbo,"Meng, Philip L. P.",M,University of Colorado,NA,NA,NA,NA,Education,1943,470,NA,University of Colorado,Boulder,Colorado,United States,40.0248,-105.2524
1430,N00518,孟良波,Meng Liangbo,"Meng, Philip L. P.",M,滬江大學,NA,NA,NA,NA,NA,1935,470,滬江大學,Shanghai University,Shanghai,Shanghai,China,31.2304,121.4737
1431,N00520,孟慶基,Meng Qingji,"Meng, Ching-chi",M,Massachusetts Institute of Technology,NA,M.S.,Master of Science,Master,Automotive Engineering,1943,470,NA,Massachusetts Institute of Technology,Cambridge,Massachusetts,United States,42.3759,-71.1185
1432,N00520,孟慶基,Meng Qingji,"Meng, Ching-chi",M,清華大學,NA,NA,NA,NA,NA,1940,470,清華大學,Tsinghua University,Beijing,Beijing,China,39.9042,116.4074
1433,N00521,宗九齡,Zong Jiuling,"Tsung, Chiu-ling",M,Purdue University,NA,M.S.,Master of Science,Master,Mechanical Engineering,1940,470,NA,Purdue University,West Lafayette,Indiana,United States,40.4432,-86.9238
1434,N00521,宗九齡,Zong Jiuling,"Tsung, Chiu-ling",M,交通大學,NA,NA,NA,NA,NA,1939,470,交通大學,Jiaotong University,Shanghai,Shanghai,China,31.2304,121.4737
1435,N00522,武進,Wu Jin,"Wu, Chih",M,Massachusetts Institute of Technology,NA,M.S.,Master of Science,Master,Chemical Engineering,1939,470,NA,Massachusetts Institute of Technology,Cambridge,Massachusetts,United States,42.3759,-71.1185
1436,N00522,武進,Wu Jin,"Wu, Chih",M,清華大學,NA,NA,NA,NA,NA,1936,470,清華大學,Tsinghua University,Beijing,Beijing,China,39.9042,116.4074
1437,N00523,竺培風,Zhu Peifeng,"Chu, P. F.",M,Cambridge University,NA,B.A.,Bachelor of Arts,Bachelor,NA,1941,470,NA,Cambridge University,Cambridge,NA,United Kingdom,52.2043,0.1149
1438,N00523,竺培風,Zhu Peifeng,"Chu, P. F.",M,中央大學,NA,NA,NA,NA,NA,1937,470,中央大學,Central University,Nanjing,Jiangsu,China,32.0603,118.7969
1439,N00524,邵丙昆,Shao Bingkun,"Shao, Bing-kun",M,Oregon State College,NA,NA,NA,NA,Agricultural Economics,1943,470,NA,Oregon State College,Corvallis,Oregon,United States,44.5646,-123.262
1440,N00524,邵丙昆,Shao Bingkun,"Shao, Bing-kun",M,北京大學,NA,NA,NA,NA,NA,1936,470,北京大學,Beijing University,Beijing,Beijing,China,39.9042,116.4074
1441,N00525,邵習勤,Shao Xiqin,"Shao, Si-chin",M,Cornell University,NA,NA,NA,NA,NA,1943,471,NA,Cornell University,Ithaca,New York,United States,42.4442,-76.5032
1442,N00525,邵習勤,Shao Xiqin,"Shao, Si-chin",M,University of Pennsylvania,NA,M.B.A.,Master of Business Administration,Master,Business,1943,471,NA,University of Pennsylvania,Philadelphia,Pennsylvania,United States,40.0077,-75.1339
1443,N00525,邵習勤,Shao Xiqin,"Shao, Si-chin",M,交通大學,NA,NA,NA,NA,NA,1939,471,交通大學,Jiaotong University,Shanghai,Shanghai,China,31.2304,121.4737
1444,N00526,卓課業,Zhuo Keye,"Chuck, F. Y.",M,Stanford University,NA,Ph.D.,Doctor of Philosophy,Doctor,Chemical Engineering,1925,471,NA,Stanford University,Stanford,California,United States,37.4252,-122.1674
1445,N00527,岑兆煦,Cen Zhaoxu,"Huey, Herbert",M,City College of New York,NA,B.S.,Bachelor of Science,Bachelor,Civil Engineering,1942,471,NA,City College of New York,New York,New York,United States,40.82,-73.9493
1446,N00529,易榮庠,Yi Rongxiang,"Ih, Y. H",M,Massachusetts Institute of Technology,NA,NA,NA,NA,NA,NA,471,NA,Massachusetts Institute of Technology,Cambridge,Massachusetts,United States,42.3759,-71.1185
1447,N00529,易榮庠,Yi Rongxiang,"Ih, Y. H",M,交通大學,NA,NA,NA,NA,NA,NA,471,交通大學,Jiaotong University,Shanghai,Shanghai,China,31.2304,121.4737
1448,N00530,郁振德,Yu Zhende,"Yoh, Stanley L.",M,University of Detroit,NA,B.S.,Bachelor of Science,Bachelor,NA,1940,471,NA,University of Detroit,Detroit,Michigan,United States,42.4148,-83.1388
1449,N00530,郁振德,Yu Zhende,"Yoh, Stanley L.",M,University of Michigan,NA,M.S.,Master of Science,Master,Automotive Engineering,1942,471,NA,University of Michigan,Ann Arbor,Michigan,United States,42.2759,-83.731
1450,N00531,郁興民,Yu Xingmin,"Yu, Hsing-min",M,University of Michigan,NA,M.S.,Master of Science,Master,Automotive Engineering,1940,471,NA,University of Michigan,Ann Arbor,Michigan,United States,42.2759,-83.731
1451,N00531,郁興民,Yu Xingmin,"Yu, Hsing-min",M,清華大學,NA,NA,NA,NA,NA,1939,471,清華大學,Tsinghua University,Beijing,Beijing,China,39.9042,116.4074
1452,N00532,虎𤩝如,Hu ?ru,"Hu, C. Y.",M,University of California,NA,M.A.,Master of Arts,Master,NA,1936,471,NA,University of California,Berkeley,California,United States,37.8722,-122.276
1453,N00532,虎𤩝如,Hu ?ru,"Hu, C. Y.",M,University of Chicago,NA,NA,NA,NA,Soil Science,1943,471,NA,University of Chicago,Chicago,Illinois,United States,41.8375,-87.6866
1454,N00532,虎𤩝如,Hu ?ru,"Hu, C. Y.",M,金陵大學,NA,NA,NA,NA,NA,1930,471,金陵大學,Jinling University,Nanjing,Jiangsu,China,32.0603,118.7969
1455,N00533,嶽尚忠,Yue Shangzhong,"Yoh, Shang-dsong",M,Columbia University,NA,NA,NA,NA,Accounting,1943,471,NA,Columbia University,New York City,New York,United States,40.6943,-73.9249
1456,N00533,嶽尚忠,Yue Shangzhong,"Yoh, Shang-dsong",M,Syracuse University,NA,M.S.,Master of Science,Master,Accounting,1937,471,NA,Syracuse University,Syracuse,New York,United States,43.0407,-76.1437
1457,N00533,嶽尚忠,Yue Shangzhong,"Yoh, Shang-dsong",M,華西大學,NA,NA,NA,NA,NA,1935,471,華西大學,West China University,Chengdu,Sichuan,China,30.5728,104.0668
1458,N00534,嶽毓常,Yue Yuchang,"Yueh, Y. C.",M,University of Michigan,NA,B.S.,Bachelor of Science,Bachelor,NA,1943,471,NA,University of Michigan,Ann Arbor,Michigan,United States,42.2759,-83.731
1459,N00534,嶽毓常,Yue Yuchang,"Yueh, Y. C.",M,University of Pennsylvania,NA,NA,NA,NA,Business,1943,471,NA,University of Pennsylvania,Philadelphia,Pennsylvania,United States,40.0077,-75.1339
1460,N00535,嶽毓衡,Yue Yuheng,"Yueh, Herman Y. H.",M,University of Michigan,NA,NA,NA,NA,Chemical Engineering,1943,471,NA,University of Michigan,Ann Arbor,Michigan,United States,42.2759,-83.731
1461,N00536,居滋福,Ju Zifu,"Chu, T. F.",M,Cornell University,NA,M.S.,Master of Science,Master,Civil Engineering,1943,472,NA,Cornell University,Ithaca,New York,United States,42.4442,-76.5032
1462,N00536,居滋福,Ju Zifu,"Chu, T. F.",M,復旦大學,NA,NA,NA,NA,Civil Engineering,1941,472,復旦大學,Fudan University,Shanghai,Shanghai,China,31.2304,121.4737
1463,N00537,胡可鏋,Hu Keman,"Hu, George Kou-man",M,University of Michigan,NA,M.S.,Master of Science,Master,Mechanical Engineering,1942,472,NA,University of Michigan,Ann Arbor,Michigan,United States,42.2759,-83.731
1464,N00537,胡可鏋,Hu Keman,"Hu, George Kou-man",M,清華大學,NA,NA,NA,NA,NA,1940,472,清華大學,Tsinghua University,Beijing,Beijing,China,39.9042,116.4074
1465,N00538,胡永春,Hu Yongchun,"Hu, Yung-chun",M,University of Michigan,NA,NA,NA,NA,Electrical Engineering,1943,472,NA,University of Michigan,Ann Arbor,Michigan,United States,42.2759,-83.731
1466,N00538,胡永春,Hu Yongchun,"Hu, Yung-chun",M,清華大學,NA,NA,NA,NA,NA,1940,472,清華大學,Tsinghua University,Beijing,Beijing,China,39.9042,116.4074
1467,N00539,胡世昌,Hu Shichang,"Hoo, Robert S. C.",M,Columbia University,NA,NA,NA,NA,Economics,1943,472,NA,Columbia University,New York City,New York,United States,40.6943,-73.9249
1468,N00539,胡世昌,Hu Shichang,"Hoo, Robert S. C.",M,University of Washington,NA,NA,NA,NA,Economics,1942,472,NA,University of Washington,Seattle,Oregon,United States,47.6211,-122.3244
1469,N00539,胡世昌,Hu Shichang,"Hoo, Robert S. C.",M,輔仁大學,NA,NA,NA,NA,NA,1941,472,輔仁大學,Fu-jen University,Beijing,Beijing,China,39.9042,116.4074
1470,N00541,胡光泰,Hu Guangtai,"Hu, K. T.",M,Harvard University,NA,M.B.A.,Master of Business Administration,Master,Business,1943,472,NA,Harvard University,Cambridge,Massachusetts,United States,42.3759,-71.1185
1471,N00541,胡光泰,Hu Guangtai,"Hu, K. T.",M,Harvard University,NA,NA,NA,NA,Economics,1943,472,NA,Harvard University,Cambridge,Massachusetts,United States,42.3759,-71.1185
1472,N00541,胡光泰,Hu Guangtai,"Hu, K. T.",M,南開大學,NA,NA,NA,NA,NA,1940,472,南開大學,Nankai University,Tianjin,Tianjin,China,39.3434,117.3616
1473,N00542,胡光渤,Hu Guangbo,"Hu, Kuang Po",M,Columbia University,NA,NA,NA,NA,Economics,1943,472,NA,Columbia University,New York City,New York,United States,40.6943,-73.9249
1474,N00542,胡光渤,Hu Guangbo,"Hu, Kuang Po",M,University of Wisconsin,NA,NA,NA,NA,NA,1943,472,NA,University of Wisconsin,Madison,Wisconsin,United States,43.0822,-89.393
1475,N00542,胡光渤,Hu Guangbo,"Hu, Kuang Po",M,燕京大學,NA,NA,NA,NA,NA,1940,472,燕京大學,Yenching University,Beijing,Beijing,China,39.9042,116.4074
1476,N00543,胡炘,Hu Xin,"Hu, Shing",M,中央陸軍軍官學校,NA,NA,NA,NA,NA,NA,472,中央陸軍軍官學校,Central Army Military Academy,Nanjing,Jiangsu,China,32.0603,118.7969
1477,N00544,胡宗壇,Hu Zongtan,"Woo, H. Chung",M,Tri-State College,NA,B.S.,Bachelor of Science,Bachelor,Electrical Engineering,1942,472,NA,Tri-State College,Angola,Indiana,United States,41.6433,-85.005
1478,N00545,胡伯堯,Hu Boyao,"Hu, James J.",M,University of California,NA,B.S.,Bachelor of Science,Bachelor,Chemistry,1930,472,NA,University of California,Berkeley,California,United States,37.8722,-122.276
1479,N00545,胡伯堯,Hu Boyao,"Hu, James J.",M,University of Minnesota,NA,M.S.,Master of Science,Master,Chemical Engineering,1940,472,NA,University of Minnesota,Minneapolis,Minnesota,United States,44.9635,-93.2678
1480,N00546,胡沛泉,Hu Peiquan,"Hu, Pai-chuan",M,University of Michigan,NA,M.S.,Master of Science,Master,Civil Engineering,1941,472,NA,University of Michigan,Ann Arbor,Michigan,United States,42.2759,-83.731
1481,N00546,胡沛泉,Hu Peiquan,"Hu, Pai-chuan",M,聖約翰大學,NA,NA,NA,NA,NA,1940,472,聖約翰大學,St. John's University,Shanghai,Jiangsu,China,31.2304,121.4737
1482,N00547,胡其忠,Hu Qizhong,"Woo, Ji-tsung",M,University of California,NA,NA,NA,NA,Electrical Engineering,1943,472,NA,University of California,Berkeley,California,United States,37.8722,-122.276
1483,N00548,胡其俠,Hu Qixia,"Woo, Ji-yah",M,University of California,NA,B.S.,Bachelor of Science,Bachelor,Mechanical Engineering,1943,472,NA,University of California,Berkeley,California,United States,37.8722,-122.276
1484,N00548,胡其俠,Hu Qixia,"Woo, Ji-yah",M,University of Hong Kong,NA,NA,NA,NA,NA,1940,472,NA,University of Hong Kong,Hong Kong,NA,Hong Kong,22.283,114.1371
1485,N00549,胡其雄,Hu Qixiong,"Woo, Ji-hung",M,University of California,NA,NA,NA,NA,Agriculture,1943,472,NA,University of California,Berkeley,California,United States,37.8722,-122.276
1486,N00550,胡祖望,Hu Zuwang,"Hu, Tsu-wang",M,Cornell University,NA,B.S.,Bachelor of Science,Bachelor,Mechanical Engineering,1942,472,NA,Cornell University,Ithaca,New York,United States,42.4442,-76.5032
1487,N00550,胡祖望,Hu Zuwang,"Hu, Tsu-wang",M,西南聯合大學,NA,NA,NA,NA,NA,1938,472,西南聯合大學,Southwest Associated University,Kunming,Yunnan,China,25.0389,102.7183
1488,N00551,胡國棟,Hu Guodong,"Woo, Wilbur Kuotung",M,University of Southern California,NA,NA,NA,NA,Business,1943,472,NA,University of Southern California,Los Angeles,California,United States,34.1141,-118.4068
1489,N00552,胡星垣,Hu Xingyuan,"Woo, Anthony S.",M,Marquette University,NA,NA,NA,NA,Electrical Engineering,1935,472,NA,Marquette University,Milwaukee,Wisconsin,United States,43.0642,-87.9675
1490,N00553,胡惠宣,Hu Huixuan,"Hu, Hui-hsuan",M,Columbia University,NA,M.A.,Master of Arts,Master,NA,1940,473,NA,Columbia University,New York City,New York,United States,40.6943,-73.9249
1491,N00553,胡惠宣,Hu Huixuan,"Hu, Hui-hsuan",M,University of Chicago,NA,NA,NA,NA,Political Science,1943,473,NA,University of Chicago,Chicago,Illinois,United States,41.8375,-87.6866
1492,N00553,胡惠宣,Hu Huixuan,"Hu, Hui-hsuan",M,燕京大學,NA,NA,NA,NA,NA,1937,473,燕京大學,Yenching University,Beijing,Beijing,China,39.9042,116.4074
1493,N00555,胡漢泉,Hu Hanquan,"Hu, Han-chuan",M,University of Michigan,NA,M.S.,Master of Science,Master,Electrical Engineering,1941,473,NA,University of Michigan,Ann Arbor,Michigan,United States,42.2759,-83.731
1494,N00555,胡漢泉,Hu Hanquan,"Hu, Han-chuan",M,交通大學,NA,NA,NA,NA,NA,1940,473,交通大學,Jiaotong University,Shanghai,Shanghai,China,31.2304,121.4737
1495,N00556,胡善恩,Hu Shanen,"Hu, Shan-en",M,University of California,NA,NA,NA,NA,Geography,1943,473,NA,University of California,Berkeley,California,United States,37.8722,-122.276
1496,N00556,胡善恩,Hu Shanen,"Hu, Shan-en",M,浙江大學,文科研究所史地學部,NA,NA,NA,NA,1942,473,浙江大學,Zhejiang University,Hangzhou,Zhejiang,China,30.2741,120.1551
1497,N00556,胡善恩,Hu Shanen,"Hu, Shan-en",M,清華大學,NA,NA,NA,NA,NA,1938,473,清華大學,Tsinghua University,Beijing,Beijing,China,39.9042,116.4074
1498,N00557,胡福源,Hu Fuyuan,"Woo, Fook-yuen",M,University of Michigan,NA,M.S.,Master of Science,Master,Chemistry,1940,473,NA,University of Michigan,Ann Arbor,Michigan,United States,42.2759,-83.731
1499,N00557,胡福源,Hu Fuyuan,"Woo, Fook-yuen",M,University of Southern California,NA,NA,NA,NA,Chemistry,1943,473,NA,University of Southern California,Los Angeles,California,United States,34.1141,-118.4068
1500,N00557,胡福源,Hu Fuyuan,"Woo, Fook-yuen",M,暨南大學,NA,NA,NA,NA,NA,1938,473,暨南大學,Jinan University,Shanghai,Shanghai,China,31.2304,121.4737
1501,N00558,胡寧,Hu Ning,"Hu, Ning",M,California Institute of Technology,NA,NA,NA,NA,Physiology,1943,473,NA,California Institute of Technology,Pasadena,California,United States,34.1597,-118.139
1502,N00558,胡寧,Hu Ning,"Hu, Ning",M,Institute for Advanced Study,NA,NA,NA,NA,Physiology,1943,473,NA,Institute for Advanced Study,Princeton,New Jersey,United States,40.3315,-74.6682
1503,N00558,胡寧,Hu Ning,"Hu, Ning",M,清華大學,NA,NA,NA,NA,NA,1936,473,清華大學,Tsinghua University,Beijing,Beijing,China,39.9042,116.4074
1504,N00559,胡鳴善,Hu Mingshan,"Hu, M. S.",M,中央大學,NA,NA,NA,NA,Electrical Engineering,1935,473,中央大學,Central University,Nanjing,Jiangsu,China,32.0603,118.7969
1505,N00561,胡聲求,Hu Shengqiu,"Hu, Seng-chin",M,California Institute of Technology,NA,NA,NA,NA,NA,1942,473,NA,California Institute of Technology,Pasadena,California,United States,34.1597,-118.139
1506,N00561,胡聲求,Hu Shengqiu,"Hu, Seng-chin",M,Massachusetts Institute of Technology,NA,Ph.D.,Doctor of Philosophy,Doctor,Aeronautical Engineering,1942,473,NA,Massachusetts Institute of Technology,Cambridge,Massachusetts,United States,42.3759,-71.1185
1507,N00561,胡聲求,Hu Shengqiu,"Hu, Seng-chin",M,Rensselaer Polytechnic Institute,NA,M.S.,Master of Science,Master,NA,1940,473,NA,Rensselaer Polytechnic Institute,Troy,New York,United States,42.7354,-73.6751
1508,N00561,胡聲求,Hu Shengqiu,"Hu, Seng-chin",M,交通大學,NA,NA,NA,NA,NA,1939,473,交通大學,Jiaotong University,Shanghai,Shanghai,China,31.2304,121.4737
1509,N00562,胡耀榮,Hu Yaorong,"Hu, Yao-yung",M,University of Illinois,NA,NA,NA,NA,Civil Engineering,1943,473,NA,University of Illinois,Chicago,Illinois,United States,41.8375,-87.6866
1510,N00562,胡耀榮,Hu Yaorong,"Hu, Yao-yung",M,University of Michigan,NA,M.S.,Master of Science,Master,Civil Engineering,1942,473,NA,University of Michigan,Ann Arbor,Michigan,United States,42.2759,-83.731
1511,N00562,胡耀榮,Hu Yaorong,"Hu, Yao-yung",M,之江大學,NA,NA,NA,NA,NA,1940,473,之江大學,Zhijiang University,Hangzhou,Zhejiang,China,30.2741,120.1551
1512,N00563,施於民,Shi Wumin,"Sze, Yu-min",M,Harvard University,NA,NA,NA,NA,Economics,1943,473,NA,Harvard University,Cambridge,Massachusetts,United States,42.3759,-71.1185
1513,N00563,施於民,Shi Wumin,"Sze, Yu-min",M,嶺南大學,NA,NA,NA,NA,NA,1941,473,嶺南大學,Lingnan University,Guangzhou,Guangdong,China,23.1291,113.2644
1514,N00565,施家渠,Shi Jiaqu,"Sze, Kenneth Chiache",M,George Washington University,NA,B.A.,Bachelor of Arts,Bachelor,NA,1941,473,NA,George Washington University,Washington,District of Columbia,United States,38.9047,-77.0163
1515,N00565,施家渠,Shi Jiaqu,"Sze, Kenneth Chiache",M,George Washington University,NA,NA,NA,NA,Medicine,1943,473,NA,George Washington University,Washington,District of Columbia,United States,38.9047,-77.0163
1516,N00565,施家渠,Shi Jiaqu,"Sze, Kenneth Chiache",M,聖約翰大學,NA,NA,NA,NA,NA,NA,473,聖約翰大學,St. John's University,Shanghai,Jiangsu,China,31.2304,121.4737
1517,N00566,施嘉珍,Shi Jiazhen,"Sze, Alice Chiacheng",M,Wellesley College,NA,NA,NA,NA,English,1943,473,NA,Wellesley College,Wellesley,Massachusetts,United States,42.29649,-71.29256
1518,N00567,施銓元,Shi Quanyuan,"Sze, Morgan C. Y.",M,Massachusetts Institute of Technology,NA,B.S.,Bachelor of Science,Bachelor,Chemical Engineering,1941,473,NA,Massachusetts Institute of Technology,Cambridge,Massachusetts,United States,42.3759,-71.1185
1519,N00567,施銓元,Shi Quanyuan,"Sze, Morgan C. Y.",M,清華大學,NA,NA,NA,NA,NA,NA,473,清華大學,Tsinghua University,Beijing,Beijing,China,39.9042,116.4074
1520,N00568,範兆倫,Fan Zhaolun,"Fan, Chao-Iung",M,浙江大學,NA,NA,NA,NA,Mechanical Engineering,1939,473,浙江大學,Zhejiang University,Hangzhou,Zhejiang,China,30.2741,120.1551
1521,N00569,範秀祚,Fan Xiuzuo,"Fan, Paul",M,State University of Iowa,NA,NA,NA,NA,Geology,1943,474,NA,State University of Iowa,Iowa City,Iowa,United States,41.6627,-91.5549
1522,N00569,範秀祚,Fan Xiuzuo,"Fan, Paul",M,Wheaton College,NA,NA,NA,NA,NA,1942,474,NA,Wheaton College,Wheaton,Illinois,United States,41.8561,-88.1085
1523,N00571,範祖淹,Fan Zuyan,"Fan, Tsu-yen",M,Columbia University,NA,M.A.,Master of Arts,Master,History,1934,474,NA,Columbia University,New York City,New York,United States,40.6943,-73.9249
1524,N00571,範祖淹,Fan Zuyan,"Fan, Tsu-yen",M,中央大學,NA,NA,NA,NA,NA,1929,474,中央大學,Central University,Nanjing,Jiangsu,China,32.0603,118.7969
1525,N00572,範新潤,Fan Xinrun,"Fan, Hsing-yun",M,University of Minnesota,NA,NA,NA,NA,Biochemistry,1943,474,NA,University of Minnesota,Minneapolis,Minnesota,United States,44.9635,-93.2678
1526,N00572,範新潤,Fan Xinrun,"Fan, Hsing-yun",M,清華大學,NA,NA,NA,NA,NA,1935,474,清華大學,Tsinghua University,Beijing,Beijing,China,39.9042,116.4074
1527,N00574,侯德榜,Hou Debang,"Hou, T. P.",M,Columbia University,NA,Ph.D.,Doctor of Philosophy,Doctor,Chemical Engineering,1921,474,NA,Columbia University,New York City,New York,United States,40.6943,-73.9249
1528,N00574,侯德榜,Hou Debang,"Hou, T. P.",M,Massachusetts Institute of Technology,NA,NA,NA,NA,NA,1917,474,NA,Massachusetts Institute of Technology,Cambridge,Massachusetts,United States,42.3759,-71.1185
1529,N00574,侯德榜,Hou Debang,"Hou, T. P.",M,清華大學,NA,NA,NA,NA,NA,1912,474,清華大學,Tsinghua University,Beijing,Beijing,China,39.9042,116.4074
1530,N00575,姜堯,Jiang Yao,"Chiang, Yao",M,Montana State College,NA,NA,NA,NA,Chemistry,1943,474,NA,Montana State College,Bozeman,Montana,United States,45.667,-111.05
1531,N00575,姜堯,Jiang Yao,"Chiang, Yao",M,University of Colorado,NA,NA,NA,NA,NA,1938,474,NA,University of Colorado,Boulder,Colorado,United States,40.0248,-105.2524
1532,N00575,姜堯,Jiang Yao,"Chiang, Yao",M,之江大學,NA,NA,NA,NA,NA,1937,474,之江大學,Zhijiang University,Hangzhou,Zhejiang,China,30.2741,120.1551
1533,N00576,姜節寅,Jiang Jieyin,"Chiang, Chieh-yin",M,Purdue University,NA,NA,NA,NA,Mechanical Engineering,1943,474,NA,Purdue University,West Lafayette,Indiana,United States,40.4432,-86.9238
1534,N00577,紀恩濤,Ji Entao,"Chi, En-tao",M,Catholic University of America,NA,NA,NA,NA,NA,1940,474,NA,Catholic University of America,Washington,District of Columbia,United States,38.9047,-77.0163
1535,N00577,紀恩濤,Ji Entao,"Chi, En-tao",M,Western Maryland College,NA,NA,NA,NA,Physiology,1943,474,NA,Western Maryland College,Westminster,Maryland,United States,39.584,-77.003
1536,N00578,俞再麟,Yu Zailin,"Yu, Tsai-lin",M,北洋大學,NA,NA,NA,NA,Metallurgy,1932,474,北洋大學,Beiyang University,Tianjin,Tianjin,China,39.3434,117.3616
1537,N00579,俞秀文,Yu Xiuwen,"Yu, Siu-wen",M,Columbia University,NA,XX,NA,NA,Education,1940,474,NA,Columbia University,New York City,New York,United States,40.6943,-73.9249
1538,N00579,俞秀文,Yu Xiuwen,"Yu, Siu-wen",M,滬江大學,NA,NA,NA,NA,NA,1932,474,滬江大學,Shanghai University,Shanghai,Shanghai,China,31.2304,121.4737
1539,N00580,俞恩瀛,Yu Enying,"Yui, En-ying",M,California Institute of Technology,NA,M.S.,Master of Science,Master,Electrical Engineering,1941,474,NA,California Institute of Technology,Pasadena,California,United States,34.1597,-118.139
1540,N00580,俞恩瀛,Yu Enying,"Yui, En-ying",M,交通大學,NA,NA,NA,NA,NA,1936,474,交通大學,Jiaotong University,Shanghai,Shanghai,China,31.2304,121.4737
1541,N00581,俞康元,Yu Kangyuan,"Yu, K. Y.",M,NationaI University,NA,M.A.,Master of Arts,Master,Economics,1940,474,NA,American National University,Roanoke,Virginia,United States,37.270556,-79.9425
1542,N00581,俞康元,Yu Kangyuan,"Yu, K. Y.",M,New York University,NA,NA,NA,NA,Accounting,1943,474,NA,New York University,New York City,New York,United States,40.6943,-73.9249
1543,N00581,俞康元,Yu Kangyuan,"Yu, K. Y.",M,燕京大學,NA,NA,NA,NA,NA,1939,474,燕京大學,Yenching University,Beijing,Beijing,China,39.9042,116.4074
1544,N00583,茅於恭,Mao Wugong,"Mao, Yu-kung",M,Chryster Institute,NA,M.S.,Master of Science,Master,Automotive Engineering,NA,475,NA,Chrysler Institute of Engineering,Highland Park,Michigan,United States,42.4056,-83.0969
1545,N00583,茅於恭,Mao Wugong,"Mao, Yu-kung",M,Purdue University,NA,M.S.,Master of Science,Master,Aeronautical Engineering,1940,475,NA,Purdue University,West Lafayette,Indiana,United States,40.4432,-86.9238
1546,N00583,茅於恭,Mao Wugong,"Mao, Yu-kung",M,交通大學,NA,NA,NA,NA,NA,1935,475,交通大學,Jiaotong University,Shanghai,Shanghai,China,31.2304,121.4737
1547,N00584,茅於越,Mao Wuyue,"Mao, Yu-yueh",M,Harvard University,NA,NA,NA,NA,Electrical Engineering,1943,475,NA,Harvard University,Cambridge,Massachusetts,United States,42.3759,-71.1185
1548,N00584,茅於越,Mao Wuyue,"Mao, Yu-yueh",M,燕京大學,NA,NA,NA,NA,NA,1937,475,燕京大學,Yenching University,Beijing,Beijing,China,39.9042,116.4074
1549,N00585,姚乃康,Yao Naikang,"Yao, Nai-kong",M,Purdue University,NA,B.S.,Bachelor of Science,Bachelor,Mechanical Engineering,1942,475,NA,Purdue University,West Lafayette,Indiana,United States,40.4432,-86.9238
1550,N00585,姚乃康,Yao Naikang,"Yao, Nai-kong",M,University of London,NA,NA,NA,NA,NA,1940,475,NA,University of London,London,NA,United Kingdom,51.521,-0.13
1551,N00586,姚乃壽,Yao Naishou,"Yao, Nai-zer",M,Manchester University,NA,NA,NA,NA,NA,1939,475,NA,Manchester University,North Manchester,Indiana,United States,41.0044,-85.7751
1552,N00586,姚乃壽,Yao Naishou,"Yao, Nai-zer",M,North Carolina State College,NA,B.S.,Bachelor of Science,Bachelor,Textile Engineering,1942,475,NA,North Carolina State College,Raleigh,North Carolina,United States,35.7847,-78.6821
1553,N00587,姚家貴,Yao Jiagui,"Yao, Chia-kuei",M,University of Michigan,NA,M.A.,Master of Arts,Master,Economics,1942,475,NA,University of Michigan,Ann Arbor,Michigan,United States,42.2759,-83.731
1554,N00587,姚家貴,Yao Jiagui,"Yao, Chia-kuei",M,天津工商學院,NA,NA,NA,NA,NA,1938,475,天津工商學院,Tianjin Industrial and Commercial College,Tianjin,Tianjin,China,39.3434,117.3616
1555,N00588,姚善友,Yao Shanyou,"Yao, Shan-yu",M,University of Pennsylvania,NA,M.A.,Master of Arts,Master,Education,1941,475,NA,University of Pennsylvania,Philadelphia,Pennsylvania,United States,40.0077,-75.1339
1556,N00588,姚善友,Yao Shanyou,"Yao, Shan-yu",M,燕京大學,NA,NA,NA,NA,NA,1936,475,燕京大學,Yenching University,Beijing,Beijing,China,39.9042,116.4074
1557,N00590,姚懷仁,Yao Huairen,"Yao, Hwai-zen",M,陸軍機械化學校,NA,NA,NA,NA,NA,NA,475,陸軍機械化學校,Army Mechanization School,Kunming,Yunnan,China,25.0389,102.7183
1558,N00591,段學復,Duan Xuefu,"Tuan, Hsio-fu",M,Princeton University,NA,NA,NA,NA,Mathematics,1943,475,NA,Princeton University,Princeton,New Jersey,United States,40.3562,-74.6693
1559,N00591,段學復,Duan Xuefu,"Tuan, Hsio-fu",M,University of Toronto,NA,M.A.,Master of Arts,Master,NA,1941,475,NA,University of Toronto,Toronto,NA,Canada,43.6629,-79.3957
1560,N00591,段學復,Duan Xuefu,"Tuan, Hsio-fu",M,清華大學,NA,NA,NA,NA,NA,1936,475,清華大學,Tsinghua University,Beijing,Beijing,China,39.9042,116.4074
1561,N00592,洪奇銳,Hong Qirui,"Hong, CharlesJury",M,Albion College,NA,B.A.,Bachelor of Arts,Bachelor,Psychology,1934,475,NA,Albion College,Albion,Michigan,United States,42.2478,-84.7572
1562,N00592,洪奇銳,Hong Qirui,"Hong, CharlesJury",M,University of Michigan,NA,B.A.,Bachelor of Arts,Bachelor,Physiology,1937,475,NA,University of Michigan,Ann Arbor,Michigan,United States,42.2759,-83.731
1563,N00592,洪奇銳,Hong Qirui,"Hong, CharlesJury",M,University of Michigan,NA,M.S.,Master of Science,Master,Psychology,1943,475,NA,University of Michigan,Ann Arbor,Michigan,United States,42.2759,-83.731
1564,N00593,洪祖怡,Hong Zuyi,"Ang, Choh-yi",M,Colorado School of Mines,NA,M.S.,Master of Science,Master,Mining Engineering,1943,475,NA,Colorado School of Mines,Golden,Colorado,United States,39.7406,-105.2118
1565,N00593,洪祖怡,Hong Zuyi,"Ang, Choh-yi",M,University of Santo Tomas,NA,NA,NA,NA,NA,1941,475,NA,University of Santo Tomas,Manila,NA,Philippines,14.6096,120.9896
1566,N00596,洪聲華,Hong Shenghua,"Hong, Sheng-hua Wesley",M,Atlantic Union College,NA,NA,NA,NA,NA,1940,475,NA,Atlantic Union College,South Lancaster,Massachusetts,United States,42.4373,-71.692
1567,N00596,洪聲華,Hong Shenghua,"Hong, Sheng-hua Wesley",M,Fordham University,NA,NA,NA,NA,History,1943,475,NA,Fordham University,New York,New York,United States,40.6943,-73.9249
1568,N00597,宣炤,Xuan Zhao,"Hsuan, C.",M,北洋大學,NA,NA,NA,NA,Metallurgy,1931,476,北洋大學,Beiyang University,Tianjin,Tianjin,China,39.3434,117.3616
1569,N00600,徐大春,Xu Dachun,"Hsu, Ta-chun",M,Columbia University,NA,NA,NA,NA,Journalism,1943,476,NA,Columbia University,New York City,New York,United States,40.6943,-73.9249
1570,N00600,徐大春,Xu Dachun,"Hsu, Ta-chun",M,Cornell University,NA,NA,NA,NA,Economics,1942,476,NA,Cornell University,Ithaca,New York,United States,42.4442,-76.5032
1571,N00600,徐大春,Xu Dachun,"Hsu, Ta-chun",M,Haverford College,NA,B.S.,Bachelor of Science,Bachelor,NA,1942,476,NA,Haverford College,Haverford,Pennsylvania,United States,40.01317,-75.29435
1572,N00600,徐大春,Xu Dachun,"Hsu, Ta-chun",M,滬江大學,NA,NA,NA,NA,NA,1938,476,滬江大學,Shanghai University,Shanghai,Shanghai,China,31.2304,121.4737
1573,N00601,徐永媖,Xu Yongying,"Hsu, Yung-ying",M,Stanford University,NA,NA,NA,NA,NA,NA,476,NA,Stanford University,Stanford,California,United States,37.4252,-122.1674
1574,N00601,徐永媖,Xu Yongying,"Hsu, Yung-ying",M,清華大學,NA,NA,NA,NA,NA,NA,476,清華大學,Tsinghua University,Beijing,Beijing,China,39.9042,116.4074
1575,N00602,徐克勤,Xu Keqin,"Hsu, Ko-chin",M,University of Minnesota,NA,M.S.,Master of Science,Master,Geology,1941,476,NA,University of Minnesota,Minneapolis,Minnesota,United States,44.9635,-93.2678
1576,N00602,徐克勤,Xu Keqin,"Hsu, Ko-chin",M,University of Minnesota,NA,NA,NA,NA,Geology,1943,476,NA,University of Minnesota,Minneapolis,Minnesota,United States,44.9635,-93.2678
1577,N00602,徐克勤,Xu Keqin,"Hsu, Ko-chin",M,中央大學,NA,NA,NA,NA,NA,1934,476,中央大學,Central University,Nanjing,Jiangsu,China,32.0603,118.7969
1578,N00603,徐同鄴,Xu Tongye,"Hsu, Tung-yeh",M,Arizona State Teachers' College,NA,NA,NA,NA,Education,1943,476,NA,Arizona State Teachers' College,Tempe,Arizona,United States,33.4215,-111.9332
1579,N00603,徐同鄴,Xu Tongye,"Hsu, Tung-yeh",M,North American Institute of Aviation,NA,NA,NA,NA,NA,1937,476,NA,North American Institute of Aviation,Conway,South Carolina,United States,33.836,-79.0478
1580,N00603,徐同鄴,Xu Tongye,"Hsu, Tung-yeh",M,交通大學,NA,NA,NA,NA,NA,1930,476,交通大學,Jiaotong University,Shanghai,Shanghai,China,31.2304,121.4737
1581,N00604,徐近之,Xu Jinzhi,"Hsu, Ginn-taze",M,Edinburgh University,NA,Ph.D.,Doctor of Philosophy,Doctor,Geography,1940,476,NA,Edinburgh University,Edinburgh,NA,United Kingdom,55.9445,-3.1892
1582,N00604,徐近之,Xu Jinzhi,"Hsu, Ginn-taze",M,Harvard University,NA,NA,NA,NA,Geography,1943,476,NA,Harvard University,Cambridge,Massachusetts,United States,42.3759,-71.1185
1583,N00604,徐近之,Xu Jinzhi,"Hsu, Ginn-taze",M,中央大學,NA,NA,NA,NA,NA,1932,476,中央大學,Central University,Nanjing,Jiangsu,China,32.0603,118.7969
1584,N00605,徐恩錫,Xu Enxi,"Hsu, En-hsi",M,Catholic University of America,NA,Ph.D.,Doctor of Philosophy,Doctor,Psychology,1941,476,NA,Catholic University of America,Washington,District of Columbia,United States,38.9047,-77.0163
1585,N00605,徐恩錫,Xu Enxi,"Hsu, En-hsi",M,韓仁大學,NA,NA,NA,NA,NA,1934,476,輔仁大學,Fu-jen University,Beijing,Beijing,China,39.9042,116.4074
1586,N00607,徐紹梯,Xu Shaoti,"Hsu, Shao-ti",M,Massachusetts Institute of Technology,NA,M.S.,Master of Science,Master,Mechanical Engineering,1943,476,NA,Massachusetts Institute of Technology,Cambridge,Massachusetts,United States,42.3759,-71.1185
1587,N00607,徐紹梯,Xu Shaoti,"Hsu, Shao-ti",M,交通大學,NA,NA,NA,NA,NA,NA,476,交通大學,Jiaotong University,Shanghai,Shanghai,China,31.2304,121.4737
1588,N00609,徐萬椿,Xu Wanchun,"Hsu, Wan-chun",M,吳淞商船學校,NA,NA,NA,NA,Mechanical Engineering,NA,476,吳淞商船學校,Wusong Merchant Shipping School,Shanghai,Shanghai,China,31.2304,121.4737
1589,N00610,徐雍舜,Xu Yongshun,"Hsu, Howard Yung-shun",M,University of Chicago,NA,NA,NA,NA,NA,1941,476,NA,University of Chicago,Chicago,Illinois,United States,41.8375,-87.6866
1590,N00610,徐雍舜,Xu Yongshun,"Hsu, Howard Yung-shun",M,University of Minnesota,NA,NA,NA,NA,Political Science,1943,476,NA,University of Minnesota,Minneapolis,Minnesota,United States,44.9635,-93.2678
1591,N00610,徐雍舜,Xu Yongshun,"Hsu, Howard Yung-shun",M,燕京大學,NA,NA,NA,NA,NA,1935,476,燕京大學,Yenching University,Beijing,Beijing,China,39.9042,116.4074
1592,N00611,徐錫慈,Xu Xici,"Tsu, Sih-tsi",M,Oregon State College,NA,NA,NA,NA,Mechanical Engineering,1940,476,NA,Oregon State College,Corvallis,Oregon,United States,44.5646,-123.262
1593,N00611,徐錫慈,Xu Xici,"Tsu, Sih-tsi",M,University of California,NA,NA,NA,NA,Horticulture,1943,476,NA,University of California,Berkeley,California,United States,37.8722,-122.276
1594,N00611,徐錫慈,Xu Xici,"Tsu, Sih-tsi",M,金陵大學,NA,NA,NA,NA,NA,1937,476,金陵大學,Jinling University,Nanjing,Jiangsu,China,32.0603,118.7969
1595,N00612,徐澤予,Xu Zeyu,"Hsu, Van T.",M,Columbia University,NA,NA,NA,NA,Business,1943,477,NA,Columbia University,New York City,New York,United States,40.6943,-73.9249
1596,N00613,徐樹康,Xu Shukang,"Hong, Yee-she",M,Syracuse University,NA,B.S.,Bachelor of Science,Bachelor,Chemistry,1938,477,NA,Syracuse University,Syracuse,New York,United States,43.0407,-76.1437
1597,N00613,徐樹康,Xu Shukang,"Hong, Yee-she",M,Syracuse University,NA,NA,NA,NA,Chemistry,1943,477,NA,Syracuse University,Syracuse,New York,United States,43.0407,-76.1437
1598,N00614,徐鐘霖,Xu Zhonglin,"Hsu, C. L",M,中央大學,機械特別研究所,NA,NA,NA,Aeronautical Engineering,1936,477,中央大學,Central University,Nanjing,Jiangsu,China,32.0603,118.7969
1599,N00614,徐鐘霖,Xu Zhonglin,"Hsu, C. L",M,中央大學,NA,NA,NA,NA,NA,1935,477,中央大學,Central University,Nanjing,Jiangsu,China,32.0603,118.7969
1600,N00615,徐寶鼎,Xu Baoding,"Hsu, Pao-ting",M,Chemical Institute of Lyon,NA,NA,NA,NA,Chemical Engineering,1938,477,NA,Chemical Institute of Lyon,Lyon,NA,France,45.754,4.826
1601,N00615,徐寶鼎,Xu Baoding,"Hsu, Pao-ting",M,University of Lyon,NA,M.S.,Master of Science,Master,NA,1937,477,NA,University of Lyon,Lyons,NA,France,45.7485,4.86
1602,N00615,徐寶鼎,Xu Baoding,"Hsu, Pao-ting",M,University of Paris,NA,Ph.D.,Doctor of Philosophy,Doctor,NA,1941,477,NA,University of Paris,Paris,NA,France,48.8462,2.3449
1603,N00615,徐寶鼎,Xu Baoding,"Hsu, Pao-ting",M,中法大學,NA,NA,NA,NA,NA,1934,477,中法大學,Sino-French University,Beijing,Beijing,China,39.9042,116.4074
1604,N00619,淩國幹,Ling Guogan,"Ling, Alexander",M,NA,NA,NA,NA,NA,NA,1940,477,NA,NA,NA,NA,NA,NA,NA
1605,N00619,淩國幹,Ling Guogan,"Ling, Alexander",M,Washington University,NA,NA,NA,NA,Medicine,1943,477,NA,Washington University,Seattle,Missouri,United States,38.6488,-90.3108
1606,N00621,高克毅,Gao Keyi,"Kao, George",M,University of Missouri,NA,M.A.,Master of Arts,Master,Journalism,NA,477,NA,University of Missouri,Columbia,South Carolina,United States,34.0378,-80.9036
1607,N00621,高克毅,Gao Keyi,"Kao, George",M,燕京大學,NA,NA,NA,NA,NA,NA,477,燕京大學,Yenching University,Beijing,Beijing,China,39.9042,116.4074
1608,N00625,高鈺銘,Gao Yuming,"Kao, York-ming",M,DePaul University,NA,NA,NA,NA,Law,1943,477,NA,DePaul University,Chicago,Illinois,United States,41.8375,-87.6866
1609,N00625,高鈺銘,Gao Yuming,"Kao, York-ming",M,New York University,NA,B.S.,Bachelor of Science,Bachelor,NA,1940,477,NA,New York University,New York City,New York,United States,40.6943,-73.9249
1610,N00627,高學中,Gao Xuezhong,"Kao, Hsueh-chung",M,Columbia University,NA,Ph.D.,Doctor of Philosophy,Doctor,Nutrition,1938,477,NA,Columbia University,New York City,New York,United States,40.6943,-73.9249
1611,N00627,高學中,Gao Xuezhong,"Kao, Hsueh-chung",M,燕京大學,NA,NA,NA,NA,NA,1932,477,燕京大學,Yenching University,Beijing,Beijing,China,39.9042,116.4074
1612,N00627,高學中,Gao Xuezhong,"Kao, Hsueh-chung",M,齊魯大學,NA,NA,NA,NA,NA,1930,477,齊魯大學,Qilu University,Jinan,Shandong,China,36.6512,117.1201
1613,N00628,高振衡,Gao Zhenheng,"Kao, Chen-heng",M,Harvard University,NA,NA,NA,NA,Chemistry,1943,478,NA,Harvard University,Cambridge,Massachusetts,United States,42.3759,-71.1185
1614,N00628,高振衡,Gao Zhenheng,"Kao, Chen-heng",M,清華大學,NA,NA,NA,NA,NA,1934,478,清華大學,Tsinghua University,Beijing,Beijing,China,39.9042,116.4074
1615,N00629,高毓霊,Gao Yuling,"Kao, John Y. L.",M,Massachusetts Institute of Technology,NA,Sc.D.,Doctor of Science,Doctor,Chemical Engineering,1942,478,NA,Massachusetts Institute of Technology,Cambridge,Massachusetts,United States,42.3759,-71.1185
1616,N00629,高毓霊,Gao Yuling,"Kao, John Y. L.",M,燕京大學,NA,NA,NA,NA,NA,1933,478,燕京大學,Yenching University,Beijing,Beijing,China,39.9042,116.4074
1617,N00629,高毓霊,Gao Yuling,"Kao, John Y. L.",M,華西大學,NA,NA,NA,NA,NA,1930,478,華西大學,West China University,Chengdu,Sichuan,China,30.5728,104.0668
1618,N00630,高澤民,Gao Zemin,"Gow, Charles Che-min",M,Case School of Applied Science,NA,NA,NA,NA,Metallurgy,1941,478,NA,Case School of Applied Science,Cleveland,Ohio,United States,41.5043,-81.6084
1619,N00630,高澤民,Gao Zemin,"Gow, Charles Che-min",M,Mount Union College,NA,NA,NA,NA,NA,1938,478,NA,Mount Union College,Alliance,Ohio,United States,40.9045,-81.1059
1620,N00631,馬竹楨,Ma Zhuzhen,"Ma, Chuk-ching",M,Columbia University,NA,Ph.D.,Doctor of Philosophy,Doctor,Chemical Engineering,1943,478,NA,Columbia University,New York City,New York,United States,40.6943,-73.9249
1621,N00631,馬竹楨,Ma Zhuzhen,"Ma, Chuk-ching",M,University of Michigan,NA,M.S.,Master of Science,Master,Chemical Engineering,1938,478,NA,University of Michigan,Ann Arbor,Michigan,United States,42.2759,-83.731
1622,N00631,馬竹楨,Ma Zhuzhen,"Ma, Chuk-ching",M,中山大學,NA,NA,NA,NA,NA,NA,478,中山大學,Zhongshan University,Guangzhou,Guangdong,China,23.1291,113.2644
1623,N00631,馬竹楨,Ma Zhuzhen,"Ma, Chuk-ching",M,廣東法學院,NA,NA,NA,NA,NA,NA,478,廣東法學院,Guangdong College of Law,Guangzhou,Guangdong,China,23.1291,113.2644
1624,N00632,馬成功,Ma Chenggong,"Ma, Shing-kung",M,Indiana University,NA,M.A.,Master of Arts,Master,Economics,1942,478,NA,Indiana University,Indianapolis,Indiana,United States,39.7771,-86.1458
1625,N00632,馬成功,Ma Chenggong,"Ma, Shing-kung",M,持誌學院,NA,NA,NA,NA,NA,1938,478,持誌學院,Zhizhi College,Shanghai,Shanghai,China,31.2304,121.4737
1626,N00633,馬汝宗,Ma Ruzong,"Mar, Francis",M,Iowa State College,NA,NA,NA,NA,Agrononmy,1943,478,NA,Iowa State College,Ames,Iowa,United States,42.0267,-93.6465
1627,N00634,馬昇藩,Ma Shengfan,"Mah, Shing Pon",M,Ohio State University,NA,B.A.,Bachelor of Arts,Bachelor,Plant Pathology,1941,478,NA,Ohio State University,Columbus,Ohio,United States,39.9862,-82.9855
1628,N00634,馬昇藩,Ma Shengfan,"Mah, Shing Pon",M,Ohio State University,NA,M.S.,Master of Science,Bachelor,Plant Pathology,1941,478,NA,Ohio State University,Columbus,Ohio,United States,39.9862,-82.9855
1629,N00634,馬昇藩,Ma Shengfan,"Mah, Shing Pon",M,Ohio State University,NA,NA,NA,NA,Plant Pathology,1943,478,NA,Ohio State University,Columbus,Ohio,United States,39.9862,-82.9855
1630,N00635,馬紹棠,Ma Shaotang,"Ma, Shiu-tong",M,University of Pennsylvania,NA,M.A.,Master of Arts,Master,Transportation,1939,478,NA,University of Pennsylvania,Philadelphia,Pennsylvania,United States,40.0077,-75.1339
1631,N00635,馬紹棠,Ma Shaotang,"Ma, Shiu-tong",M,University of Southern California,NA,NA,NA,NA,Transportation,1943,478,NA,University of Southern California,Los Angeles,California,United States,34.1141,-118.4068
1632,N00635,馬紹棠,Ma Shaotang,"Ma, Shiu-tong",M,交通大學,NA,NA,NA,NA,NA,1936,478,交通大學,Jiaotong University,Shanghai,Shanghai,China,31.2304,121.4737
1633,N00636,馬紹援,Ma Shaoyuan,"Ma, S. Y.",M,University of Illinois,NA,NA,NA,NA,NA,NA,478,NA,University of Illinois,Chicago,Illinois,United States,41.8375,-87.6866
1634,N00636,馬紹援,Ma Shaoyuan,"Ma, S. Y.",M,University of Michigan,NA,NA,NA,NA,Chemical Engineering,NA,478,NA,University of Michigan,Ann Arbor,Michigan,United States,42.2759,-83.731
1635,N00636,馬紹援,Ma Shaoyuan,"Ma, S. Y.",M,浙江省立工業專門學校,NA,NA,NA,NA,NA,NA,478,NA,Zhejiang Provincial Technical College,Hangzhou,Zhejiang,China,30.2741,120.1551
1636,N00637,馬祖聖,Ma Zusheng,"Ma, T. S.",M,University of Chicago,NA,Ph.D.,Doctor of Philosophy,Doctor,Chemistry,1938,478,NA,University of Chicago,Chicago,Illinois,United States,41.8375,-87.6866
1637,N00637,馬祖聖,Ma Zusheng,"Ma, T. S.",M,清華大學,NA,NA,NA,NA,NA,1931,478,清華大學,Tsinghua University,Beijing,Beijing,China,39.9042,116.4074
1638,N00640,馬觀利,Ma Guanli,"Marr, Gllbert",M,Massachusetts Institute of Technology,NA,NA,NA,NA,Civil Engineering,1943,478,NA,Massachusetts Institute of Technology,Cambridge,Massachusetts,United States,42.3759,-71.1185
1639,N00642,唐天麟,Tang Tianlin,"Tong, James Lun",M,University of California,NA,B.A.,Bachelor of Arts,Bachelor,NA,1936,478,NA,University of California,Berkeley,California,United States,37.8722,-122.276
1640,N00642,唐天麟,Tang Tianlin,"Tong, James Lun",M,University of Colorado,NA,NA,NA,NA,Bacteriology,1943,478,NA,University of Colorado,Boulder,Colorado,United States,40.0248,-105.2524
1641,N00642,唐天麟,Tang Tianlin,"Tong, James Lun",M,University of Michigan,NA,M.A.,Master of Arts,Master,Bacteriology,1939,478,NA,University of Michigan,Ann Arbor,Michigan,United States,42.2759,-83.731
1642,N00645,唐仁耀,Tang Renyao,"Tang, Stephen Jen-yao",M,University of Illinois,NA,B.S.,Bachelor of Science,Bachelor,Architecture,1942,479,NA,University of Illinois,Chicago,Illinois,United States,41.8375,-87.6866
1643,N00645,唐仁耀,Tang Renyao,"Tang, Stephen Jen-yao",M,University of Illinois,NA,NA,NA,NA,Architecture,1943,479,NA,University of Illinois,Chicago,Illinois,United States,41.8375,-87.6866
1644,N00645,唐仁耀,Tang Renyao,"Tang, Stephen Jen-yao",M,大同大學,NA,NA,NA,NA,NA,NA,479,大同大學,Datong University,Shanghai,Shanghai,China,31.2304,121.4737
1645,N00646,唐江清,Tang Jiangqing,"Tang, K. C.",M,交通大學,NA,NA,NA,NA,Mechanical Engineering,1938,479,交通大學,Jiaotong University,Shanghai,Shanghai,China,31.2304,121.4737
1646,N00647,唐生詔,Tang Shengzhao,"Tang, Tau-zao",M,Purdue University,NA,B.S.,Bachelor of Science,Bachelor,Mechanical Engineering,1942,479,NA,Purdue University,West Lafayette,Indiana,United States,40.4432,-86.9238
1647,N00647,唐生詔,Tang Shengzhao,"Tang, Tau-zao",M,University of London,NA,NA,NA,NA,NA,1939,479,NA,University of London,London,NA,United Kingdom,51.521,-0.13
1648,N00647,唐生詔,Tang Shengzhao,"Tang, Tau-zao",M,University of Michigan,NA,NA,NA,NA,Mechanical Engineering,1943,479,NA,University of Michigan,Ann Arbor,Michigan,United States,42.2759,-83.731
1649,N00648,唐瑞興,Tang Ruixing,"Tong, Hing",M,University of Pennsylvania,NA,B.A.,Bachelor of Arts,Bachelor,Mathematics,1943,479,NA,University of Pennsylvania,Philadelphia,Pennsylvania,United States,40.0077,-75.1339
1650,N00649,唐振緒,Tang Zhenxu,"T’ang, Chen-hsu",M,Cornell University,NA,M.C.E.,Master of Civil Engineering,Master,Civil Engineering,1937,479,NA,Cornell University,Ithaca,New York,United States,42.4442,-76.5032
1651,N00649,唐振緒,Tang Zhenxu,"T’ang, Chen-hsu",M,Cornell University,NA,Ph.D.,Doctor of Philosophy,Doctor,Civil Engineering,1940,479,NA,Cornell University,Ithaca,New York,United States,42.4442,-76.5032
1652,N00649,唐振緒,Tang Zhenxu,"T’ang, Chen-hsu",M,Massachusetts Institute of Technology,NA,NA,NA,NA,Civil Engineering,1938,479,NA,Massachusetts Institute of Technology,Cambridge,Massachusetts,United States,42.3759,-71.1185
1653,N00649,唐振緒,Tang Zhenxu,"T’ang, Chen-hsu",M,交通大學,NA,NA,NA,NA,NA,1935,479,交通大學,Jiaotong University,Shanghai,Shanghai,China,31.2304,121.4737
1654,N00650,唐凱南,Tang Kainan,"Tang, Kai-nan",M,California Institute of Technology,NA,NA,NA,NA,Aeronautical Engineering,1943,479,NA,California Institute of Technology,Pasadena,California,United States,34.1597,-118.139
1655,N00651,唐樑,Tang Liang,"Tong, Edgar Liang",M,University of Southern California,NA,NA,NA,NA,Business,1943,479,NA,University of Southern California,Los Angeles,California,United States,34.1141,-118.4068
1656,N00652,唐建文,Tang Jianwen,"Tang, Kien-wen",M,University of Lyon,NA,NA,NA,NA,NA,1943,479,NA,University of Lyon,Lyons,NA,France,45.7485,4.86
1657,N00652,唐建文,Tang Jianwen,"Tang, Kien-wen",M,University of Paris,NA,NA,NA,NA,NA,1941,479,NA,University of Paris,Paris,NA,France,48.8462,2.3449
1658,N00652,唐建文,Tang Jianwen,"Tang, Kien-wen",M,University of Pennsylvania,NA,NA,NA,NA,Business,1943,479,NA,University of Pennsylvania,Philadelphia,Pennsylvania,United States,40.0077,-75.1339
1659,N00653,唐肄文,Tang Yiwen,"Tang, Yi-wen",M,Harvard University,NA,NA,NA,NA,Medicine,1943,479,NA,Harvard University,Cambridge,Massachusetts,United States,42.3759,-71.1185
1660,N00653,唐肄文,Tang Yiwen,"Tang, Yi-wen",M,University of London,NA,NA,NA,NA,NA,1942,479,NA,University of London,London,NA,United Kingdom,51.521,-0.13
1661,N00655,唐樹屏,Tang Shuping,"Tang, Shu-ping",M,Curtiss-Wright Technical Institute,NA,NA,NA,NA,NA,1943,479,NA,Curtiss-Wright Technical Institute,Glendale,California,United States,34.1425,-118.2551
1662,N00655,唐樹屏,Tang Shuping,"Tang, Shu-ping",M,聖約翰大學,NA,NA,NA,NA,NA,1920,479,聖約翰大學,St. John's University,Shanghai,Jiangsu,China,31.2304,121.4737
1663,N00656,孫以荃,Sun Yiquan,"Sun, I-chuan",M,University of Wisconsin,NA,NA,NA,NA,Economics,1943,479,NA,University of Wisconsin,Madison,Wisconsin,United States,43.0822,-89.393
1664,N00657,孫守全,Sun Shouquan,"Sun, Shiou-chuan",M,Massachusetts Institute of Technology,NA,NA,NA,NA,Mining Engineering,1943,479,NA,Massachusetts Institute of Technology,Cambridge,Massachusetts,United States,42.3759,-71.1185
1665,N00657,孫守全,Sun Shouquan,"Sun, Shiou-chuan",M,北京大學,NA,NA,NA,NA,NA,1935,479,北京大學,Beijing University,Beijing,Beijing,China,39.9042,116.4074
1666,N00658,孫竹生,Sun Zhusheng,"Soong, Chu-sheng",M,Harbin Polytechnic Institute,NA,NA,NA,NA,NA,1937,479,NA,Harbin Polytechnic Institute,Harbin,Heilongjiang,China,45.7496,126.634
1667,N00658,孫竹生,Sun Zhusheng,"Soong, Chu-sheng",M,Purdue University,NA,M.S.,Master of Science,Master,Mechanical Engineering,1943,479,NA,Purdue University,West Lafayette,Indiana,United States,40.4432,-86.9238
1668,N00659,孫治平,Sun Zhiping,"Sun, Tse-ping",M,New York University,NA,M.A.,Master of Arts,Master,Political Science,1942,479,NA,New York University,New York City,New York,United States,40.6943,-73.9249
1669,N00659,孫治平,Sun Zhiping,"Sun, Tse-ping",M,University of California,NA,NA,NA,NA,NA,1939,479,NA,University of California,Berkeley,California,United States,37.8722,-122.276
1670,N00659,孫治平,Sun Zhiping,"Sun, Tse-ping",M,聖約翰大學,NA,NA,NA,NA,NA,NA,479,聖約翰大學,St. John's University,Shanghai,Jiangsu,China,31.2304,121.4737
1671,N00660,孫治強,Sun Zhijiang,"Sun, Tse-kiong",M,University of California,NA,M.A.,Master of Arts,Master,Political Science,1943,479,NA,University of California,Berkeley,California,United States,37.8722,-122.276
1672,N00660,孫治強,Sun Zhijiang,"Sun, Tse-kiong",M,金陵大學,NA,NA,NA,NA,NA,1941,479,金陵大學,Jinling University,Nanjing,Jiangsu,China,32.0603,118.7969
1673,N00661,孫紹光,Sun Shaoguang,"Sung, Raymond K.",M,Linfield College,NA,NA,NA,NA,Civil Engineering,1942,480,NA,Linfield College,McMinnville,Oregon,United States,45.211,-123.1918
1674,N00664,孫益方,Sun Yifang,"Sun, Harvey",M,University of Wisconsin,NA,NA,NA,NA,Education,1943,480,NA,University of Wisconsin,Madison,Wisconsin,United States,43.0822,-89.393
1675,N00664,孫益方,Sun Yifang,"Sun, Harvey",M,聖約翰大學,NA,NA,NA,NA,NA,1940,480,聖約翰大學,St. John's University,Shanghai,Jiangsu,China,31.2304,121.4737
1676,N00665,孫念敏,Sun Nianmin,"Sun, Nien-min",M,University of Southern California,NA,NA,NA,NA,Economics,1943,480,NA,University of Southern California,Los Angeles,California,United States,34.1141,-118.4068
1677,N00665,孫念敏,Sun Nianmin,"Sun, Nien-min",M,燕京大學,NA,NA,NA,NA,NA,1940,480,燕京大學,Yenching University,Beijing,Beijing,China,39.9042,116.4074
1678,N00666,孫雲沛,Sun Yunpei,"sun, Yun-pei",M,University of Minnesota,NA,M.A.,Master of Arts,Master,Entomology,1941,480,NA,University of Minnesota,Minneapolis,Minnesota,United States,44.9635,-93.2678
1679,N00666,孫雲沛,Sun Yunpei,"sun, Yun-pei",M,University of Minnesota,NA,Ph.D.,Doctor of Philosophy,Doctor,Entomology,1943,480,NA,University of Minnesota,Minneapolis,Minnesota,United States,44.9635,-93.2678
1680,N00666,孫雲沛,Sun Yunpei,"sun, Yun-pei",M,浙江大學,NA,NA,NA,NA,NA,NA,480,浙江大學,Zhejiang University,Hangzhou,Zhejiang,China,30.2741,120.1551
1681,N00667,孫乾方,Sun Qianfang,"Sun, Henry Chien-fang",M,Cornell University,NA,NA,NA,NA,NA,1943,480,NA,Cornell University,Ithaca,New York,United States,42.4442,-76.5032
1682,N00668,孫運璿,Sun Yunxuan,"Sun, Yun-suan",M,中俄工業大學,NA,NA,NA,NA,Electrical Engineering,1934,480,中俄工業大學,Sino-Russian Industrial University,Harbin,Heilongjiang,China,45.8038,126.5349
1683,N00669,孫寅儀,Sun Yinyi,"Sun, Arthur K.",M,Massachusetts Institute of Technology,NA,NA,NA,NA,NA,NA,480,NA,Massachusetts Institute of Technology,Cambridge,Massachusetts,United States,42.3759,-71.1185
1684,N00669,孫寅儀,Sun Yinyi,"Sun, Arthur K.",M,清華大學,NA,NA,NA,NA,NA,NA,480,清華大學,Tsinghua University,Beijing,Beijing,China,39.9042,116.4074
1685,N00670,孫觀漢,Sun Guanhan,"Sun, Kuan-han",M,University of Pittsburgh,NA,M.S.,Master of Science,Master,Chemistry,1942,480,NA,University of Pittsburgh,Pittsburgh,Pennsylvania,United States,40.4397,-79.9763
1686,N00670,孫觀漢,Sun Guanhan,"Sun, Kuan-han",M,浙江大學,NA,NA,NA,NA,NA,1936,480,浙江大學,Zhejiang University,Hangzhou,Zhejiang,China,30.2741,120.1551
1687,N00671,孫鐘旭,Sun Zhongxu,"Sun, Cheng-hiok",M,Washington Missionary College,NA,B.A.,Bachelor of Arts,Bachelor,Economics,1941,480,NA,Washington Missionary College,Takoma Park,Maryland,United States,38.987,-77
1688,N00672,袁家騮,Yuan Jialiu,"Yuan, Luke Chia-liu",M,California Institute of Technology,NA,Ph.D.,Doctor of Philosophy,Doctor,Physiology,1940,480,NA,California Institute of Technology,Pasadena,California,United States,34.1597,-118.139
1689,N00672,袁家騮,Yuan Jialiu,"Yuan, Luke Chia-liu",M,燕京大學,NA,NA,NA,NA,NA,NA,480,燕京大學,Yenching University,Beijing,Beijing,China,39.9042,116.4074
1690,N00673,袁紹文,Yuan Shaowen,"Yuan, Shao-wen",M,California Institute of Technology,NA,M.S.,Master of Science,Master,Aeronautical Engineering,1940,480,NA,California Institute of Technology,Pasadena,California,United States,34.1597,-118.139
1691,N00673,袁紹文,Yuan Shaowen,"Yuan, Shao-wen",M,University of Michigan,NA,B.S.,Bachelor of Science,Bachelor,Aeronautical Engineering,1936,480,NA,University of Michigan,Ann Arbor,Michigan,United States,42.2759,-83.731
1692,N00674,袁桓猷,Yuan Huanyou,"Yuan, Huan-yu",M,New York University,NA,M.B.A.,Master of Business Administration,Master,Business,1941,480,NA,New York University,New York City,New York,United States,40.6943,-73.9249
1693,N00674,袁桓猷,Yuan Huanyou,"Yuan, Huan-yu",M,燕京大學,NA,NA,NA,NA,NA,1938,480,燕京大學,Yenching University,Beijing,Beijing,China,39.9042,116.4074
1694,N00675,袁縉,Yuan Jin,"Yuan, Tsien",M,中央陸軍軍官學校,NA,NA,NA,NA,NA,NA,480,中央陸軍軍官學校,Central Army Military Academy,Nanjing,Jiangsu,China,32.0603,118.7969
1695,N00675,袁縉,Yuan Jin,"Yuan, Tsien",M,滬江大學,NA,NA,NA,NA,NA,NA,480,滬江大學,Shanghai University,Shanghai,Shanghai,China,31.2304,121.4737
1696,N00676,袁慧灼,Yuan Huizhuo,"Yuan, Hui-cho",M,河南焦作工學院,NA,NA,NA,NA,Metallurgy,1931,480,NA,Jiaozuo Institute of Technology,Jiaozuo,Henan,China,35.2159,113.2418
1697,N00677,桂貧廷,Gui Pinting,"Kwei, Paul C. T.",M,Cornell University,NA,M.S.,Master of Science,Master,NA,1920,481,NA,Cornell University,Ithaca,New York,United States,42.4442,-76.5032
1698,N00677,桂貧廷,Gui Pinting,"Kwei, Paul C. T.",M,Princeton University,NA,Ph.D.,Doctor of Philosophy,Doctor,Physiology,1925,481,NA,Princeton University,Princeton,New Jersey,United States,40.3562,-74.6693
1699,N00677,桂貧廷,Gui Pinting,"Kwei, Paul C. T.",M,University of Chicago,NA,NA,NA,NA,NA,1918,481,NA,University of Chicago,Chicago,Illinois,United States,41.8375,-87.6866
1700,N00679,秦鎮湖,Qin Zhenhu,"Chen, Norman H. C.",M,University of Minnesota,NA,M.S.,Master of Science,Master,Chemical Engineering,1941,481,NA,University of Minnesota,Minneapolis,Minnesota,United States,44.9635,-93.2678
1701,N00679,秦鎮湖,Qin Zhenhu,"Chen, Norman H. C.",M,University of Minnesota,NA,NA,NA,NA,Chemical Engineering,1943,481,NA,University of Minnesota,Minneapolis,Minnesota,United States,44.9635,-93.2678
1702,N00679,秦鎮湖,Qin Zhenhu,"Chen, Norman H. C.",M,燕京大學,NA,NA,NA,NA,NA,1939,481,燕京大學,Yenching University,Beijing,Beijing,China,39.9042,116.4074
1703,N00680,秦寶同,Qin Baotong,"Chin, Pao-tung",M,Purdue University,NA,M.S.,Master of Science,Master,Electrical Engineering,1940,481,NA,Purdue University,West Lafayette,Indiana,United States,40.4432,-86.9238
1704,N00680,秦寶同,Qin Baotong,"Chin, Pao-tung",M,交通大學,NA,NA,NA,NA,NA,1939,481,交通大學,Jiaotong University,Shanghai,Shanghai,China,31.2304,121.4737
1705,N00681,秦寶雄,Qin Baoxiong,"Chin, Pao-hsiung",M,Purdue University,NA,B.S.,Bachelor of Science,Bachelor,Electrical Engineering,1941,481,NA,Purdue University,West Lafayette,Indiana,United States,40.4432,-86.9238
1706,N00682,夏屏方,Xia Pingfang,"Hsia, Pingfang",M,Colorado College,NA,B.A.,Bachelor of Arts,Bachelor,NA,1925,481,NA,Colorado College,Colorado Springs,Colorado,United States,38.8674,-104.7605
1707,N00682,夏屏方,Xia Pingfang,"Hsia, Pingfang",M,Harvard University,NA,M.B.A.,Master of Business Administration,Master,Business,1927,481,NA,Harvard University,Cambridge,Massachusetts,United States,42.3759,-71.1185
1708,N00683,夏修永,Xia Xiuyong,"Hsia, Hsiu-yung",M,University of Southern California,NA,NA,NA,NA,Economics,1943,481,NA,University of Southern California,Los Angeles,California,United States,34.1141,-118.4068
1709,N00683,夏修永,Xia Xiuyong,"Hsia, Hsiu-yung",M,燕京大學,NA,NA,NA,NA,NA,1941,481,燕京大學,Yenching University,Beijing,Beijing,China,39.9042,116.4074
1710,N00684,夏雲,Xia Yun,"Hsia, Yun",M,Columbia University,NA,Ph.D.,Doctor of Philosophy,Doctor,Psychology,1943,481,NA,Columbia University,New York City,New York,United States,40.6943,-73.9249
1711,N00684,夏雲,Xia Yun,"Hsia, Yun",M,燕京大學,NA,NA,NA,NA,NA,1931,481,燕京大學,Yenching University,Beijing,Beijing,China,39.9042,116.4074
1712,N00685,夏益榮,Xia Yirong,"Hsia, Davidyi-yung",M,Haverford College,NA,NA,NA,NA,Chemistry,1943,481,NA,Haverford College,Haverford,Pennsylvania,United States,40.01317,-75.29435
1713,N00686,夏晉麟,Xia Jinlin,"Hsia, Ching-lin",M,Edinburgh University,NA,Ph.D.,Doctor of Philosophy,Doctor,Law,1922,481,NA,Edinburgh University,Edinburgh,NA,United Kingdom,55.9445,-3.1892
1714,N00686,夏晉麟,Xia Jinlin,"Hsia, Ching-lin",M,Glasgow University,NA,NA,NA,NA,NA,1919,481,NA,Glasgow University,Glasgow,NA,United Kingdom,55.8721,-4.2882
1715,N00688,夏翔,Xia Xiang,"Hsia, Hsiang",M,Springfield College,NA,M.Ed,NA,NA,Physical Education,1943,481,NA,Springfield College,Springfield,Missouri,United States,37.1943,-93.2916
1716,N00688,夏翔,Xia Xiang,"Hsia, Hsiang",M,State University of Iowa,NA,NA,NA,NA,Physical Education,1943,481,NA,State University of Iowa,Iowa City,Iowa,United States,41.6627,-91.5549
1717,N00688,夏翔,Xia Xiang,"Hsia, Hsiang",M,東南大學,NA,NA,NA,NA,NA,1926,481,東南大學,Southeast University,Nanjing,Jiangsu,China,32.0603,118.7969
1718,N00689,夏震寰,Xia Zhenhuan,"Hsia, C. H.",M,Manchester University,NA,M.S.,Master of Science,Master,NA,1940,481,NA,Manchester University,North Manchester,Indiana,United States,41.0044,-85.7751
1719,N00689,夏震寰,Xia Zhenhuan,"Hsia, C. H.",M,State University of Iowa,NA,Ph.D.,Doctor of Philosophy,Doctor,Civil Engineering,1943,481,NA,State University of Iowa,Iowa City,Iowa,United States,41.6627,-91.5549
1720,N00689,夏震寰,Xia Zhenhuan,"Hsia, C. H.",M,清華大學,NA,NA,NA,NA,NA,1936,481,清華大學,Tsinghua University,Beijing,Beijing,China,39.9042,116.4074
1721,N00690,倪因心,Ni Yinxin,"Ni, In-hsin",M,University of Chicago,NA,NA,NA,NA,Sociology,1943,481,NA,University of Chicago,Chicago,Illinois,United States,41.8375,-87.6866
1722,N00690,倪因心,Ni Yinxin,"Ni, In-hsin",M,清華大學,NA,NA,NA,NA,NA,1932,481,清華大學,Tsinghua University,Beijing,Beijing,China,39.9042,116.4074
1723,N00691,倪吉明,Ni Jiming,"Nie, James K. M.",M,University of California,NA,NA,NA,NA,Civil Engineering,1942,481,NA,University of California,Berkeley,California,United States,37.8722,-122.276
1724,N00691,倪吉明,Ni Jiming,"Nie, James K. M.",M,聖約翰大學,NA,NA,NA,NA,NA,1939,481,聖約翰大學,St. John's University,Shanghai,Jiangsu,China,31.2304,121.4737
1725,N00692,倪宣祥,Ni Xuanxiang,"Nyi, Henry H. C.",M,University of Southern California,NA,B.S.,Bachelor of Science,Bachelor,Pharmacy,1941,482,NA,University of Southern California,Los Angeles,California,United States,34.1141,-118.4068
1726,N00692,倪宣祥,Ni Xuanxiang,"Nyi, Henry H. C.",M,University of Southern California,NA,NA,NA,NA,Pharmacy,1943,482,NA,University of Southern California,Los Angeles,California,United States,34.1141,-118.4068
1727,N00692,倪宣祥,Ni Xuanxiang,"Nyi, Henry H. C.",M,滬江大學,NA,NA,NA,NA,NA,1934,482,滬江大學,Shanghai University,Shanghai,Shanghai,China,31.2304,121.4737
1728,N00693,翁心源,Weng Xinyuan,"Wong, S. Y.",M,唐山交通大學,NA,NA,NA,NA,Civil Engineering,1934,482,NA,Tangshan Chiao Tung University,Tangshan,Hebei,China,39.6309,118.1802
1729,N00694,翁秀民,Weng Xiumin,"Weng, Sui-min",M,University of California,NA,M.A.,Master of Arts,Master,Economics,1937,482,NA,University of California,Berkeley,California,United States,37.8722,-122.276
1730,N00695,翁郁元,Weng Yuyuan,"Young, William Lee",M,Northeastern University,NA,NA,NA,NA,NA,1934,482,NA,Northeastern University,Boston,Massachusetts,United States,42.3188,-71.0852
1731,N00695,翁郁元,Weng Yuyuan,"Young, William Lee",M,Wentworth Institute,NA,NA,NA,NA,Aeronautical Engineering,1940,482,NA,Wentworth Institute,Boston,Massachusetts,United States,42.3369,-71.095
1732,N00696,翁興慶,Weng Xingqing,"Wong, Hsing-ching",M,Purdue University,NA,B.S.,Bachelor of Science,Bachelor,Electrical Engineering,1940,482,NA,Purdue University,West Lafayette,Indiana,United States,40.4432,-86.9238
1733,N00696,翁興慶,Weng Xingqing,"Wong, Hsing-ching",M,Purdue University,NA,M.S.,Master of Science,Master,Electrical Engineering,1940,482,NA,Purdue University,West Lafayette,Indiana,United States,40.4432,-86.9238
1734,N00696,翁興慶,Weng Xingqing,"Wong, Hsing-ching",M,交通大學,NA,NA,NA,NA,NA,1938,482,交通大學,Jiaotong University,Shanghai,Shanghai,China,31.2304,121.4737
1735,N00698,奚春生,Xi Chunsheng,"Yi, Chun-sun",M,浙江大學,NA,NA,NA,NA,Electrical Engineering,NA,482,浙江大學,Zhejiang University,Hangzhou,Zhejiang,China,30.2741,120.1551
1736,N00699,韋文起,Wei Wenqi,"Wei, Henry",M,University of Chicago,NA,M.A.,Master of Arts,Master,Political Science,1942,482,NA,University of Chicago,Chicago,Illinois,United States,41.8375,-87.6866
1737,N00699,韋文起,Wei Wenqi,"Wei, Henry",M,嶺南大學,NA,NA,NA,NA,NA,1935,482,嶺南大學,Lingnan University,Guangzhou,Guangdong,China,23.1291,113.2644
1738,N00701,韋鎮順,Wei Zhenshun,"Wei, Mark",M,Colorado College,NA,M.A.,Master of Arts,Master,Economics,1940,482,NA,Colorado College,Colorado Springs,Colorado,United States,38.8674,-104.7605
1739,N00701,韋鎮順,Wei Zhenshun,"Wei, Mark",M,聖約翰大學,NA,NA,NA,NA,NA,1939,482,聖約翰大學,St. John's University,Shanghai,Jiangsu,China,31.2304,121.4737
1740,N00702,浦壽山,Pu Shoushan,"Pu, Shou-shan",M,Harvard University,NA,NA,NA,NA,Economics,1943,482,NA,Harvard University,Cambridge,Massachusetts,United States,42.3759,-71.1185
1741,N00702,浦壽山,Pu Shoushan,"Pu, Shou-shan",M,University of Michigan,NA,B.A.,Bachelor of Arts,Bachelor,Economics,1943,482,NA,University of Michigan,Ann Arbor,Michigan,United States,42.2759,-83.731
1742,N00702,浦壽山,Pu Shoushan,"Pu, Shou-shan",M,滬江大學,NA,NA,NA,NA,NA,1941,482,滬江大學,Shanghai University,Shanghai,Shanghai,China,31.2304,121.4737
1743,N00703,浦壽昌,Pu Shouchang,"Pu, Shou-chang",M,Harvard University,NA,NA,NA,NA,Economics,1943,482,NA,Harvard University,Cambridge,Massachusetts,United States,42.3759,-71.1185
1744,N00703,浦壽昌,Pu Shouchang,"Pu, Shou-chang",M,University of Michigan,NA,B.A.,Bachelor of Arts,Bachelor,Economics,1943,482,NA,University of Michigan,Ann Arbor,Michigan,United States,42.2759,-83.731
1745,N00703,浦壽昌,Pu Shouchang,"Pu, Shou-chang",M,滬江大學,NA,NA,NA,NA,NA,1941,482,滬江大學,Shanghai University,Shanghai,Shanghai,China,31.2304,121.4737
1746,N00704,浦壽海,Pu Shouhai,"Pu, Shou-hai",M,Harvard University,NA,NA,NA,NA,Economics,1943,482,NA,Harvard University,Cambridge,Massachusetts,United States,42.3759,-71.1185
1747,N00704,浦壽海,Pu Shouhai,"Pu, Shou-hai",M,University of Michigan,NA,B.A.,Bachelor of Arts,Bachelor,Economics,1943,482,NA,University of Michigan,Ann Arbor,Michigan,United States,42.2759,-83.731
1748,N00704,浦壽海,Pu Shouhai,"Pu, Shou-hai",M,滬江大學,NA,NA,NA,NA,NA,1941,482,滬江大學,Shanghai University,Shanghai,Shanghai,China,31.2304,121.4737
1749,N00705,席應忠,Xi Yingzhong,"Hsi, Yin-chong",M,Harvard University,NA,NA,NA,NA,Dentistry,1943,483,NA,Harvard University,Cambridge,Massachusetts,United States,42.3759,-71.1185
1750,N00705,席應忠,Xi Yingzhong,"Hsi, Yin-chong",M,華西大學,NA,NA,NA,NA,NA,1930,483,華西大學,West China University,Chengdu,Sichuan,China,30.5728,104.0668
1751,N00706,郝昭謇,Hao Zhaojian,"Hao, Chao-chien",M,University of Illinois,NA,NA,NA,NA,Civil Engineering,1943,483,NA,University of Illinois,Chicago,Illinois,United States,41.8375,-87.6866
1752,N00706,郝昭謇,Hao Zhaojian,"Hao, Chao-chien",M,交通大學,NA,NA,NA,NA,NA,1936,483,交通大學,Jiaotong University,Shanghai,Shanghai,China,31.2304,121.4737
1753,N00707,郝履成,Hao Lvcheng,"Hao, Lu-cheng",M,Iowa State College,NA,Ph.D.,Doctor of Philosophy,Doctor,Chemistry,1942,483,NA,Iowa State College,Ames,Iowa,United States,42.0267,-93.6465
1754,N00707,郝履成,Hao Lvcheng,"Hao, Lu-cheng",M,輔仁大學,NA,NA,NA,NA,NA,1934,483,輔仁大學,Fu-jen University,Beijing,Beijing,China,39.9042,116.4074
1755,N00709,梁定閩,Liang Dingmin,"Liang, T. M.",M,Cambridge University,NA,NA,NA,NA,Electrical Engineering,1929,483,NA,Cambridge University,Cambridge,NA,United Kingdom,52.2043,0.1149
1756,N00709,梁定閩,Liang Dingmin,"Liang, T. M.",M,University of London,NA,NA,NA,NA,NA,1928,483,NA,University of London,London,NA,United Kingdom,51.521,-0.13
1757,N00710,梁定隴,Liang Dinglong,"Liang, Ting-lung",M,Purdue University,NA,B.S.,Bachelor of Science,Bachelor,Chemical Engineering,1942,483,NA,Purdue University,West Lafayette,Indiana,United States,40.4432,-86.9238
1758,N00710,梁定隴,Liang Dinglong,"Liang, Ting-lung",M,University of Tulsa,NA,NA,NA,NA,Chemical Engineering,1943,483,NA,University of Tulsa,Tulsa,Oklahoma,United States,36.152,-95.946
1759,N00711,梁松,Liang Song,"Liang, Leland S.",M,Harvard University,NA,M.B.A.,Master of Business Administration,Master,Business,1943,483,NA,Harvard University,Cambridge,Massachusetts,United States,42.3759,-71.1185
1760,N00711,梁松,Liang Song,"Liang, Leland S.",M,Lowell Textile Institute,NA,NA,NA,NA,NA,1942,483,NA,Lowell Textile Institute,Lowell,Massachusetts,United States,42.642,-71.334
1761,N00711,梁松,Liang Song,"Liang, Leland S.",M,University of Pennsylvania,NA,NA,NA,NA,Industrial Management,1943,483,NA,University of Pennsylvania,Philadelphia,Pennsylvania,United States,40.0077,-75.1339
1762,N00712,梁洪,Liang Hong,"Liang, Hung",M,Massachusetts Institute of Technology,NA,B.S.,Bachelor of Science,Bachelor,Metallurgy,1943,483,NA,Massachusetts Institute of Technology,Cambridge,Massachusetts,United States,42.3759,-71.1185
1763,N00713,粱受欣,Liang Shouxin,"Leung, Shaw-uan",M,Georgetown University,NA,NA,NA,NA,Political Science,1943,483,NA,Georgetown University,Washington,District of Columbia,United States,38.9047,-77.0163
1764,N00713,粱受欣,Liang Shouxin,"Leung, Shaw-uan",M,University of Washington,NA,M.A.,Master of Arts,Master,Political Science,1938,483,NA,University of Washington,Seattle,Oregon,United States,47.6211,-122.3244
1765,N00713,粱受欣,Liang Shouxin,"Leung, Shaw-uan",M,嶺南大學,NA,NA,NA,NA,NA,1933,483,嶺南大學,Lingnan University,Guangzhou,Guangdong,China,23.1291,113.2644
1766,N00714,梁思禮,Liang Sili,"Liang, David Sze-li",M,Purdue University,NA,NA,NA,NA,Electrical Engineering,1943,483,NA,Purdue University,West Lafayette,Indiana,United States,40.4432,-86.9238
1767,N00715,梁官渭,Liang Guanwei,"Leung, Koon-wai",M,New York University,NA,NA,NA,NA,Business,1943,483,NA,New York University,New York City,New York,United States,40.6943,-73.9249
1768,N00715,梁官渭,Liang Guanwei,"Leung, Koon-wai",M,University of Hawaii,NA,M.A.,Master of Arts,Master,NA,1940,483,NA,University of Hawaii,Honolulu,Hawaii,United States,21.3294,-157.846
1769,N00715,梁官渭,Liang Guanwei,"Leung, Koon-wai",M,嶺南大學,NA,NA,NA,NA,NA,1928,483,嶺南大學,Lingnan University,Guangzhou,Guangdong,China,23.1291,113.2644
1770,N00716,梁治明,Liang Zhiming,"Liang, Chih-ming",M,Massachusetts Institute of Technology,NA,M.S.,Master of Science,Master,Civil Engineering,1942,483,NA,Massachusetts Institute of Technology,Cambridge,Massachusetts,United States,42.3759,-71.1185
1771,N00716,梁治明,Liang Zhiming,"Liang, Chih-ming",M,清華大學,NA,NA,NA,NA,NA,1936,483,清華大學,Tsinghua University,Beijing,Beijing,China,39.9042,116.4074
1772,N00717,梁其凱,Liang Qikai,"Liang, Chi-kai",M,Clark University,NA,NA,NA,NA,NA,1930,483,NA,Clark University,Worcester,Massachusetts,United States,42.2705,-71.8079
1773,N00717,梁其凱,Liang Qikai,"Liang, Chi-kai",M,New York University,NA,NA,NA,NA,Accounting,1932,483,NA,New York University,New York City,New York,United States,40.6943,-73.9249
1774,N00717,梁其凱,Liang Qikai,"Liang, Chi-kai",M,北平財政商業專門學校,NA,NA,NA,NA,NA,NA,483,NA,Peiping College of Finance and Commerce,Beijing,Beijing,China,39.9042,116.4074
1775,N00718,梁炳琪,Liang Bingqi,"Leung, Ping-kei",M,Stanford University,NA,M.B.A.,Master of Business Administration,Master,Business,1931,483,NA,Stanford University,Stanford,California,United States,37.4252,-122.1674
1776,N00718,梁炳琪,Liang Bingqi,"Leung, Ping-kei",M,University of Southern California,NA,Ph.D.,Doctor of Philosophy,Doctor,Economics,1936,483,NA,University of Southern California,Los Angeles,California,United States,34.1141,-118.4068
1777,N00718,梁炳琪,Liang Bingqi,"Leung, Ping-kei",M,嶺南大學,NA,NA,NA,NA,NA,1929,483,嶺南大學,Lingnan University,Guangzhou,Guangdong,China,23.1291,113.2644
1778,N00719,梁海源,Liang Haiyuan,"Hing-yuey, David",M,New York University,NA,B.S.,Bachelor of Science,Bachelor,Civil Engineering,1943,483,NA,New York University,New York City,New York,United States,40.6943,-73.9249
1779,N00720,梁浩儀,Liang Haoyi,"Loong, Howard",M,University of Detroit,NA,NA,NA,NA,Chemical Engineering,1943,484,NA,University of Detroit,Detroit,Michigan,United States,42.4148,-83.1388
1780,N00720,梁浩儀,Liang Haoyi,"Loong, Howard",M,中山大學,NA,NA,NA,NA,NA,1939,484,中山大學,Zhongshan University,Guangzhou,Guangdong,China,23.1291,113.2644
1781,N00721,梁星,Liang Xing,"Leong, Sing",M,Massachusetts Institute of Technology,NA,NA,NA,NA,Chemical Engineering,1943,484,NA,Massachusetts Institute of Technology,Cambridge,Massachusetts,United States,42.3759,-71.1185
1782,N00723,梁國鈞,Liang Guojun,"Yuen, Hong Goon",M,University of Maine,NA,NA,NA,NA,Electrical Engineering,1943,484,NA,University of Maine,Orono,Maine,United States,44.88312,-68.67198
1783,N00724,梁棟才,Liang Dongcai,"Way, Edward Leong",M,Princeton University,NA,Ph.D.,Doctor of Philosophy,Doctor,Chemistry,1942,484,NA,Princeton University,Princeton,New Jersey,United States,40.3562,-74.6693
1784,N00724,梁棟才,Liang Dongcai,"Way, Edward Leong",M,University of California,NA,B.S.,Bachelor of Science,Bachelor,Pharmacy,1940,484,NA,University of California,Berkeley,California,United States,37.8722,-122.276
1785,N00725,梁錦枝,Liang Jinzhi,"Leung, Gum-jee",M,Curtiss-Wright Technical Institute,NA,NA,NA,NA,NA,1942,484,NA,Curtiss-Wright Technical Institute,Glendale,California,United States,34.1425,-118.2551
1786,N00725,梁錦枝,Liang Jinzhi,"Leung, Gum-jee",M,University of Hong Kong,NA,NA,NA,NA,NA,1933,484,NA,University of Hong Kong,Hong Kong,NA,Hong Kong,22.283,114.1371
1787,N00726,梁滿星,Liang Manxing,"Leong, David",M,Columbia University,NA,NA,NA,NA,NA,1943,484,NA,Columbia University,New York City,New York,United States,40.6943,-73.9249
1788,N00726,梁滿星,Liang Manxing,"Leong, David",M,University of Missouri,NA,B.J.,Bachelor of Journalism,Bachelor,Journalism,1942,484,NA,University of Missouri,Columbia,South Carolina,United States,34.0378,-80.9036
1789,N00727,梁漢醒,Liang Hanxing,"Leong, Evan",M,University of California,NA,B.S.,Bachelor of Science,Bachelor,Metallurgy,1943,484,NA,University of California,Berkeley,California,United States,37.8722,-122.276
1790,N00729,梁慧卓,Liang Huizhuo,"Shek, William",M,Georgia School of Technology,NA,NA,NA,NA,Aeronautical Engineering,1943,484,NA,Georgia School of Technology,Atlanta,Georgia,United States,33.7756,-84.3963
1791,N00730,梁耀寰,Liang Yaohuan,"Liang, Yueh-huan",M,University of Michigan,NA,M.B.A.,Master of Business Administration,Master,Business,1942,484,NA,University of Michigan,Ann Arbor,Michigan,United States,42.2759,-83.731
1792,N00730,梁耀寰,Liang Yaohuan,"Liang, Yueh-huan",M,中央大學,NA,NA,NA,NA,NA,1939,484,中央大學,Central University,Nanjing,Jiangsu,China,32.0603,118.7969
1793,N00731,張一真,Zhang Yizhen,"Chang, Donald I.",M,Cornell University,NA,NA,NA,NA,Mechanical Engineering,1942,484,NA,Cornell University,Ithaca,New York,United States,42.4442,-76.5032
1794,N00731,張一真,Zhang Yizhen,"Chang, Donald I.",M,中央大學,NA,NA,NA,NA,NA,NA,484,中央大學,Central University,Nanjing,Jiangsu,China,32.0603,118.7969
1795,N00732,張文裕,Zhang Wenyu,"Chang, Wen-yu",M,Cambridge University,NA,Ph.D.,Doctor of Philosophy,Doctor,Physiology,1938,484,NA,Cambridge University,Cambridge,NA,United Kingdom,52.2043,0.1149
1796,N00732,張文裕,Zhang Wenyu,"Chang, Wen-yu",M,燕京大學,NA,NA,NA,NA,NA,1931,484,燕京大學,Yenching University,Beijing,Beijing,China,39.9042,116.4074
1797,N00732,張文裕,Zhang Wenyu,"Chang, Wen-yu",M,燕京大學,NA,NA,NA,NA,NA,1933,484,燕京大學,Yenching University,Beijing,Beijing,China,39.9042,116.4074
1798,N00735,張光華,Zhang Guanghua,"Chang, Kwang H.",M,Washington State College,NA,B.A.,Bachelor of Arts,Bachelor,Mathematics,1928,484,NA,Washington State College,Pullman,Washington,United States,46.7336,-117.168
1799,N00735,張光華,Zhang Guanghua,"Chang, Kwang H.",M,Washington State College,NA,B.S.,Bachelor of Science,Bachelor,Mechanical Engineering,1928,484,NA,Washington State College,Pullman,Washington,United States,46.7336,-117.168
1800,N00736,張全元,Zhang Quanyuan,"Chang, Tsuan Yuan",M,Massachusetts Institute of Technology,NA,M.S.,Master of Science,Master,Chemical Engineering,1941,484,NA,Massachusetts Institute of Technology,Cambridge,Massachusetts,United States,42.3759,-71.1185
1801,N00736,張全元,Zhang Quanyuan,"Chang, Tsuan Yuan",M,浙江大學,NA,NA,NA,NA,NA,1935,484,浙江大學,Zhejiang University,Hangzhou,Zhejiang,China,30.2741,120.1551
1802,N00737,張全恭,Zhang Quangong,"Chang, Tsuen-kung",M,Claremont College,NA,NA,NA,NA,English,1943,485,NA,Claremont College,Claremont,California,United States,34.0967,-117.7198
1803,N00737,張全恭,Zhang Quangong,"Chang, Tsuen-kung",M,University of California,NA,NA,NA,NA,English,1943,485,NA,University of California,Berkeley,California,United States,37.8722,-122.276
1804,N00737,張全恭,Zhang Quangong,"Chang, Tsuen-kung",M,嶺南大學,NA,NA,NA,NA,NA,1932,485,嶺南大學,Lingnan University,Guangzhou,Guangdong,China,23.1291,113.2644
1805,N00737,張全恭,Zhang Quangong,"Chang, Tsuen-kung",M,燕京大學,NA,NA,NA,NA,NA,1936,485,燕京大學,Yenching University,Beijing,Beijing,China,39.9042,116.4074
1806,N00738,張仲桂,Zhang Zhonggui,"Chang, Chung-kuei",M,Stanford University,NA,NA,NA,NA,Electrical Engineering,1943,485,NA,Stanford University,Stanford,California,United States,37.4252,-122.1674
1807,N00738,張仲桂,Zhang Zhonggui,"Chang, Chung-kuei",M,北京大學,NA,NA,NA,NA,NA,1924,485,北京大學,Beijing University,Beijing,Beijing,China,39.9042,116.4074
1808,N00739,張法舜,Zhang Fashun,"Chang, F. S.",M,NationaI University,NA,LL.M.,Master of Laws,Master,Law,1943,485,NA,American National University,Roanoke,Virginia,United States,37.270556,-79.9425
1809,N00740,張宗祺,Zhang Zongqi,"Chang, Robert C.",M,University of Michigan,NA,M.A.,Master of Arts,Master,Economics,1941,485,NA,University of Michigan,Ann Arbor,Michigan,United States,42.2759,-83.731
1810,N00740,張宗祺,Zhang Zongqi,"Chang, Robert C.",M,持誌學院,NA,NA,NA,NA,NA,1938,485,持誌學院,Zhizhi College,Shanghai,Shanghai,China,31.2304,121.4737
1811,N00741,張松青,Zhang Songqing,"Djang, Stephen",M,Madison College,NA,B.S.,Bachelor of Science,Bachelor,Chemistry,1935,485,NA,Madison College,Madison,Wisconsin,United States,43.0731,-89.4012
1812,N00741,張松青,Zhang Songqing,"Djang, Stephen",M,Michigan State College,NA,NA,NA,NA,Chemistry,1943,485,NA,Michigan State College,East Lansing,Michigan,United States,42.748,-84.4836
1813,N00743,張伯訓,Zhang Boxun,"Chang, Tennyson",M,Columbia University,NA,M.A.,Master of Arts,Master,Political Science,1936,485,NA,Columbia University,New York City,New York,United States,40.6943,-73.9249
1814,N00743,張伯訓,Zhang Boxun,"Chang, Tennyson",M,Georgetown University,NA,NA,NA,NA,NA,1938,485,NA,Georgetown University,Washington,District of Columbia,United States,38.9047,-77.0163
1815,N00743,張伯訓,Zhang Boxun,"Chang, Tennyson",M,University of Southern California,NA,B.A.,Bachelor of Arts,Bachelor,Political Science,1933,485,NA,University of Southern California,Los Angeles,California,United States,34.1141,-118.4068
1816,N00743,張伯訓,Zhang Boxun,"Chang, Tennyson",M,南開學校,NA,NA,NA,NA,NA,1929,485,南開學校,Nankai School,Tianjin,Tianjin,China,39.3434,117.3616
1817,N00744,張南琛,Zhang Nanchen,"Chang, Nelson R.",M,Massachusetts Institute of Technology,NA,NA,NA,NA,Chemical Engineering,1943,485,NA,Massachusetts Institute of Technology,Cambridge,Massachusetts,United States,42.3759,-71.1185
1818,N00745,張家恭,Zhang Jiagong,"Tchang, Paul",M,Massachusetts Institute of Technology,NA,M.E.,Master of Engineering,Master,NA,1943,485,NA,Massachusetts Institute of Technology,Cambridge,Massachusetts,United States,42.3759,-71.1185
1819,N00746,張家蔚,Zhang Jiawei,"Chang, Chia-wei",M,University of California,NA,M.S.,Master of Science,Master,Soil Science,NA,485,NA,University of California,Berkeley,California,United States,37.8722,-122.276
1820,N00746,張家蔚,Zhang Jiawei,"Chang, Chia-wei",M,金陵大學,NA,NA,NA,NA,NA,1930,485,金陵大學,Jinling University,Nanjing,Jiangsu,China,32.0603,118.7969
1821,N00747,張其光,Zhang Qiguang,"Jung, Harry G.",M,Columbia University,NA,NA,NA,NA,Political Science,1940,485,NA,Columbia University,New York City,New York,United States,40.6943,-73.9249
1822,N00747,張其光,Zhang Qiguang,"Jung, Harry G.",M,Pomona College,NA,NA,NA,NA,NA,1939,485,NA,Pomona College,Claremont,California,United States,34.1259,-117.7153
1823,N00748,張其昀,Zhang Qiyun,"Chang, Chi-yun",M,南京高等師範學校,NA,NA,NA,NA,NA,1923,485,NA,Nanking Higher Normal School,Nanjing,Jiangsu,China,32.0603,118.7969
1824,N00749,張宣謨,Zhang Xuanmo,"Tsang, Sien-moo",M,Cornell University,NA,M.S.,Master of Science,Master,Chemical Engineering,1940,485,NA,Cornell University,Ithaca,New York,United States,42.4442,-76.5032
1825,N00749,張宣謨,Zhang Xuanmo,"Tsang, Sien-moo",M,聖約翰大學,NA,NA,NA,NA,NA,1936,485,聖約翰大學,St. John's University,Shanghai,Jiangsu,China,31.2304,121.4737
1826,N00751,張希祖,Zhang Xizu,"Chang, Hsi-chu",M,Yale University,NA,NA,NA,NA,Economics,1941,485,NA,Yale University,New Haven,Connecticut,United States,41.3113,-72.9246
1827,N00751,張希祖,Zhang Xizu,"Chang, Hsi-chu",M,東南大學,NA,NA,NA,NA,NA,1939,485,東南大學,Southeast University,Nanjing,Jiangsu,China,32.0603,118.7969
1828,N00752,張培剛,Zhang Peigang,"Chang, P. K.",M,Harvard University,NA,NA,NA,NA,Economics,1943,485,NA,Harvard University,Cambridge,Massachusetts,United States,42.3759,-71.1185
1829,N00752,張培剛,Zhang Peigang,"Chang, P. K.",M,武漢大學,NA,NA,NA,NA,NA,1934,485,武漢大學,Wuhan University,Wuhan,Hubei,China,30.5928,114.3055
1830,N00753,張振中,Zhang Zhenzhong,"Chang, Arthur C. C.",M,University of Illinois,NA,M.S.,Master of Science,Master,Civil Engineering,1942,485,NA,University of Illinois,Chicago,Illinois,United States,41.8375,-87.6866
1831,N00753,張振中,Zhang Zhenzhong,"Chang, Arthur C. C.",M,University of Illinois,NA,NA,NA,NA,Civil Engineering,1943,485,NA,University of Illinois,Chicago,Illinois,United States,41.8375,-87.6866
1832,N00753,張振中,Zhang Zhenzhong,"Chang, Arthur C. C.",M,聖約翰大學,NA,NA,NA,NA,NA,NA,485,聖約翰大學,St. John's University,Shanghai,Jiangsu,China,31.2304,121.4737
1833,N00754,張惇賢,Zhang Dunxian,"Chang, Tun-yin",M,University of Colorado,NA,B.S.,Bachelor of Science,Bachelor,Electrical Engineering,1942,485,NA,University of Colorado,Boulder,Colorado,United States,40.0248,-105.2524
1834,N00755,張鐘元,Zhang Zhongyuan,"Chang, Chung-yuan",M,Columbia University,NA,Ph.D.,Doctor of Philosophy,Doctor,Education,1941,486,NA,Columbia University,New York City,New York,United States,40.6943,-73.9249
1835,N00755,張鐘元,Zhang Zhongyuan,"Chang, Chung-yuan",M,University of Michigan,NA,M.A.,Master of Arts,Master,Education,1937,486,NA,University of Michigan,Ann Arbor,Michigan,United States,42.2759,-83.731
1836,N00755,張鐘元,Zhang Zhongyuan,"Chang, Chung-yuan",M,中央大學,NA,NA,NA,NA,NA,1929,486,中央大學,Central University,Nanjing,Jiangsu,China,32.0603,118.7969
1837,N00756,張理佛,Zhang Lifo,"Chang, Li-fu",M,滬江大學,NA,NA,NA,NA,NA,1931,486,滬江大學,Shanghai University,Shanghai,Shanghai,China,31.2304,121.4737
1838,N00757,張孟沐,Zhang Mengmu,"Chang, Meng-hsiu",M,Columbia University,NA,NA,NA,NA,NA,1943,486,NA,Columbia University,New York City,New York,United States,40.6943,-73.9249
1839,N00757,張孟沐,Zhang Mengmu,"Chang, Meng-hsiu",M,University of Toronto,NA,Ph.D.,Doctor of Philosophy,Doctor,Psychology,1942,486,NA,University of Toronto,Toronto,NA,Canada,43.6629,-79.3957
1840,N00757,張孟沐,Zhang Mengmu,"Chang, Meng-hsiu",M,北京大學,NA,NA,NA,NA,NA,1935,486,北京大學,Beijing University,Beijing,Beijing,China,39.9042,116.4074
1841,N00758,張長昌,Zhang Changchang,"Chang, Calvin C.",M,George Washington University,NA,NA,NA,NA,Business,1941,486,NA,George Washington University,Washington,District of Columbia,United States,38.9047,-77.0163
1842,N00758,張長昌,Zhang Changchang,"Chang, Calvin C.",M,Purdue University,NA,NA,NA,NA,Engineering,1943,486,NA,Purdue University,West Lafayette,Indiana,United States,40.4432,-86.9238
1843,N00758,張長昌,Zhang Changchang,"Chang, Calvin C.",M,大夏大學,NA,NA,NA,NA,NA,1930,486,大夏大學,Daxia University,Shanghai,Shanghai,China,31.2304,121.4737
1844,N00759,張師魯,Zhang Shilu,"Chang, Shih-lu",M,Harvard University,NA,D.P.H.,Diploma in Public Health,Diploma,Medicine,1941,486,NA,Harvard University,Cambridge,Massachusetts,United States,42.3759,-71.1185
1845,N00759,張師魯,Zhang Shilu,"Chang, Shih-lu",M,Ilegible,NA,NA,NA,NA,NA,1936,486,NA,NA,NA,NA,NA,NA,NA
1846,N00759,張師魯,Zhang Shilu,"Chang, Shih-lu",M,University of London,NA,D.P.H.,Diploma in Public Health,Diploma,Medicine,1938,486,NA,University of London,London,NA,United Kingdom,51.521,-0.13
1847,N00760,張煜煒,Zhang Yuwei,"Chang, Albert Yu-wei",M,University of Chicago,NA,Ph.D.,Doctor of Philosophy,Doctor,Business,1943,486,NA,University of Chicago,Chicago,Illinois,United States,41.8375,-87.6866
1848,N00760,張煜煒,Zhang Yuwei,"Chang, Albert Yu-wei",M,University of Michigan,NA,M.B.A.,Master of Business Administration,Master,NA,1930,486,NA,University of Michigan,Ann Arbor,Michigan,United States,42.2759,-83.731
1849,N00762,張琳泰,Zhang Lintai,"Cheung, Lam-tai",M,Purdue University,NA,B.S.,Bachelor of Science,Bachelor,Aeronautical Engineering,1942,486,NA,Purdue University,West Lafayette,Indiana,United States,40.4432,-86.9238
1850,N00763,張靳,Zhang Jin,"Chiang, Kee",M,New School For Social Research,NA,NA,NA,NA,Political Science,1942,486,NA,New School For Social Research,New York,New York,United States,40.7355,-73.9972
1851,N00763,張靳,Zhang Jin,"Chiang, Kee",M,University of Chicago,NA,NA,NA,NA,NA,1941,486,NA,University of Chicago,Chicago,Illinois,United States,41.8375,-87.6866
1852,N00765,張務本,Zhang Wuben,"Chang, Mo-poon",M,University of Illinois,NA,M.S.,Master of Science,Master,Soil Science,1941,486,NA,University of Illinois,Chicago,Illinois,United States,41.8375,-87.6866
1853,N00765,張務本,Zhang Wuben,"Chang, Mo-poon",M,中山大學,NA,NA,NA,NA,NA,1936,486,中山大學,Zhongshan University,Guangzhou,Guangdong,China,23.1291,113.2644
1854,N00766,張廷舉,Zhang Tingju,"Chang, Ting-chu",M,Stanford University,NA,B.S.,Bachelor of Science,Bachelor,Electrical Engineering,1942,486,NA,Stanford University,Stanford,California,United States,37.4252,-122.1674
1855,N00766,張廷舉,Zhang Tingju,"Chang, Ting-chu",M,Stanford University,NA,NA,NA,NA,Electrical Engineering,1943,486,NA,Stanford University,Stanford,California,United States,37.4252,-122.1674
1856,N00766,張廷舉,Zhang Tingju,"Chang, Ting-chu",M,University of California,NA,NA,NA,NA,NA,1941,486,NA,University of California,Berkeley,California,United States,37.8722,-122.276
1857,N00767,張建勛,Zhang Jianxun,"Chang, Kent-fan",M,University of California,NA,NA,NA,NA,Civil Engineering,1943,486,NA,University of California,Berkeley,California,United States,37.8722,-122.276
1858,N00767,張建勛,Zhang Jianxun,"Chang, Kent-fan",M,廣東國民大學,NA,NA,NA,NA,NA,1936,486,廣東國民大學,Guangdong National University,Guangzhou,Guangdong,China,23.1291,113.2644
1859,N00769,張俊德,Zhang Junde,"Chang, Tsun T.",M,University of Michigan,NA,M.S.,Master of Science,Master,Civil Engineering,1941,486,NA,University of Michigan,Ann Arbor,Michigan,United States,42.2759,-83.731
1860,N00769,張俊德,Zhang Junde,"Chang, Tsun T.",M,天津工商學院,NA,NA,NA,NA,NA,1937,486,天津工商學院,Tianjin Industrial and Commercial College,Tianjin,Tianjin,China,39.3434,117.3616
1861,N00772,張祿經,Zhang Lujing,"Chang, Lo-ching",M,Carnegie Institute of Technology,NA,NA,NA,NA,Metallurgy,1943,486,NA,Carnegie Institute of Technology,Pittsburgh,Pennsylvania,United States,40.4397,-79.9763
1862,N00772,張祿經,Zhang Lujing,"Chang, Lo-ching",M,McGill University,NA,M.S.,Master of Science,Master,Metallurgy,1941,486,NA,McGill University,Montreal,NA,Canada,45.5048,-73.5772
1863,N00772,張祿經,Zhang Lujing,"Chang, Lo-ching",M,浙江大學,NA,NA,NA,NA,NA,1937,486,浙江大學,Zhejiang University,Hangzhou,Zhejiang,China,30.2741,120.1551
1864,N00773,張展成,Zhang Zhancheng,"Chang, Victor C.",M,University of Michigan,NA,NA,NA,NA,Economics,1943,487,NA,University of Michigan,Ann Arbor,Michigan,United States,42.2759,-83.731
1865,N00773,張展成,Zhang Zhancheng,"Chang, Victor C.",M,聖約翰大學,NA,NA,NA,NA,NA,1941,487,聖約翰大學,St. John's University,Shanghai,Jiangsu,China,31.2304,121.4737
1866,N00774,張湘,Zhang Xiang,"Chang, Robert S.",M,Massachusetts Institute of Technology,NA,NA,NA,NA,Aeronautical Engineering,1942,487,NA,Massachusetts Institute of Technology,Cambridge,Massachusetts,United States,42.3759,-71.1185
1867,N00774,張湘,Zhang Xiang,"Chang, Robert S.",M,University of California,NA,NA,NA,NA,Aeronautical Engineering,1943,487,NA,University of California,Berkeley,California,United States,37.8722,-122.276
1868,N00775,張湘意,Zhang Xiangyi,"Jeong, George",M,University of California,NA,B.S.,Bachelor of Science,Bachelor,Civil Engineering,1942,487,NA,University of California,Berkeley,California,United States,37.8722,-122.276
1869,N00776,張隆延,Zhang Longyan,"Chang, Leon",M,University de Nancy,NA,LL.D.,Doctor of Laws,Doctor,Political Science,1936,487,NA,University de Nancy,Nancy,NA,France,48.6921,6.1844
1870,N00776,張隆延,Zhang Longyan,"Chang, Leon",M,金陵大學,NA,NA,NA,NA,NA,1932,487,金陵大學,Jinling University,Nanjing,Jiangsu,China,32.0603,118.7969
1871,N00778,張煒遜,Zhang Weixun,"Chung, Arthur W.",M,Peter Bent Brigham Hospital,NA,NA,NA,NA,NA,NA,487,NA,Peter Bent Brigham Hospital,Boston,Massachusetts,United States,42.3364,-71.1073
1872,N00778,張煒遜,Zhang Weixun,"Chung, Arthur W.",M,上海醫學院,NA,NA,NA,NA,NA,NA,487,上海醫學院,Shanghai Medical College,Shanghai,Shanghai,China,31.2304,121.4737
1873,N00778,張煒遜,Zhang Weixun,"Chung, Arthur W.",M,燕京大學,NA,NA,NA,NA,NA,1936,487,燕京大學,Yenching University,Beijing,Beijing,China,39.9042,116.4074
1874,N00779,張錫嘏,Zhang Xigu,"Chang, Hsi-ku",M,Iowa State College,NA,B.S.,Bachelor of Science,Bachelor,Sociology,1931,487,NA,Iowa State College,Ames,Iowa,United States,42.0267,-93.6465
1875,N00779,張錫嘏,Zhang Xigu,"Chang, Hsi-ku",M,University of Wisconsin,NA,NA,NA,NA,Sociology,1943,487,NA,University of Wisconsin,Madison,Wisconsin,United States,43.0822,-89.393
1876,N00780,張震,Zhang Zhen,"Chang, Albert Chen",M,University of Pennsylvania,NA,M.A.,Master of Arts,Master,NA,1940,487,NA,University of Pennsylvania,Philadelphia,Pennsylvania,United States,40.0077,-75.1339
1877,N00780,張震,Zhang Zhen,"Chang, Albert Chen",M,University of Pennsylvania,NA,NA,NA,NA,Railroad Administration,1943,487,NA,University of Pennsylvania,Philadelphia,Pennsylvania,United States,40.0077,-75.1339
1878,N00780,張震,Zhang Zhen,"Chang, Albert Chen",M,交通大學,NA,NA,NA,NA,NA,1939,487,交通大學,Jiaotong University,Shanghai,Shanghai,China,31.2304,121.4737
1879,N00781,張翰良,Zhang Hanliang,"Chang, Stephen H. L",M,Pacific Union College,NA,NA,NA,NA,Business,1943,487,NA,Pacific Union College,Angwin,California,United States,38.5776,-122.4513
1880,N00782,張翼民,Zhang Yimin,"Chang, Edwin Y.",M,Massachusetts Institute of Technology,NA,NA,NA,NA,Chemical Engineering,1943,487,NA,Massachusetts Institute of Technology,Cambridge,Massachusetts,United States,42.3759,-71.1185
1881,N00784,張龍翔,Zhang Longxiang,"Chang, Lung-hsiang",M,University of Toronto,NA,Ph.D.,Doctor of Philosophy,Doctor,Biochemistry,1942,487,NA,University of Toronto,Toronto,NA,Canada,43.6629,-79.3957
1882,N00784,張龍翔,Zhang Longxiang,"Chang, Lung-hsiang",M,清華大學,NA,NA,NA,NA,NA,1937,487,清華大學,Tsinghua University,Beijing,Beijing,China,39.9042,116.4074
1883,N00785,張捷遷,Zhang Jieqian,"Chang, Chieh-chien",M,California Institute of Technology,NA,M.S.,Master of Science,Master,Aeronautical Engineering,1942,487,NA,California Institute of Technology,Pasadena,California,United States,34.1597,-118.139
1884,N00785,張捷遷,Zhang Jieqian,"Chang, Chieh-chien",M,東北大學,NA,NA,NA,NA,NA,1932,487,東北大學,Northeast University,Shenyang,Liaoning,China,41.8057,123.4315
1885,N00786,張繼正,Zhang Jizheng,"Chang, Chi-cheng",M,Cornell University,NA,M.S.,Master of Science,Master,Civil Engineering,1943,487,NA,Cornell University,Ithaca,New York,United States,42.4442,-76.5032
1886,N00787,張繼圻,Zhang Jiqi,"Chang, Chi-gee",M,New York University,NA,M.B.A.,Master of Business Administration,Master,Banking & Finance,1943,487,NA,New York University,New York City,New York,United States,40.6943,-73.9249
1887,N00787,張繼圻,Zhang Jiqi,"Chang, Chi-gee",M,光華大學,NA,NA,NA,NA,NA,1930,487,光華大學,Guanghua University,Shanghai,Shanghai,China,31.2304,121.4737
1888,N00788,張曉雪,Zhang Xiaoxue,"Chang, Hsiao-hsuah",M,Princeton University,NA,NA,NA,NA,Economics,1943,487,NA,Princeton University,Princeton,New Jersey,United States,40.3562,-74.6693
1889,N00788,張曉雪,Zhang Xiaoxue,"Chang, Hsiao-hsuah",M,輔仁大學,NA,NA,NA,NA,NA,1937,487,輔仁大學,Fu-jen University,Beijing,Beijing,China,39.9042,116.4074
1890,N00789,張德祿,Zhang Delu,"Tchang, Te-lou",M,University of Paris,工學,NA,NA,NA,Mechanical Engineering,NA,487,NA,University of Paris,Paris,NA,France,48.8462,2.3449
1891,N00790,張聽聰,Zhang Tingcong,"Chang, Ting-tsung",M,Massachusetts Institute of Technology,NA,NA,NA,NA,Aeronautical Engineering,1943,487,NA,Massachusetts Institute of Technology,Cambridge,Massachusetts,United States,42.3759,-71.1185
1892,N00790,張聽聰,Zhang Tingcong,"Chang, Ting-tsung",M,北京大學,NA,NA,NA,NA,NA,NA,487,北京大學,Beijing University,Beijing,Beijing,China,39.9042,116.4074
1893,N00791,張匯蘭,Zhang Huilan,"Chang, Hwei-lan",M,Massachusetts Institute of Technology,NA,C.P.H.,Certificate in Public Health,Certificate,Public Health,1941,488,NA,Massachusetts Institute of Technology,Cambridge,Massachusetts,United States,42.3759,-71.1185
1894,N00791,張匯蘭,Zhang Huilan,"Chang, Hwei-lan",M,Mills College,NA,M.A.,Master of Arts,Master,NA,1940,488,NA,Mills College,Oakland,California,United States,37.7904,-122.2166
1895,N00791,張匯蘭,Zhang Huilan,"Chang, Hwei-lan",M,State University of Iowa,NA,NA,NA,NA,Physical Education,1943,488,NA,State University of Iowa,Iowa City,Iowa,United States,41.6627,-91.5549
1896,N00791,張匯蘭,Zhang Huilan,"Chang, Hwei-lan",M,University of Wisconsin,NA,B.S.,Bachelor of Science,Bachelor,NA,1926,488,NA,University of Wisconsin,Madison,Wisconsin,United States,43.0822,-89.393
1897,N00792,張憲秋,Zhang Xianqiu,"Chang, Hsien-tsiu",M,Iowa State College,NA,Ph.D.,Doctor of Philosophy,Doctor,Botany,1943,488,NA,Iowa State College,Ames,Iowa,United States,42.0267,-93.6465
1898,N00792,張憲秋,Zhang Xianqiu,"Chang, Hsien-tsiu",M,Kansas State College,NA,M.S.,Master of Science,Master,Botany,1941,488,NA,Kansas State College,Manhattan,Kansas,United States,39.1974,-96.5847
1899,N00792,張憲秋,Zhang Xianqiu,"Chang, Hsien-tsiu",M,金陵大學,NA,NA,NA,NA,NA,1937,488,金陵大學,Jinling University,Nanjing,Jiangsu,China,32.0603,118.7969
1900,N00794,張樹,Zhang Shu,"Cheung, Thomas Shu",M,Purdue University,NA,B.S.,Bachelor of Science,Bachelor,Mechanical Engineering,1940,488,NA,Purdue University,West Lafayette,Indiana,United States,40.4432,-86.9238
1901,N00794,張樹,Zhang Shu,"Cheung, Thomas Shu",M,University of Michigan,NA,M.S.,Master of Science,Master,Mechanical Engineering,1941,488,NA,University of Michigan,Ann Arbor,Michigan,United States,42.2759,-83.731
1902,N00795,張樹德,Zhang Shude,"Chang, Samuel T.",M,Columbia University,NA,M.A.,Master of Arts,Master,Economics,1942,488,NA,Columbia University,New York City,New York,United States,40.6943,-73.9249
1903,N00795,張樹德,Zhang Shude,"Chang, Samuel T.",M,George Washington University,NA,B.A.,Bachelor of Arts,Bachelor,NA,NA,488,NA,George Washington University,Washington,District of Columbia,United States,38.9047,-77.0163
1904,N00795,張樹德,Zhang Shude,"Chang, Samuel T.",M,復旦大學,NA,NA,NA,NA,NA,NA,488,復旦大學,Fudan University,Shanghai,Shanghai,China,31.2304,121.4737
1905,N00797,莫華韜,Mo Huatao,"Mok, Wa-to",M,University of Michigan,NA,M.D.,Doctor of Medicine,Doctor,Medicine,1939,488,NA,University of Michigan,Ann Arbor,Michigan,United States,42.2759,-83.731
1906,N00797,莫華韜,Mo Huatao,"Mok, Wa-to",M,東南大學,NA,NA,NA,NA,NA,1935,488,東南大學,Southeast University,Nanjing,Jiangsu,China,32.0603,118.7969
1907,N00798,陳子奇,Chen Ziqi,"Chin, Edward Park",M,Harvard University,NA,NA,NA,NA,Architecture,1942,488,NA,Harvard University,Cambridge,Massachusetts,United States,42.3759,-71.1185
1908,N00798,陳子奇,Chen Ziqi,"Chin, Edward Park",M,Massachusetts Institute of Technology,NA,B.S.,Bachelor of Science,Bachelor,Architecture,1940,488,NA,Massachusetts Institute of Technology,Cambridge,Massachusetts,United States,42.3759,-71.1185
1909,N00799,陳子珍,Chen Zizhen,"Chan, Du-gene",M,Chicago Technical College,NA,B.S.,Bachelor of Science,Bachelor,Electrical Engineering,1943,488,NA,Chicago Technical College,Chicago,Illinois,United States,41.8781,-87.6298
1910,N00800,陳文楨,Chen Wenzhen,"Chen, Vung-tsung",M,Emory University,NA,NA,NA,NA,Electrical Engineering,1943,488,NA,Emory University,Atlanta,Georgia,United States,33.7628,-84.422
1911,N00801,陳文毅,Chen Wenyi,"Chen, Robert Wen-yi",M,Carleton College,NA,B.A.,Bachelor of Arts,Bachelor,Economics,1942,488,NA,Carleton College,Northfield,Minnesota,United States,44.455,-93.1698
1912,N00801,陳文毅,Chen Wenyi,"Chen, Robert Wen-yi",M,Carleton College,NA,NA,NA,NA,Economics,1943,488,NA,Carleton College,Northfield,Minnesota,United States,44.455,-93.1698
1913,N00801,陳文毅,Chen Wenyi,"Chen, Robert Wen-yi",M,燕京大學,NA,NA,NA,NA,NA,1939,488,燕京大學,Yenching University,Beijing,Beijing,China,39.9042,116.4074
1914,N00802,陳文漢,Chen Wenhan,"Chen, Frank Wen-san",M,Carleton College,NA,B.A.,Bachelor of Arts,Bachelor,NA,1943,488,NA,Carleton College,Northfield,Minnesota,United States,44.455,-93.1698
1915,N00802,陳文漢,Chen Wenhan,"Chen, Frank Wen-san",M,University of Chicago,NA,NA,NA,NA,Meteorology,1943,488,NA,University of Chicago,Chicago,Illinois,United States,41.8375,-87.6866
1916,N00803,陳公與,Chen Gongyu,"Chen, Kung-yu",M,Boston University,NA,M.B.A.,Master of Business Administration,Master,Accounting,1940,488,NA,Boston University,Boston,Massachusetts,United States,42.3188,-71.0852
1917,N00803,陳公與,Chen Gongyu,"Chen, Kung-yu",M,University of Michigan,NA,NA,NA,NA,NA,1939,488,NA,University of Michigan,Ann Arbor,Michigan,United States,42.2759,-83.731
1918,N00803,陳公與,Chen Gongyu,"Chen, Kung-yu",M,交通大學,NA,NA,NA,NA,NA,1935,488,交通大學,Jiaotong University,Shanghai,Shanghai,China,31.2304,121.4737
1919,N00805,陳光旭,Chen Guangxu,"Chen, Kuang-hsu",M,University of Illinois,NA,NA,NA,NA,Chemistry,1943,488,NA,University of Illinois,Chicago,Illinois,United States,41.8375,-87.6866
1920,N00805,陳光旭,Chen Guangxu,"Chen, Kuang-hsu",M,清華大學,NA,NA,NA,NA,NA,1935,488,清華大學,Tsinghua University,Beijing,Beijing,China,39.9042,116.4074
1921,N00806,陳民奎,Chen Minkui,"Zung, Max Ming-kwai",M,Columbia University,NA,NA,NA,NA,Medicine,1943,488,NA,Columbia University,New York City,New York,United States,40.6943,-73.9249
1922,N00807,陳本立,Chen Benli,"Chin, Boon-lup",M,New York University,NA,NA,NA,NA,Banking & Finance,1943,489,NA,New York University,New York City,New York,United States,40.6943,-73.9249
1923,N00807,陳本立,Chen Benli,"Chin, Boon-lup",M,中央政治學校,合作學院,NA,NA,NA,NA,1938,489,中央政治學校,Central Political School,Nanjing,Jiangsu,China,32.0603,118.7969
1924,N00807,陳本立,Chen Benli,"Chin, Boon-lup",M,東南大學,NA,NA,NA,NA,NA,1936,489,東南大學,Southeast University,Nanjing,Jiangsu,China,32.0603,118.7969
1925,N00808,陳世驤,Chen Shixiang,"Chen, Shih-hsiang",M,北京大學,NA,NA,NA,NA,NA,1935,489,北京大學,Beijing University,Beijing,Beijing,China,39.9042,116.4074
1926,N00809,陳永年,Chen Yongnian,"Chen, David",M,Moody Bible Institute,NA,NA,NA,NA,NA,1943,489,NA,Moody Bible Institute,Chicago,Illinois,United States,41.8375,-87.6866
1927,N00810,陳永裕,Chen Yongyu,"Tan, E. J.",M,Massachusetts Institute of Technology,NA,M.S.,Master of Science,Master,Civil Engineering,1943,489,NA,Massachusetts Institute of Technology,Cambridge,Massachusetts,United States,42.3759,-71.1185
1928,N00811,陳永發,Chen Yongfa,"Chin, James",M,Iowa State College,NA,M.S.,Master of Science,Master,Animal Husbandry,1943,489,NA,Iowa State College,Ames,Iowa,United States,42.0267,-93.6465
1929,N00811,陳永發,Chen Yongfa,"Chin, James",M,University of British Columbia,NA,B.S.A.,Bachelor of Science in Agriculture,Bachelor,NA,1937,489,NA,University of British Columbia,Vancouver,NA,Canada,49.2606,-123.246
1930,N00812,陳兆相,Chen Zhaoxiang,"Chen, Sheung S.",M,Massachusetts Institute of Technology,NA,NA,NA,NA,Aeronautical Engineering,1943,489,NA,Massachusetts Institute of Technology,Cambridge,Massachusetts,United States,42.3759,-71.1185
1931,N00813,陳汝舟,Chen Ruzhou,"Chan, N. C.",M,Harvard University,NA,NA,NA,NA,NA,1942,489,NA,Harvard University,Cambridge,Massachusetts,United States,42.3759,-71.1185
1932,N00813,陳汝舟,Chen Ruzhou,"Chan, N. C.",M,University of Paris,NA,LL.D.,Doctor of Laws,Doctor,NA,1941,489,NA,University of Paris,Paris,NA,France,48.8462,2.3449
1933,N00813,陳汝舟,Chen Ruzhou,"Chan, N. C.",M,暨南大學,NA,NA,NA,NA,NA,1935,489,暨南大學,Jinan University,Shanghai,Shanghai,China,31.2304,121.4737
1934,N00814,陳汝禮,Chen Ruli,"Chan, Yu-lai",M,Georgetown University,NA,NA,NA,NA,Foreign Service,1943,489,NA,Georgetown University,Washington,District of Columbia,United States,38.9047,-77.0163
1935,N00814,陳汝禮,Chen Ruli,"Chan, Yu-lai",M,State University of Iowa,NA,M.A.,Master of Arts,Master,NA,1941,489,NA,State University of Iowa,Iowa City,Iowa,United States,41.6627,-91.5549
1936,N00814,陳汝禮,Chen Ruli,"Chan, Yu-lai",M,復旦大學,NA,NA,NA,NA,NA,NA,489,復旦大學,Fudan University,Shanghai,Shanghai,China,31.2304,121.4737
1937,N00815,陳來文,Chen Laiwen,"Tang, Lai-boon",M,Gonzaga University,NA,NA,NA,NA,NA,1943,489,NA,Gonzaga University,Spokane,Washington,United States,47.6671,-117.433
1938,N00815,陳來文,Chen Laiwen,"Tang, Lai-boon",M,University of Pennsylvania,NA,NA,NA,NA,Accounting,1943,489,NA,University of Pennsylvania,Philadelphia,Pennsylvania,United States,40.0077,-75.1339
1939,N00815,陳來文,Chen Laiwen,"Tang, Lai-boon",M,滬江大學,NA,NA,NA,NA,NA,1935,489,滬江大學,Shanghai University,Shanghai,Shanghai,China,31.2304,121.4737
1940,N00816,陳來盟,Chen Laimeng,"Chan, Raymond",M,Harvard University,NA,NA,NA,NA,Political Science,1943,489,NA,Harvard University,Cambridge,Massachusetts,United States,42.3759,-71.1185
1941,N00816,陳來盟,Chen Laimeng,"Chan, Raymond",M,New York University,NA,M.A.,Master of Arts,Master,NA,1936,489,NA,New York University,New York City,New York,United States,40.6943,-73.9249
1942,N00816,陳來盟,Chen Laimeng,"Chan, Raymond",M,嶺南大學,NA,NA,NA,NA,NA,1935,489,嶺南大學,Lingnan University,Guangzhou,Guangdong,China,23.1291,113.2644
1943,N00823,陳宏國,Chen Hongguo,"Chun, Gordon",M,Massachusetts Institute of Technology,NA,NA,NA,NA,Aeronautical Engineering,1943,489,NA,Massachusetts Institute of Technology,Cambridge,Massachusetts,United States,42.3759,-71.1185
1944,N00824,陳叔弢,Chen Shutao,"Cheng, Su-tou",M,陸軍通信兵學校,NA,NA,NA,NA,NA,1933,489,陸軍通信兵學校,Army Signal Corps School,Nanjing,Jiangsu,China,32.0603,118.7969
1945,N00825,陳松梁,Chen Songliang,"Chinn, Johnson",M,Stanford University,NA,NA,NA,NA,Business,1943,490,NA,Stanford University,Stanford,California,United States,37.4252,-122.1674
1946,N00826,陳良幡,Chen Liangfan,"Chen, L. F.",M,New York University,NA,NA,NA,NA,Electrical Engineering,1942,490,NA,New York University,New York City,New York,United States,40.6943,-73.9249
1947,N00826,陳良幡,Chen Liangfan,"Chen, L. F.",M,交通大學,NA,NA,NA,NA,NA,1923,490,交通大學,Jiaotong University,Shanghai,Shanghai,China,31.2304,121.4737
1948,N00828,陳崇亮,Chen Chongliang,"Chinn, Stanley",M,University of California,NA,NA,NA,NA,Mechanical Engineering,1943,490,NA,University of California,Berkeley,California,United States,37.8722,-122.276
1949,N00829,陳為敏,Chen Weimin,"Chen, Way-ming",M,University of California,NA,NA,NA,NA,Mathematics,1943,490,NA,University of California,Berkeley,California,United States,37.8722,-122.276
1950,N00829,陳為敏,Chen Weimin,"Chen, Way-ming",M,西南聯合大學,NA,NA,NA,NA,NA,1940,490,西南聯合大學,Southwest Associated University,Kunming,Yunnan,China,25.0389,102.7183
1951,N00830,陳洽富,Chen Qiafu,"Chun, Wei-foo",M,Rensselaer Polytechnic Institute,NA,NA,NA,NA,Electrical Engineering,1943,490,NA,Rensselaer Polytechnic Institute,Troy,New York,United States,42.7354,-73.6751
1952,N00831,陳家正,Chen Jiazheng,"Chen, C. T.",M,Purdue University,NA,NA,NA,NA,Aeronautical Engineering,1943,490,NA,Purdue University,West Lafayette,Indiana,United States,40.4432,-86.9238
1953,N00832,陳家巍,Chen Jiawei,"Chen, Chia-Wei",M,Columbia University,NA,NA,NA,NA,NA,1943,490,NA,Columbia University,New York City,New York,United States,40.6943,-73.9249
1954,N00832,陳家巍,Chen Jiawei,"Chen, Chia-Wei",M,Massachusetts Institute of Technology,NA,M.S.,Master of Science,Master,Chemical Engineering,1942,490,NA,Massachusetts Institute of Technology,Cambridge,Massachusetts,United States,42.3759,-71.1185
1955,N00832,陳家巍,Chen Jiawei,"Chen, Chia-Wei",M,滬江大學,NA,NA,NA,NA,NA,1938,490,滬江大學,Shanghai University,Shanghai,Shanghai,China,31.2304,121.4737
1956,N00833,陳受頤,Chen Shouyi,"Chen, Shou-yi",M,University of Chicago,NA,NA,NA,NA,Literature,1929,490,NA,University of Chicago,Chicago,Illinois,United States,41.8375,-87.6866
1957,N00833,陳受頤,Chen Shouyi,"Chen, Shou-yi",M,嶺南大學,NA,NA,NA,NA,NA,1920,490,嶺南大學,Lingnan University,Guangzhou,Guangdong,China,23.1291,113.2644
1958,N00834,陳炳昌,Chen Bingchang,"Chinn, Peter",M,Harvard University,NA,NA,NA,NA,Economics,1943,490,NA,Harvard University,Cambridge,Massachusetts,United States,42.3759,-71.1185
1959,N00834,陳炳昌,Chen Bingchang,"Chinn, Peter",M,New York University,NA,B.S.,Bachelor of Science,Bachelor,Business,1942,490,NA,New York University,New York City,New York,United States,40.6943,-73.9249
1960,N00835,陳炳森,Chen Bingsen,"Chen, Philip",M,State University of Iowa,NA,B.S.,Bachelor of Science,Bachelor,Mechanical Engineering,1942,490,NA,State University of Iowa,Iowa City,Iowa,United States,41.6627,-91.5549
1961,N00836,陳其蕃,Chen Qifan,"Chen, Raymond C. F.",M,University of Michigan,NA,NA,NA,NA,Business,1943,490,NA,University of Michigan,Ann Arbor,Michigan,United States,42.2759,-83.731
1962,N00838,陳俊元,Chen Junyuan,"Chin, Doone-yuen",M,University of Michigan,NA,NA,NA,NA,Zoology,1943,490,NA,University of Michigan,Ann Arbor,Michigan,United States,42.2759,-83.731
1963,N00840,陳則端,Chen Zeduan,"Chen, Tze-tuan",M,Oberlin College,NA,M.A.,Master of Arts,Master,Zoology,1930,490,NA,Oberlin College,Oberlin,Ohio,United States,41.286,-82.2198
1964,N00840,陳則端,Chen Zeduan,"Chen, Tze-tuan",M,University of Pennsylvania,NA,Ph.D.,Doctor of Philosophy,Doctor,Zoology,1934,490,NA,University of Pennsylvania,Philadelphia,Pennsylvania,United States,40.0077,-75.1339
1965,N00840,陳則端,Chen Zeduan,"Chen, Tze-tuan",M,福建協和大學,NA,NA,NA,NA,NA,1928,490,福建協和大學,Fujian Union University,Fuzhou,Fujian,China,26.0745,119.2965
1966,N00841,陳修平,Chen Xiuping,"Chen, Siu-ping",M,New York University,NA,NA,NA,NA,Political Science,1943,490,NA,New York University,New York City,New York,United States,40.6943,-73.9249
1967,N00841,陳修平,Chen Xiuping,"Chen, Siu-ping",M,中山大學,NA,NA,NA,NA,NA,1938,490,中山大學,Zhongshan University,Guangzhou,Guangdong,China,23.1291,113.2644
1968,N00842,陳裕堅,Chen Yujian,"Chan, U-kin",M,Pughy College,NA,NA,NA,NA,NA,NA,490,NA,Pughy College,NA,NA,United States,NA,NA
1969,N00842,陳裕堅,Chen Yujian,"Chan, U-kin",M,University of Hong Kong,NA,NA,NA,NA,Electrical Engineering,1928,490,NA,University of Hong Kong,Hong Kong,NA,Hong Kong,22.283,114.1371
1970,N00843,陳卓華,Chen Zhuohua,"Chen, Alwin",M,Rensselaer Polytechnic Institute,NA,NA,NA,NA,Aeronautical Engineering,1943,491,NA,Rensselaer Polytechnic Institute,Troy,New York,United States,42.7354,-73.6751
1971,N00844,陳煥林,Chen Huanlin,"Chan, William",M,Heald’s Engineering College,NA,NA,NA,NA,NA,1933,491,NA,Heald’s Engineering College,San Francisco,California,United States,37.789,-122.401
1972,N00845,陳煥梧,Chen Huanwu,"Quay, Stuart",M,University of California,NA,B.S.,Bachelor of Science,Bachelor,Pharmacy,1943,491,NA,University of California,Berkeley,California,United States,37.8722,-122.276
1973,N00846,陳煥章,Chen Huanzhang,"Chan, Albert J.",M,University of California,NA,NA,NA,NA,Architecture,1943,491,NA,University of California,Berkeley,California,United States,37.8722,-122.276
1974,N00847,陳瑞方,Chen Ruifang,"Chen, Siu-fong",M,George Washington University,NA,B.A.,Bachelor of Arts,Bachelor,Zoology,1938,491,NA,George Washington University,Washington,District of Columbia,United States,38.9047,-77.0163
1975,N00847,陳瑞方,Chen Ruifang,"Chen, Siu-fong",M,George Washington University,NA,M.A.,Master of Arts,Master,Zoology,1938,491,NA,George Washington University,Washington,District of Columbia,United States,38.9047,-77.0163
1976,N00847,陳瑞方,Chen Ruifang,"Chen, Siu-fong",M,Johns Hopkins University,NA,NA,NA,NA,Public Health,1943,491,NA,Johns Hopkins University,Baltimore,Maryland,United States,39.3051,-76.6144
1977,N00849,陳瑞麟,Chen Ruilin,"Chinn, Allen",M,University of California,NA,NA,NA,NA,Civil Engineering,1943,491,NA,University of California,Berkeley,California,United States,37.8722,-122.276
1978,N00850,陳綿龍,Chen Mianlong,"Tan, Bian-liong",M,University of Chicago,NA,NA,NA,NA,NA,1943,491,NA,University of Chicago,Chicago,Illinois,United States,41.8375,-87.6866
1979,N00851,陳毓禹,Chen Yuyu,"Chan, George Y.",M,Rice Institute,NA,B.S.,Bachelor of Science,Bachelor,Chemical Engineering,1942,491,NA,Rice Institute,Houston,Texas,United States,29.7174,-95.4018
1980,N00852,陳毓崑,Chen Yukun,"Chin, Kuen-yook",M,University of Michigan,NA,B.S.,Bachelor of Science,Bachelor,Civil Engineering,1940,491,NA,University of Michigan,Ann Arbor,Michigan,United States,42.2759,-83.731
1981,N00853,陳毓舜,Chen Yushun,"Chan, Charles Soon",M,Rice Institute,NA,B.A.,Bachelor of Arts,Bachelor,Architecture,1942,491,NA,Rice Institute,Houston,Texas,United States,29.7174,-95.4018
1982,N00854,陳福溙,Chen Futai,"Chan, Fook Tim",M,Columbia University,NA,M.A.,Master of Arts,Master,Education,1942,491,NA,Columbia University,New York City,New York,United States,40.6943,-73.9249
1983,N00854,陳福溙,Chen Futai,"Chan, Fook Tim",M,Columbia University,NA,NA,NA,NA,NA,1943,491,NA,Columbia University,New York City,New York,United States,40.6943,-73.9249
1984,N00854,陳福溙,Chen Futai,"Chan, Fook Tim",M,中山大學,NA,NA,NA,NA,NA,1937,491,中山大學,Zhongshan University,Guangzhou,Guangdong,China,23.1291,113.2644
1985,N00855,陳國基,Chen Guoji,"Liu, Ben Y.",M,Oregon State College,NA,B.S.,Bachelor of Science,Bachelor,Electrical Engineering,1941,491,NA,Oregon State College,Corvallis,Oregon,United States,44.5646,-123.262
1986,N00856,陳國樑,Chen Guoliang,"Chan, Leonard Kwock",M,University of California,NA,M.S.,Master of Science,Master,Pharmacy,1942,491,NA,University of California,Berkeley,California,United States,37.8722,-122.276
1987,N00856,陳國樑,Chen Guoliang,"Chan, Leonard Kwock",M,金陵大學,NA,NA,NA,NA,NA,1937,491,金陵大學,Jinling University,Nanjing,Jiangsu,China,32.0603,118.7969
1988,N00857,陳春沂,Chen Chunyi,"Chen, Chun-chi",M,Columbia University,NA,NA,NA,NA,Political Science,1943,491,NA,Columbia University,New York City,New York,United States,40.6943,-73.9249
1989,N00857,陳春沂,Chen Chunyi,"Chen, Chun-chi",M,Toronto University,NA,NA,NA,NA,NA,1942,491,NA,Toronto University,Toronto,NA,Canada,43.6629,-79.3957
1990,N00857,陳春沂,Chen Chunyi,"Chen, Chun-chi",M,清華大學,NA,NA,NA,NA,NA,1935,491,清華大學,Tsinghua University,Beijing,Beijing,China,39.9042,116.4074
1991,N00857,陳春沂,Chen Chunyi,"Chen, Chun-chi",M,燕京大學,NA,NA,NA,NA,NA,1932,491,燕京大學,Yenching University,Beijing,Beijing,China,39.9042,116.4074
1992,N00858,陳新民,Chen Xinmin,"Chen, Hsin-min",M,Massachusetts Institute of Technology,NA,NA,NA,NA,Metallurgy,1943,491,NA,Massachusetts Institute of Technology,Cambridge,Massachusetts,United States,42.3759,-71.1185
1993,N00858,陳新民,Chen Xinmin,"Chen, Hsin-min",M,清華大學,NA,NA,NA,NA,NA,1935,491,清華大學,Tsinghua University,Beijing,Beijing,China,39.9042,116.4074
1994,N00860,陳善銘,Chen Shanming,"Chen, Shan-ming",M,University of Minnesota,NA,M.S.,Master of Science,Master,Plant Pathology,1943,491,NA,University of Minnesota,Minneapolis,Minnesota,United States,44.9635,-93.2678
1995,N00860,陳善銘,Chen Shanming,"Chen, Shan-ming",M,清華大學,NA,NA,NA,NA,NA,1931,491,清華大學,Tsinghua University,Beijing,Beijing,China,39.9042,116.4074
1996,N00862,陳偉鈞,Chen Weijun,"Chen, Wei-Kiung",M,University of Chicago,NA,Ph.D.,Doctor of Philosophy,Doctor,Public Administration,1937,492,NA,University of Chicago,Chicago,Illinois,United States,41.8375,-87.6866
1997,N00862,陳偉鈞,Chen Weijun,"Chen, Wei-Kiung",M,University of Michigan,NA,M.A.,Master of Arts,Master,NA,1933,492,NA,University of Michigan,Ann Arbor,Michigan,United States,42.2759,-83.731
1998,N00862,陳偉鈞,Chen Weijun,"Chen, Wei-Kiung",M,復旦大學,NA,NA,NA,NA,NA,1931,492,復旦大學,Fudan University,Shanghai,Shanghai,China,31.2304,121.4737
1999,N00863,陳廣沅,Chen Guangyuan,"Chen, K. Y.",M,University of Illinois,NA,NA,NA,NA,Mechanical Engineering,NA,492,NA,University of Illinois,Chicago,Illinois,United States,41.8375,-87.6866
2000,N00863,陳廣沅,Chen Guangyuan,"Chen, K. Y.",M,交通大學,NA,NA,NA,NA,NA,NA,492,交通大學,Jiaotong University,Shanghai,Shanghai,China,31.2304,121.4737
2001,N00864,陳森論,Chen Senlun,"Chen, Sam L.",M,Massachusetts College of Pharmacy,NA,B.S.,Bachelor of Science,Bachelor,Pharmacy,1943,492,NA,Massachusetts College of Pharmacy,Boston,Massachusetts,United States,42.336,-71.101
2002,N00865,陳偉富,Chen Weifu,"Chun, Wei-foo",M,Rensselaer Polytechnic Institute,NA,B.S.,Bachelor of Science,Bachelor,Architecture,1942,492,NA,Rensselaer Polytechnic Institute,Troy,New York,United States,42.7354,-73.6751
2003,N00866,陳廣沅,Chen Guangyuan,"Chen, Joseph K.",M,New York University,NA,M.B.A.,Master of Business Administration,Master,Business,NA,492,NA,New York University,New York City,New York,United States,40.6943,-73.9249
2004,N00866,陳廣沅,Chen Guangyuan,"Chen, Joseph K.",M,燕京大學,NA,NA,NA,NA,NA,NA,492,燕京大學,Yenching University,Beijing,Beijing,China,39.9042,116.4074
2005,N00867,陳連富,Chen Lianfu,"Chin-gong, Stanley",M,Middlesex University,NA,M.D.,Doctor of Medicine,Doctor,Medicine,1943,492,NA,Middlesex University,Cambridge,Massachusetts,United States,42.3759,-71.1185
2006,N00868,陳華令,Chen Hualing,"Chin, Jack",M,Tulane University,NA,NA,NA,NA,Mechanical Engineering,1943,492,NA,Tulane University,New Orleans,Louisiana,United States,30.0687,-89.9288
2007,N00869,陳鴻發,Chen Hongfa,"Chinn, Stanley",M,Iowa State College,NA,B.S.,Bachelor of Science,Bachelor,NA,1942,492,NA,Iowa State College,Ames,Iowa,United States,42.0267,-93.6465
2008,N00869,陳鴻發,Chen Hongfa,"Chinn, Stanley",M,Iowa State College,NA,M.S.,Master of Science,Master,Bacteriology,1943,492,NA,Iowa State College,Ames,Iowa,United States,42.0267,-93.6465
2009,N00870,陳惠生,Chen Huisheng,"Chen, Wei-seng",M,Cornell University,NA,NA,NA,NA,Agricultural Economics,1943,492,NA,Cornell University,Ithaca,New York,United States,42.4442,-76.5032
2010,N00870,陳惠生,Chen Huisheng,"Chen, Wei-seng",M,University of Michigan,NA,M.A.,Master of Arts,Master,NA,1941,492,NA,University of Michigan,Ann Arbor,Michigan,United States,42.2759,-83.731
2011,N00870,陳惠生,Chen Huisheng,"Chen, Wei-seng",M,暨南大學,NA,NA,NA,NA,NA,1938,492,暨南大學,Jinan University,Shanghai,Shanghai,China,31.2304,121.4737
2012,N00871,陳華直,Chen Huazhi,"Chin, Jack Warren",M,Tulane University,NA,NA,NA,NA,Mechanical Engineering,1943,492,NA,Tulane University,New Orleans,Louisiana,United States,30.0687,-89.9288
2013,N00872,陳因伸,Chen Yinshen,"Chan, Yee-seen",M,Baldwin Wallace College,NA,NA,NA,NA,NA,1935,492,NA,Baldwin Wallace College,Berea,Ohio,United States,41.3732,-81.8512
2014,N00872,陳因伸,Chen Yinshen,"Chan, Yee-seen",M,New York University,NA,NA,NA,NA,Chemical Engineering,1943,492,NA,New York University,New York City,New York,United States,40.6943,-73.9249
2015,N00873,陳惠常,Chen Huichang,"Chinn, Fee-shoung",M,New York University,NA,NA,NA,NA,Mathematics,1943,492,NA,New York University,New York City,New York,United States,40.6943,-73.9249
2016,N00876,陳振輝,Chen Zhenhui,"Chan, Chun-fai",M,University of Chicago,NA,NA,NA,NA,Medicine,1943,492,NA,University of Chicago,Chicago,Illinois,United States,41.8375,-87.6866
2017,N00876,陳振輝,Chen Zhenhui,"Chan, Chun-fai",M,聖約翰大學,NA,NA,NA,NA,NA,1939,492,聖約翰大學,St. John's University,Shanghai,Jiangsu,China,31.2304,121.4737
2018,N00878,陳耕陶,Chen Gengtao,"Chen, Keng-tao",M,University of Minnesota,NA,NA,NA,NA,Biochemistry,NA,492,NA,University of Minnesota,Minneapolis,Minnesota,United States,44.9635,-93.2678
2019,N00878,陳耕陶,Chen Gengtao,"Chen, Keng-tao",M,清華大學,NA,NA,NA,NA,NA,NA,492,清華大學,Tsinghua University,Beijing,Beijing,China,39.9042,116.4074
2020,N00879,陳鏡堂,Chen Jingtang,"Chen, Edward King-Tong",M,University of Houston,NA,B.S.,Bachelor of Science,Bachelor,Political Science,1943,493,NA,University of Houston,Houston,Texas,United States,29.786,-95.3885
2021,N00880,陳榮發,Chen Rongfa,"Chin, Henry",M,Northeastern University,NA,M.E.,Master of Engineering,Master,NA,1942,493,NA,Northeastern University,Boston,Massachusetts,United States,42.3188,-71.0852
2022,N00881,陳憲章,Chen Xianzhang,"Chen, Henry C.",M,New York University,NA,M.B.A.,Master of Business Administration,Master,NA,1942,493,NA,New York University,New York City,New York,United States,40.6943,-73.9249
2023,N00881,陳憲章,Chen Xianzhang,"Chen, Henry C.",M,交通大學,NA,NA,NA,NA,NA,1935,493,交通大學,Jiaotong University,Shanghai,Shanghai,China,31.2304,121.4737
2024,N00882,陳漢標,Chen Hanbiao,"Chen, Han-piao",M,State University of Iowa,NA,M.A.,Master of Arts,Master,Child Welfare,1943,493,NA,State University of Iowa,Iowa City,Iowa,United States,41.6627,-91.5549
2025,N00882,陳漢標,Chen Hanbiao,"Chen, Han-piao",M,清華大學,NA,NA,NA,NA,NA,1931,493,清華大學,Tsinghua University,Beijing,Beijing,China,39.9042,116.4074
2026,N00883,陳融生,Chen Rongsheng,"Chen, John M. S.",M,中央陸軍軍官學校,NA,NA,NA,NA,NA,1938,493,中央陸軍軍官學校,Central Army Military Academy,Nanjing,Jiangsu,China,32.0603,118.7969
2027,N00885,陳棨元,Chen Qiyuan,"Chen, Chie-yuan",M,Purdue University,NA,M.S.,Master of Science,Master,Mechanical Engineering,1943,493,NA,Purdue University,West Lafayette,Indiana,United States,40.4432,-86.9238
2028,N00885,陳棨元,Chen Qiyuan,"Chen, Chie-yuan",M,交通大學,NA,NA,NA,NA,NA,1941,493,交通大學,Jiaotong University,Shanghai,Shanghai,China,31.2304,121.4737
2029,N00886,陳冕,Chen Mian,"Chen, Graham",M,University of Chicago,NA,M.D.,Doctor of Medicine,Doctor,Medicine,1942,493,NA,University of Chicago,Chicago,Illinois,United States,41.8375,-87.6866
2030,N00886,陳冕,Chen Mian,"Chen, Graham",M,University of Michigan,NA,Sc.D.,Doctor of Science,Doctor,Chemistry,1930,493,NA,University of Michigan,Ann Arbor,Michigan,United States,42.2759,-83.731
2031,N00886,陳冕,Chen Mian,"Chen, Graham",M,之江大學,NA,NA,NA,NA,NA,1924,493,之江大學,Zhijiang University,Hangzhou,Zhejiang,China,30.2741,120.1551
2032,N00888,陳壽彭,Chen Shoupeng,"Chen, Alwin",M,Cooper Union Institute of Technology,NA,B.S.,Bachelor of Science,Bachelor,Chemical Engineering,1938,493,NA,Cooper Union Institute of Technology,New York,New York,United States,40.7297,-73.9905
2033,N00888,陳壽彭,Chen Shoupeng,"Chen, Alwin",M,University of Michigan,NA,M.S.,Master of Science,Master,Chemical Engineering,1939,493,NA,University of Michigan,Ann Arbor,Michigan,United States,42.2759,-83.731
2034,N00889,陳省身,Chen Shengshen,"Chern, Shüng-shen",M,南開大學,NA,NA,NA,NA,Mathematics,1930,493,南開大學,Nankai University,Tianjin,Tianjin,China,39.3434,117.3616
2035,N00889,陳省身,Chen Shengshen,"Chern, Shüng-shen",M,清華大學,NA,NA,NA,NA,NA,1934,493,清華大學,Tsinghua University,Beijing,Beijing,China,39.9042,116.4074
2036,N00890,陳學勤,Chen Xueqin,"Chen, Philip S.",M,Emmanuel Missionary College,NA,B.S.,Bachelor of Science,Bachelor,NA,1929,493,NA,Emmanuel Missionary College,Berrien Springs,Michigan,United States,41.963,-86.356
2037,N00890,陳學勤,Chen Xueqin,"Chen, Philip S.",M,Michigan State College,NA,M.S.,Master of Science,Master,Chemistry,1933,493,NA,Michigan State College,East Lansing,Michigan,United States,42.748,-84.4836
2038,N00890,陳學勤,Chen Xueqin,"Chen, Philip S.",M,三育大學,NA,NA,NA,NA,NA,1925,493,三育大學,Shanghai Sanyu University,Shanghai,Shanghai,China,31.2304,121.4737
2039,N00893,陳樹桓,Chen Shuhuan,"Chen, Shu-?oon",M,Lafayette College,NA,NA,NA,NA,Economics,1943,493,NA,Lafayette College,Easton,Pennsylvania,United States,40.6858,-75.2209
2040,N00894,陳榮捷,Chen Rongjie,"Chan, W. T.",M,Harvard University,NA,NA,NA,NA,Philosophy,1929,493,NA,Harvard University,Cambridge,Massachusetts,United States,42.3759,-71.1185
2041,N00894,陳榮捷,Chen Rongjie,"Chan, W. T.",M,嶺南大學,NA,NA,NA,NA,NA,1924,493,嶺南大學,Lingnan University,Guangzhou,Guangdong,China,23.1291,113.2644
2042,N00895,陳鷗汶,Chen Oumen,"Chen, Winston Ou-wen",M,University of Minnesota,NA,B.S.,Bachelor of Science,Bachelor,Aeronautical Engineering,1942,493,NA,University of Minnesota,Minneapolis,Minnesota,United States,44.9635,-93.2678
2043,N00895,陳鷗汶,Chen Oumen,"Chen, Winston Ou-wen",M,燕京大學,NA,NA,NA,NA,NA,1939,493,燕京大學,Yenching University,Beijing,Beijing,China,39.9042,116.4074
2044,N00896,陳聊聰,Chen Liaocong,"Chan, L. C.",M,University of Wisconsin,NA,M.A.,Master of Arts,Master,Political Science,1943,493,NA,University of Wisconsin,Madison,Wisconsin,United States,43.0822,-89.393
2045,N00896,陳聊聰,Chen Liaocong,"Chan, L. C.",M,光華大學,NA,NA,NA,NA,NA,1941,493,光華大學,Guanghua University,Shanghai,Shanghai,China,31.2304,121.4737
2046,N00897,陳鐵民,Chen Tiemin,"Chen, Tieh-ming",M,University of California,NA,NA,NA,NA,Political Science,1943,494,NA,University of California,Berkeley,California,United States,37.8722,-122.276
2047,N00897,陳鐵民,Chen Tiemin,"Chen, Tieh-ming",M,University of Minnesota,NA,M.A.,Master of Arts,Master,NA,1936,494,NA,University of Minnesota,Minneapolis,Minnesota,United States,44.9635,-93.2678
2048,N00897,陳鐵民,Chen Tiemin,"Chen, Tieh-ming",M,金陵大學,NA,NA,NA,NA,NA,1930,494,金陵大學,Jinling University,Nanjing,Jiangsu,China,32.0603,118.7969
2049,N00898,陳濂卿,Chen Lianqing,"Chen, Lien-ching",M,Indiana University,NA,B.A.,Bachelor of Arts,Bachelor,NA,1942,494,NA,Indiana University,Indianapolis,Indiana,United States,39.7771,-86.1458
2050,N00898,陳濂卿,Chen Lianqing,"Chen, Lien-ching",M,University of Pennsylvania,NA,NA,NA,NA,Economics,1943,494,NA,University of Pennsylvania,Philadelphia,Pennsylvania,United States,40.0077,-75.1339
2051,N00898,陳濂卿,Chen Lianqing,"Chen, Lien-ching",M,聖約翰大學,NA,NA,NA,NA,NA,1940,494,聖約翰大學,St. John's University,Shanghai,Jiangsu,China,31.2304,121.4737
2052,N00899,陳嚴道,Chen Yandao,"Chan, James Tao",M,Asbury College,NA,NA,NA,NA,NA,1940,494,NA,Asbury College,Wilmore,Kentucky,United States,37.862,-84.661
2053,N00899,陳嚴道,Chen Yandao,"Chan, James Tao",M,Rochester Mechanical of Technology,NA,NA,NA,NA,Photography,1943,494,NA,Rochester Institute of Technology,Henrietta,New York,United States,43.0592,-77.6122
2054,N00900,陳觀勝,Chen Guansheng,"Chen, Kenneth K. S",M,Harvard University,NA,NA,NA,NA,History,1943,494,NA,Harvard University,Cambridge,Massachusetts,United States,42.3759,-71.1185
2055,N00900,陳觀勝,Chen Guansheng,"Chen, Kenneth K. S",M,University of Hawaii,NA,B.A.,Bachelor of Arts,Bachelor,History,1931,494,NA,University of Hawaii,Honolulu,Hawaii,United States,21.3294,-157.846
2056,N00900,陳觀勝,Chen Guansheng,"Chen, Kenneth K. S",M,燕京大學,NA,Master,NA,NA,NA,1934,494,燕京大學,Yenching University,Beijing,Beijing,China,39.9042,116.4074
2057,N00901,陳耀池,Chen Yaochi,"Chinn, Joseph",M,University of Colorado,NA,NA,NA,NA,Engineering,1943,494,NA,University of Colorado,Boulder,Colorado,United States,40.0248,-105.2524
2058,N00902,陳錦源,Chen Jinyuan,"Chen, Chin-yuen",M,Columbia University,NA,NA,NA,NA,Economics,1943,494,NA,Columbia University,New York City,New York,United States,40.6943,-73.9249
2059,N00902,陳錦源,Chen Jinyuan,"Chen, Chin-yuen",M,清華大學,NA,NA,NA,NA,NA,1939,494,清華大學,Tsinghua University,Beijing,Beijing,China,39.9042,116.4074
2060,N00903,陳樑生,Chen Liangsheng,"Chen, Liang-sheng",M,Harvard University,NA,NA,NA,NA,Civil Engineering,1943,494,NA,Harvard University,Cambridge,Massachusetts,United States,42.3759,-71.1185
2061,N00903,陳樑生,Chen Liangsheng,"Chen, Liang-sheng",M,交通大學,NA,NA,NA,NA,NA,1938,494,交通大學,Jiaotong University,Shanghai,Shanghai,China,31.2304,121.4737
2062,N00904,陳鵬,Chen Peng,"Chen, Francis J.",M,Columbia University,NA,NA,NA,NA,Business,1941,494,NA,Columbia University,New York City,New York,United States,40.6943,-73.9249
2063,N00904,陳鵬,Chen Peng,"Chen, Francis J.",M,Haverford College,NA,NA,NA,NA,NA,1940,494,NA,Haverford College,Haverford,Pennsylvania,United States,40.01317,-75.29435
2064,N00904,陳鵬,Chen Peng,"Chen, Francis J.",M,燕京大學,NA,NA,NA,NA,NA,1937,494,燕京大學,Yenching University,Beijing,Beijing,China,39.9042,116.4074
2065,N00905,陳錫思,Chen Xisi,"Chen, Theodore Hsi-en",M,Columbia University,NA,M.A.,Master of Arts,Master,Education,1929,494,NA,Columbia University,New York City,New York,United States,40.6943,-73.9249
2066,N00905,陳錫思,Chen Xisi,"Chen, Theodore Hsi-en",M,University of Southern California,NA,Ph.D.,Doctor of Philosophy,Doctor,Education,1939,494,NA,University of Southern California,Los Angeles,California,United States,34.1141,-118.4068
2067,N00905,陳錫思,Chen Xisi,"Chen, Theodore Hsi-en",M,福建協和大學,NA,NA,NA,NA,NA,1922,494,福建協和大學,Fujian Union University,Fuzhou,Fujian,China,26.0745,119.2965
2068,N00906,陳霊,Chen Ling,"Chen, Ling",M,Purdue University,NA,XX,NA,NA,Pharmacy,NA,494,NA,Purdue University,West Lafayette,Indiana,United States,40.4432,-86.9238
2069,N00906,陳霊,Chen Ling,"Chen, Ling",M,中法大學,NA,XX,NA,NA,NA,NA,494,中法大學,Sino-French University,Beijing,Beijing,China,39.9042,116.4074
2070,N00907,黃子健,Huang Zijian,"Wong, Ken",M,Boston University,NA,B.S.,Bachelor of Science,Bachelor,Business,1938,494,NA,Boston University,Boston,Massachusetts,United States,42.3188,-71.0852
2071,N00907,黃子健,Huang Zijian,"Wong, Ken",M,Boston University,NA,NA,NA,NA,Business,1942,494,NA,Boston University,Boston,Massachusetts,United States,42.3188,-71.0852
2072,N00908,黃文威,Huang Wenwei,"Huang, Manning W.",M,New York University,NA,NA,NA,NA,Business,NA,494,NA,New York University,New York City,New York,United States,40.6943,-73.9249
2073,N00908,黃文威,Huang Wenwei,"Huang, Manning W.",M,University of Washington,NA,M.B.A.,Master of Business Administration,Master,NA,NA,494,NA,University of Washington,Seattle,Oregon,United States,47.6211,-122.3244
2074,N00908,黃文威,Huang Wenwei,"Huang, Manning W.",M,燕京大學,NA,NA,NA,NA,NA,NA,494,燕京大學,Yenching University,Beijing,Beijing,China,39.9042,116.4074
2075,N00909,黃立強,Huang Lijiang,"Wong, Lip-king",M,Carnegie Institute of Technology,NA,B.S.,Bachelor of Science,Bachelor,NA,1940,494,NA,Carnegie Institute of Technology,Pittsburgh,Pennsylvania,United States,40.4397,-79.9763
2076,N00909,黃立強,Huang Lijiang,"Wong, Lip-king",M,Syracuse University,NA,NA,NA,NA,NA,1942,494,NA,Syracuse University,Syracuse,New York,United States,43.0407,-76.1437
2077,N00909,黃立強,Huang Lijiang,"Wong, Lip-king",M,滬江大學,NA,NA,NA,NA,NA,1936,494,滬江大學,Shanghai University,Shanghai,Shanghai,China,31.2304,121.4737
2078,N00910,黃立富,Huang Lifu,"Wong, Lip-fou",M,Purdue University,NA,B.S.,Bachelor of Science,Bachelor,Mechanical Engineering,1940,494,NA,Purdue University,West Lafayette,Indiana,United States,40.4432,-86.9238
2079,N00910,黃立富,Huang Lifu,"Wong, Lip-fou",M,滬江大學,NA,NA,NA,NA,NA,1936,494,滬江大學,Shanghai University,Shanghai,Shanghai,China,31.2304,121.4737
2080,N00911,黃立德,Huang Lide,"Wong, Lip-teh",M,Baldwin Wallace College,NA,NA,NA,NA,Business,1943,494,NA,Baldwin Wallace College,Berea,Ohio,United States,41.3732,-81.8512
2081,N00912,黃仕林,Huang Shilin,"Hwang, John Shyh-Lin",M,University of Pennsylvania,NA,M.B.A.,Master of Business Administration,Master,Transportation,1941,494,NA,University of Pennsylvania,Philadelphia,Pennsylvania,United States,40.0077,-75.1339
2082,N00912,黃仕林,Huang Shilin,"Hwang, John Shyh-Lin",M,清華大學,NA,NA,NA,NA,NA,1933,494,清華大學,Tsinghua University,Beijing,Beijing,China,39.9042,116.4074
2083,N00913,黃世詵,Huang Shishen,"Huang, Shin-shain",M,清華大學,NA,NA,NA,NA,Electrical Engineering,1938,494,清華大學,Tsinghua University,Beijing,Beijing,China,39.9042,116.4074
2084,N00914,黃永強,Huang Yongjiang,"Hwang, Y. C.",M,California Institute of Technology,NA,NA,NA,NA,Electrical Engineering,1943,495,NA,California Institute of Technology,Pasadena,California,United States,34.1597,-118.139
2085,N00914,黃永強,Huang Yongjiang,"Hwang, Y. C.",M,滬江大學,NA,NA,NA,NA,NA,1940,495,滬江大學,Shanghai University,Shanghai,Shanghai,China,31.2304,121.4737
2086,N00915,黃光普,Huang Guangpu,"Huang, Paul Kuang-pu",M,Marquette University,NA,NA,NA,NA,NA,1942,495,NA,Marquette University,Milwaukee,Wisconsin,United States,43.0642,-87.9675
2087,N00915,黃光普,Huang Guangpu,"Huang, Paul Kuang-pu",M,University of Michigan,NA,M.A.,Master of Arts,Master,Economics,1937,495,NA,University of Michigan,Ann Arbor,Michigan,United States,42.2759,-83.731
2088,N00915,黃光普,Huang Guangpu,"Huang, Paul Kuang-pu",M,燕京大學,NA,NA,NA,NA,NA,1936,495,燕京大學,Yenching University,Beijing,Beijing,China,39.9042,116.4074
2089,N00916,黃用諏,Huang Yongzou,"Wong, Yung-chow",M,Massachusetts Institute of Technology,NA,NA,NA,NA,Mathematics,1943,495,NA,Massachusetts Institute of Technology,Cambridge,Massachusetts,United States,42.3759,-71.1185
2090,N00916,黃用諏,Huang Yongzou,"Wong, Yung-chow",M,University of London,NA,Ph.D.,Doctor of Philosophy,Doctor,Mathematics,1940,495,NA,University of London,London,NA,United Kingdom,51.521,-0.13
2091,N00916,黃用諏,Huang Yongzou,"Wong, Yung-chow",M,中山大學,NA,NA,NA,NA,NA,1935,495,中山大學,Zhongshan University,Guangzhou,Guangdong,China,23.1291,113.2644
2092,N00918,黃吉星,Huang Jixing,"Wong, Louis C.",M,Curtiss-Wright Technical Institute,NA,NA,NA,NA,Aeronautical Engineering,1943,495,NA,Curtiss-Wright Technical Institute,Glendale,California,United States,34.1425,-118.2551
2093,N00919,黃成業,Huang Chengye,"Wong, Shing Yipe",M,Columbia University,NA,M.S.,Master of Science,Master,Accounting,1933,495,NA,Columbia University,New York City,New York,United States,40.6943,-73.9249
2094,N00919,黃成業,Huang Chengye,"Wong, Shing Yipe",M,University of Washington,NA,B.A.,Bachelor of Arts,Bachelor,Business,1929,495,NA,University of Washington,Seattle,Oregon,United States,47.6211,-122.3244
2095,N00920,黃仲華,Huang Zhonghua,"Wong, Chung-wah",M,中山大學,NA,NA,NA,NA,NA,1938,495,中山大學,Zhongshan University,Guangzhou,Guangdong,China,23.1291,113.2644
2096,N00922,黃灼籌,Huang Zhuochou,"Wong, James Sech",M,New York University,NA,NA,NA,NA,Economics,1943,495,NA,New York University,New York City,New York,United States,40.6943,-73.9249
2097,N00922,黃灼籌,Huang Zhuochou,"Wong, James Sech",M,University of Michigan,NA,M.A.,Master of Arts,Master,Economics,1941,495,NA,University of Michigan,Ann Arbor,Michigan,United States,42.2759,-83.731
2098,N00922,黃灼籌,Huang Zhuochou,"Wong, James Sech",M,暨南大學,NA,NA,NA,NA,NA,1937,495,暨南大學,Jinan University,Shanghai,Shanghai,China,31.2304,121.4737
2099,N00923,黃約翰,Huang Yaohan,"Wong, Yuk-hon",M,University of Illinois,NA,B.S.,Bachelor of Science,Bachelor,Mechanical Engineering,1941,495,NA,University of Illinois,Chicago,Illinois,United States,41.8375,-87.6866
2100,N00924,黃悅求,Huang Yueqiu,"Wong, Yort K.",M,Los Angeles City College,NA,NA,NA,NA,NA,1943,495,NA,Los Angeles City College,East Hollywood,California,United States,34.09527348,-118.2935795
2101,N00925,黃悅慰,Huang Yuewei,"Wong, Yut-wee",M,University of Michigan,NA,NA,NA,NA,NA,1941,495,NA,University of Michigan,Ann Arbor,Michigan,United States,42.2759,-83.731
2102,N00925,黃悅慰,Huang Yuewei,"Wong, Yut-wee",M,University of Washington,NA,NA,NA,NA,Mechanical Engineering,1942,495,NA,University of Washington,Seattle,Oregon,United States,47.6211,-122.3244
2103,N00925,黃悅慰,Huang Yuewei,"Wong, Yut-wee",M,暨南大學,NA,NA,NA,NA,NA,1940,495,暨南大學,Jinan University,Shanghai,Shanghai,China,31.2304,121.4737
2104,N00926,黃英柏,Huang Yingbai,"Wong, Park",M,University of California,NA,B.S.,Bachelor of Science,Bachelor,Mechanical Engineering,1943,495,NA,University of California,Berkeley,California,United States,37.8722,-122.276
2105,N00927,黃家荊,Huang Jiajing,"Wong, Kah-king",M,University of California,NA,NA,NA,NA,Medicine,1943,495,NA,University of California,Berkeley,California,United States,37.8722,-122.276
2106,N00928,黃家駟,Huang Jiasi,"Huang, Chia-ssu",M,University of Michigan,NA,M.S.,Master of Science,Master,Surgery,1943,495,NA,University of Michigan,Ann Arbor,Michigan,United States,42.2759,-83.731
2107,N00928,黃家駟,Huang Jiasi,"Huang, Chia-ssu",M,協和醫學院,NA,NA,NA,NA,NA,1933,495,協和醫學院,Peking Union Medical College,Beijing,Beijing,China,39.9042,116.4074
2108,N00928,黃家駟,Huang Jiasi,"Huang, Chia-ssu",M,燕京大學,NA,NA,NA,NA,NA,1928,495,燕京大學,Yenching University,Beijing,Beijing,China,39.9042,116.4074
2109,N00929,黃官桐,Huang Guantong,"Wong, Tung G",M,University of California,NA,NA,NA,NA,Mechanical Engineering,1943,495,NA,University of California,Berkeley,California,United States,37.8722,-122.276
2110,N00930,黃念祖,Huang Nianzu,"Huang, Nien-tsu",M,University of Michigan,NA,NA,NA,NA,Mechanical Engineering,1943,495,NA,University of Michigan,Ann Arbor,Michigan,United States,42.2759,-83.731
2111,N00931,黃芹波,Huang Qinbo,"Wong, K. P.",M,Canisus College,NA,NA,NA,NA,Law,1942,495,NA,Canisus College,Buffalo,New York,United States,42.925,-78.851
2112,N00931,黃芹波,Huang Qinbo,"Wong, K. P.",M,Columbia University,NA,NA,NA,NA,Law,1936,495,NA,Columbia University,New York City,New York,United States,40.6943,-73.9249
2113,N00931,黃芹波,Huang Qinbo,"Wong, K. P.",M,北京大學,NA,NA,NA,NA,NA,1924,495,北京大學,Beijing University,Beijing,Beijing,China,39.9042,116.4074
2114,N00932,黃炳坤,Huang Bingkun,"Wong, Ping-kwan",M,Harvard University,NA,NA,NA,NA,Philosophy,1943,496,NA,Harvard University,Cambridge,Massachusetts,United States,42.3759,-71.1185
2115,N00932,黃炳坤,Huang Bingkun,"Wong, Ping-kwan",M,Stanford University,NA,M.A.,Master of Arts,Master,Political Science,1940,496,NA,Stanford University,Stanford,California,United States,37.4252,-122.1674
2116,N00932,黃炳坤,Huang Bingkun,"Wong, Ping-kwan",M,Yungli Chemical Industries Limited,NA,NA,NA,NA,Chemical Engineering,1934,496,NA,Yungli Chemical Industries Limited,Leshan,Sichuan,China,29.5521,103.7656
2117,N00933,黃紹允,Huang Shaoyun,"Wong, Shiu-yiu",M,New York University,NA,M.S.,Master of Science,Master,Chemistry,1943,496,NA,New York University,New York City,New York,United States,40.6943,-73.9249
2118,N00933,黃紹允,Huang Shaoyun,"Wong, Shiu-yiu",M,中山大學,NA,NA,NA,NA,NA,1939,496,中山大學,Zhongshan University,Guangzhou,Guangdong,China,23.1291,113.2644
2119,N00934,黃迪,Huang Di,"Huang, Ti",M,University of Chicago,NA,NA,NA,NA,Sociology,1943,496,NA,University of Chicago,Chicago,Illinois,United States,41.8375,-87.6866
2120,N00934,黃迪,Huang Di,"Huang, Ti",M,燕京大學,NA,Master,NA,NA,Sociology,1934,496,燕京大學,Yenching University,Beijing,Beijing,China,39.9042,116.4074
2121,N00935,黃浩然,Huang Haoran,"Huang, Y. T.",M,Columbia University,NA,M.S.,Master of Science,Master,Chemical Engineering,1934,496,NA,Columbia University,New York City,New York,United States,40.6943,-73.9249
2122,N00935,黃浩然,Huang Haoran,"Huang, Y. T.",M,北京大學,NA,NA,NA,NA,NA,1925,496,北京大學,Beijing University,Beijing,Beijing,China,39.9042,116.4074
2123,N00936,黃詒吉,Huang Daiji,"Wong, Yi-kyieh",M,University of Illinois,NA,M.S.,Master of Science,Master,Civil Engineering,1941,496,NA,University of Illinois,Chicago,Illinois,United States,41.8375,-87.6866
2124,N00936,黃詒吉,Huang Daiji,"Wong, Yi-kyieh",M,聖約翰大學,NA,NA,NA,NA,NA,1940,496,聖約翰大學,St. John's University,Shanghai,Jiangsu,China,31.2304,121.4737
2125,N00937,黃榮光,Huang Rongguang,"Wong, Raymond Quong",M,University of California,NA,B.S.,Bachelor of Science,Bachelor,NA,1941,496,NA,University of California,Berkeley,California,United States,37.8722,-122.276
2126,N00937,黃榮光,Huang Rongguang,"Wong, Raymond Quong",M,University of California,NA,NA,NA,NA,Agricultural Economics,1943,496,NA,University of California,Berkeley,California,United States,37.8722,-122.276
2127,N00937,黃榮光,Huang Rongguang,"Wong, Raymond Quong",M,中央大學,NA,NA,NA,NA,NA,1936,496,中央大學,Central University,Nanjing,Jiangsu,China,32.0603,118.7969
2128,N00938,黃榮暢,Huang Rongchang,"Wing, David ?",M,University of California,NA,NA,NA,NA,Civil Engineering,1939,496,NA,University of California,Berkeley,California,United States,37.8722,-122.276
2129,N00939,黃榮煉,Huang Ronglian,"Hwang, Yung-Lian",M,New York University,NA,NA,NA,NA,NA,1943,496,NA,New York University,New York City,New York,United States,40.6943,-73.9249
2130,N00939,黃榮煉,Huang Ronglian,"Hwang, Yung-Lian",M,光華大學,NA,NA,NA,NA,NA,1937,496,光華大學,Guanghua University,Shanghai,Shanghai,China,31.2304,121.4737
2131,N00940,黃華權,Huang Huaquan,"Wong, Koon-wah",M,Tufts College,NA,NA,NA,NA,Chemistry,1943,496,NA,Tufts College,Medford,Massachusetts,United States,42.4075,-71.119
2132,N00941,黃章智,Huang Zhangzhi,"Huang, Chang-chik",M,Rensselaer Polytechnic Institute,NA,NA,NA,NA,Aeronautical Engineering,1943,496,NA,Rensselaer Polytechnic Institute,Troy,New York,United States,42.7354,-73.6751
2133,N00943,黃海峰,Huang Haifeng,"Wong, George H. F.",M,Harvard University,NA,NA,NA,NA,Political Science,1943,496,NA,Harvard University,Cambridge,Massachusetts,United States,42.3759,-71.1185
2134,N00943,黃海峰,Huang Haifeng,"Wong, George H. F.",M,University of California,NA,B.A.,Bachelor of Arts,Bachelor,Political Science,1942,496,NA,University of California,Berkeley,California,United States,37.8722,-122.276
2135,N00943,黃海峰,Huang Haifeng,"Wong, George H. F.",M,University of California,NA,M.A.,Master of Arts,Master,Political Science,1942,496,NA,University of California,Berkeley,California,United States,37.8722,-122.276
2136,N00944,黃倫官,Huang Lunguan,"King, Walter Wong",M,Brown University,NA,B.A.,Bachelor of Arts,Bachelor,Economics,1934,496,NA,Brown University,Providence,Rhode Island,United States,41.823,-71.4187
2137,N00945,黃啟漢,Huang Qihan,"Huang, Cheehan",M,Antioch College,NA,NA,NA,NA,NA,1942,496,NA,Antioch College,Yellow Springs,Ohio,United States,39.799,-83.887
2138,N00945,黃啟漢,Huang Qihan,"Huang, Cheehan",M,University of Minnesota,NA,NA,NA,NA,Political Science,1943,496,NA,University of Minnesota,Minneapolis,Minnesota,United States,44.9635,-93.2678
2139,N00945,黃啟漢,Huang Qihan,"Huang, Cheehan",M,中國公學大學部,NA,NA,NA,NA,NA,1931,496,中國公學大學部,China College University Department,Shanghai,Shanghai,China,31.2304,121.4737
2140,N00946,黃振光,Huang Zhenguang,"Wong, Chun-kwong",M,Purdue University,NA,B.S.,Bachelor of Science,Bachelor,Mechanical Engineering,1943,496,NA,Purdue University,West Lafayette,Indiana,United States,40.4432,-86.9238
2141,N00948,黃培雲,Huang Peiyun,"Huang, Pei-yung",M,Massachusetts Institute of Technology,NA,NA,NA,NA,Metallurgy,1943,496,NA,Massachusetts Institute of Technology,Cambridge,Massachusetts,United States,42.3759,-71.1185
2142,N00948,黃培雲,Huang Peiyun,"Huang, Pei-yung",M,清華大學,NA,NA,NA,NA,NA,1938,496,清華大學,Tsinghua University,Beijing,Beijing,China,39.9042,116.4074
2143,N00949,黃國璇,Huang Guoxuan,"Wong, Howard Y.",M,University of Washington,NA,NA,NA,NA,Chemical Engineering,1943,496,NA,University of Washington,Seattle,Oregon,United States,47.6211,-122.3244
2144,N00950,黃國璋,Huang Guozhang,"Wong, Allan Jayne",M,Massachusetts Institute of Technology,NA,NA,NA,NA,Electrical Engineering,1943,497,NA,Massachusetts Institute of Technology,Cambridge,Massachusetts,United States,42.3759,-71.1185
2145,N00951,黃偉利,Huang Weili,"Wong, Willie",M,University of California,NA,B.S.,Bachelor of Science,Bachelor,Mechanical Engineering,1943,497,NA,University of California,Berkeley,California,United States,37.8722,-122.276
2146,N00952,黃維操,Huang Weicao,"Wong, Fung W.",M,New York University,NA,NA,NA,NA,Electrical Engineering,1943,497,NA,New York University,New York City,New York,United States,40.6943,-73.9249
2147,N00953,黃逸塵,Huang Yichen,"Huang, I-chen",M,Yale University,NA,B.F.A.,Bachelor of Fine Arts,Bachelor,Architecture,1939,497,NA,Yale University,New Haven,Connecticut,United States,41.3113,-72.9246
2148,N00953,黃逸塵,Huang Yichen,"Huang, I-chen",M,Yale University,NA,NA,NA,NA,Civil Engineering,1943,497,NA,Yale University,New Haven,Connecticut,United States,41.3113,-72.9246
2149,N00953,黃逸塵,Huang Yichen,"Huang, I-chen",M,暨南大學,NA,NA,NA,NA,NA,1934,497,暨南大學,Jinan University,Shanghai,Shanghai,China,31.2304,121.4737
2150,N00955,黃壽林,Huang Shoulin,"Wong, shou-lam",M,University of Southern California,NA,M.A.,Master of Arts,Master,Sociology,1942,497,NA,University of Southern California,Los Angeles,California,United States,34.1141,-118.4068
2151,N00955,黃壽林,Huang Shoulin,"Wong, shou-lam",M,University of Southern California,NA,NA,NA,NA,Sociology,1943,497,NA,University of Southern California,Los Angeles,California,United States,34.1141,-118.4068
2152,N00955,黃壽林,Huang Shoulin,"Wong, shou-lam",M,嶺南大學,NA,NA,NA,NA,NA,1939,497,嶺南大學,Lingnan University,Guangzhou,Guangdong,China,23.1291,113.2644
2153,N00956,黃弼廉,Huang Bilian,"Tom, Abraham",M,Bethel College,NA,NA,NA,NA,NA,1942,497,NA,Bethel College,North Newton,Kansas,United States,38.0766,-97.3475
2154,N00956,黃弼廉,Huang Bilian,"Tom, Abraham",M,Cumberland Theological Seminary,NA,NA,NA,NA,Theology,1943,497,NA,Cumberland Theological Seminary,Lebanon,Tennessee,United States,36.2081,-86.2911
2155,N00957,黃福盛,Huang Fusheng,"Wong, Homer",M,University of Illinois,NA,B.S.,Bachelor of Science,Bachelor,Civil Engineering,1943,497,NA,University of Illinois,Chicago,Illinois,United States,41.8375,-87.6866
2156,N00958,黃冠庭,Huang Guanting,"Kunhing, Wllliam W.",M,Arkansas State College,NA,B.S.,Bachelor of Science,Bachelor,NA,1938,497,NA,Arkansas State College,Jonesboro,Arkansas,United States,35.8423,-90.68
2157,N00958,黃冠庭,Huang Guanting,"Kunhing, Wllliam W.",M,University of Chicago,NA,NA,NA,NA,NA,1943,497,NA,University of Chicago,Chicago,Illinois,United States,41.8375,-87.6866
2158,N00958,黃冠庭,Huang Guanting,"Kunhing, Wllliam W.",M,University of Cincinnati,NA,NA,NA,NA,Mechanical Engineering,1941,497,NA,University of Cincinnati,Cincinnati,Ohio,United States,39.1413,-84.506
2159,N00959,黃鴻寧,Huang Hongning,"Wong, Hung-ning",M,University of Michigan,NA,M.S.,Master of Science,Master,Chemical Engineering,1941,497,NA,University of Michigan,Ann Arbor,Michigan,United States,42.2759,-83.731
2160,N00959,黃鴻寧,Huang Hongning,"Wong, Hung-ning",M,中山大學,NA,NA,NA,NA,NA,1936,497,中山大學,Zhongshan University,Guangzhou,Guangdong,China,23.1291,113.2644
2161,N00960,黃漢新,Huang Hanxin,"Hwang, Hanson",M,Clarence White School of Photography,NA,NA,NA,NA,NA,1942,497,NA,Clarence White School of Photography,New York,New York,United States,40.7128,-74.006
2162,N00960,黃漢新,Huang Hanxin,"Hwang, Hanson",M,Columbia University,NA,NA,NA,NA,NA,1941,497,NA,Columbia University,New York City,New York,United States,40.6943,-73.9249
2163,N00960,黃漢新,Huang Hanxin,"Hwang, Hanson",M,University of Pennsylvania,NA,M.A.,Master of Arts,Master,Sociology,1940,497,NA,University of Pennsylvania,Philadelphia,Pennsylvania,United States,40.0077,-75.1339
2164,N00960,黃漢新,Huang Hanxin,"Hwang, Hanson",M,滬江大學,NA,NA,NA,NA,NA,1935,497,滬江大學,Shanghai University,Shanghai,Shanghai,China,31.2304,121.4737
2165,N00961,黃麟耀,Huang Linyao,"Huang, Lin-yao",M,University of Illinois,NA,M.S.,Master of Science,Master,Civil Engineering,1943,497,NA,University of Illinois,Chicago,Illinois,United States,41.8375,-87.6866
2166,N00961,黃麟耀,Huang Linyao,"Huang, Lin-yao",M,University of Michigan,NA,M.S.,Master of Science,Master,Civil Engineering,NA,497,NA,University of Michigan,Ann Arbor,Michigan,United States,42.2759,-83.731
2167,N00961,黃麟耀,Huang Linyao,"Huang, Lin-yao",M,之江大學,NA,NA,NA,NA,NA,1941,497,之江大學,Zhijiang University,Hangzhou,Zhejiang,China,30.2741,120.1551
2168,N00962,麥文紹,Mai Wenshao,"Mark, Muin",M,Columbia University,NA,NA,NA,NA,Journalism,1944,497,NA,Columbia University,New York City,New York,United States,40.6943,-73.9249
2169,N00963,陸正善,Lu Zhengshan,"Loh, Cheng-shan",M,Syracuse University,NA,M.A.,Master of Arts,Master,Architecture,1943,497,NA,Syracuse University,Syracuse,New York,United States,43.0407,-76.1437
2170,N00963,陸正善,Lu Zhengshan,"Loh, Cheng-shan",M,University of Pennsylvania,NA,B.A.,Bachelor of Arts,Bachelor,Architecture,1941,497,NA,University of Pennsylvania,Philadelphia,Pennsylvania,United States,40.0077,-75.1339
2171,N00964,陸孝同,Lu Xiaotong,"Loh, Hsiao-tung",M,Massachusetts Institute of Technology,NA,NA,NA,NA,Aeronautical Engineering,1943,497,NA,Massachusetts Institute of Technology,Cambridge,Massachusetts,United States,42.3759,-71.1185
2172,N00964,陸孝同,Lu Xiaotong,"Loh, Hsiao-tung",M,中央大學,NA,NA,NA,NA,NA,1942,497,中央大學,Central University,Nanjing,Jiangsu,China,32.0603,118.7969
2173,N00965,陸芙塘,Lu Futang,"Loh, Fa-tang",M,交通大學,NA,B.E.,Bachelor of Engineering,Bachelor,NA,1927,497,交通大學,Jiaotong University,Shanghai,Shanghai,China,31.2304,121.4737
2174,N00966,陸琪臣,Lu Qichen,"Loh, Homer C.",M,University of Pennsylvania,NA,NA,NA,NA,Sociology,1943,498,NA,University of Pennsylvania,Philadelphia,Pennsylvania,United States,40.0077,-75.1339
2175,N00966,陸琪臣,Lu Qichen,"Loh, Homer C.",M,東南大學,NA,NA,NA,NA,NA,1931,498,東南大學,Southeast University,Nanjing,Jiangsu,China,32.0603,118.7969
2176,N00967,陸裔廣,Lu Yiguang,"Luk, Yui-kwong",M,Purdue University,NA,B.S.,Bachelor of Science,Bachelor,Electrical Engineering,1941,498,NA,Purdue University,West Lafayette,Indiana,United States,40.4432,-86.9238
2177,N00967,陸裔廣,Lu Yiguang,"Luk, Yui-kwong",M,嶺南大學,NA,NA,NA,NA,NA,1938,498,嶺南大學,Lingnan University,Guangzhou,Guangdong,China,23.1291,113.2644
2178,N00968,陸欽範,Lu Qinfan,"Luh, Ching-fan",M,Ilegible,NA,NA,NA,NA,NA,1936,498,NA,NA,NA,NA,NA,NA,NA
2179,N00968,陸欽範,Lu Qinfan,"Luh, Ching-fan",M,University of Minnesota,NA,NA,NA,NA,Chemistry,1943,498,NA,University of Minnesota,Minneapolis,Minnesota,United States,44.9635,-93.2678
2180,N00969,陸鴻鈺,Lu Hongyu,"Loh, Hung-yu",M,Ilegible,NA,M.S.,Master of Science,Master,Physiology,1943,498,NA,NA,NA,NA,NA,NA,NA
2181,N00969,陸鴻鈺,Lu Hongyu,"Loh, Hung-yu",M,Ilegible,NA,NA,NA,NA,NA,1931,498,NA,NA,NA,NA,NA,NA,NA
2182,N00969,陸鴻鈺,Lu Hongyu,"Loh, Hung-yu",M,Johns Hopkins University,NA,NA,NA,NA,Physiology,1943,498,NA,Johns Hopkins University,Baltimore,Maryland,United States,39.3051,-76.6144
2183,N00970,曹友和,Cao Youhe,"Tsao, Makepeace Uho",M,University of Michigan,NA,M.S.,Master of Science,Master,Chemistry,1943,498,NA,University of Michigan,Ann Arbor,Michigan,United States,42.2759,-83.731
2184,N00970,曹友和,Cao Youhe,"Tsao, Makepeace Uho",M,交通大學,NA,NA,NA,NA,NA,1937,498,交通大學,Jiaotong University,Shanghai,Shanghai,China,31.2304,121.4737
2185,N00971,曹友德,Cao Youde,"Tsao, Utah",M,University of Michigan,NA,Ph.D.,Doctor of Philosophy,Doctor,Chemical Engineering,1940,498,NA,University of Michigan,Ann Arbor,Michigan,United States,42.2759,-83.731
2186,N00971,曹友德,Cao Youde,"Tsao, Utah",M,大同大學,NA,NA,NA,NA,NA,1933,498,大同大學,Datong University,Shanghai,Shanghai,China,31.2304,121.4737
2187,N00972,曹西林,Cao Xilin,"Tsao, Si-Ling",M,浙江大學,NA,NA,NA,NA,Electrical Engineering,1938,498,浙江大學,Zhejiang University,Hangzhou,Zhejiang,China,30.2741,120.1551
2188,N00974,曹宗震,Cao Zongzhen,"Tsao, Tsung-chen",M,Harvard University,NA,NA,NA,NA,Economics,1943,498,NA,Harvard University,Cambridge,Massachusetts,United States,42.3759,-71.1185
2189,N00974,曹宗震,Cao Zongzhen,"Tsao, Tsung-chen",M,清華大學,NA,NA,NA,NA,NA,1940,498,清華大學,Tsinghua University,Beijing,Beijing,China,39.9042,116.4074
2190,N00975,曹飛,Cao Fei,"Tsao, Fei",M,University of Toronto,NA,M.A.,Master of Arts,Master,Education,1942,498,NA,University of Toronto,Toronto,NA,Canada,43.6629,-79.3957
2191,N00975,曹飛,Cao Fei,"Tsao, Fei",M,中央大學,NA,NA,NA,NA,NA,1933,498,中央大學,Central University,Nanjing,Jiangsu,China,32.0603,118.7969
2192,N00976,曹棣華,Cao Daihua,"Chow, Dale-wah",M,Santa Barbara State College,NA,NA,NA,NA,Medicine,1943,498,NA,Santa Barbara State College,Santa Barbara,California,United States,34.414,-119.8489
2193,N00977,曹國賓,Cao Guobin,"Tsao, Kuo-pin",M,University of Geneva,NA,NA,NA,NA,NA,NA,498,NA,University of Geneva,Geneva,NA,Switzerland,46.1985,6.1423
2194,N00978,郭永懷,Guo Yonghuai,"Kuo, Yung-huai",M,California Institute of Technology,NA,NA,NA,NA,Physiology,NA,498,NA,California Institute of Technology,Pasadena,California,United States,34.1597,-118.139
2195,N00978,郭永懷,Guo Yonghuai,"Kuo, Yung-huai",M,北京大學,NA,NA,NA,NA,NA,NA,498,北京大學,Beijing University,Beijing,Beijing,China,39.9042,116.4074
2196,N00982,郭明,Guo Ming,"Kwock, Irvin Fong",M,University of California,NA,B.S.,Bachelor of Science,Bachelor,Business,1941,499,NA,University of California,Berkeley,California,United States,37.8722,-122.276
2197,N00983,郭則虬,Guo Zeqiu,"Kuo, Leslie T. C.",M,Cornell University,NA,M.A.,Master of Arts,Master,Agricultural Economics,NA,499,NA,Cornell University,Ithaca,New York,United States,42.4442,-76.5032
2198,N00983,郭則虬,Guo Zeqiu,"Kuo, Leslie T. C.",M,Cornell University,NA,M.R.P.,Master of Regional Planning,Master,City Planning,NA,499,NA,Cornell University,Ithaca,New York,United States,42.4442,-76.5032
2199,N00983,郭則虬,Guo Zeqiu,"Kuo, Leslie T. C.",M,Cornell University,NA,Ph.D.,Doctor of Philosophy,Doctorate,Economics,NA,499,NA,Cornell University,Ithaca,New York,United States,42.4442,-76.5032
2200,N00983,郭則虬,Guo Zeqiu,"Kuo, Leslie T. C.",M,南開大學,NA,NA,NA,NA,NA,NA,499,南開大學,Nankai University,Tianjin,Tianjin,China,39.3434,117.3616
2201,N00984,郭東旸,Guo Dongyang,"Kuo, Tong-yang",M,中央陸軍軍官學校,NA,NA,NA,NA,NA,NA,499,中央陸軍軍官學校,Central Army Military Academy,Nanjing,Jiangsu,China,32.0603,118.7969
2202,N00987,郭暄,Guo Xuan,"Kuo, Hsuan",M,Cornell University,NA,Ph.D.,Doctor of Philosophy,Doctor,Civil Engineering,1942,499,NA,Cornell University,Ithaca,New York,United States,42.4442,-76.5032
2203,N00987,郭暄,Guo Xuan,"Kuo, Hsuan",M,State University of Iowa,NA,M.S.,Master of Science,Master,Civil Engineering,1939,499,NA,State University of Iowa,Iowa City,Iowa,United States,41.6627,-91.5549
2204,N00987,郭暄,Guo Xuan,"Kuo, Hsuan",M,清華大學,NA,NA,NA,NA,NA,1935,499,清華大學,Tsinghua University,Beijing,Beijing,China,39.9042,116.4074
2205,N00988,郭琳珊,Guo Linshan,"Kwok, Lam-shan",M,Columbia University,NA,NA,NA,NA,Economics,1943,499,NA,Columbia University,New York City,New York,United States,40.6943,-73.9249
2206,N00988,郭琳珊,Guo Linshan,"Kwok, Lam-shan",M,Stanford University,NA,M.A.,Master of Arts,Master,Business,1941,499,NA,Stanford University,Stanford,California,United States,37.4252,-122.1674
2207,N00988,郭琳珊,Guo Linshan,"Kwok, Lam-shan",M,嶺南大學,NA,NA,NA,NA,NA,NA,499,嶺南大學,Lingnan University,Guangzhou,Guangdong,China,23.1291,113.2644
2208,N00989,郭錫思,Guo Xisi,"Kwoh, Edwin Sihung",M,Princeton Seminary,NA,NA,NA,NA,Theology,1943,499,NA,Princeton Seminary,Princeton,New Jersey,United States,40.344,-74.663
2209,N00989,郭錫思,Guo Xisi,"Kwoh, Edwin Sihung",M,之江大學,NA,NA,NA,NA,NA,1938,499,之江大學,Zhijiang University,Hangzhou,Zhejiang,China,30.2741,120.1551
2210,N00990,郭鴻運,Guo Hongyun,"Kuo, Hung-yun",M,University of Michigan,NA,NA,NA,NA,Chemistry,1943,499,NA,University of Michigan,Ann Arbor,Michigan,United States,42.2759,-83.731
2211,N00990,郭鴻運,Guo Hongyun,"Kuo, Hung-yun",M,清華大學,NA,NA,NA,NA,NA,1940,499,清華大學,Tsinghua University,Beijing,Beijing,China,39.9042,116.4074
2212,N00991,郭鴻模,Guo Hongmo,"Kuo, Hung-mo",M,University of Southern California,NA,NA,NA,NA,Photography,NA,499,NA,University of Southern California,Los Angeles,California,United States,34.1141,-118.4068
2213,N00992,陶孝完,Tao Xiaowan,"Tao, Hsiao-wan",M,University of Washington,NA,NA,NA,NA,Economics,1943,499,NA,University of Washington,Seattle,Oregon,United States,47.6211,-122.3244
2214,N00992,陶孝完,Tao Xiaowan,"Tao, Hsiao-wan",M,湖南大學,NA,NA,NA,NA,NA,1932,499,湖南大學,Hunan University,Changsha,Hunan,China,28.2282,112.9388
2215,N00993,陶潔卿,Tao Jieqing,"Tao, Alfred",M,Ecole des Hautes Etudes Industrielles et Commerciales,NA,NA,NA,NA,NA,1934,499,NA,Ecole des Hautes Etudes Industrielles et Commerciales,Lille,NA,France,50.6292,3.0573
2216,N00993,陶潔卿,Tao Jieqing,"Tao, Alfred",M,Harvard University,NA,M.B.A.,Master of Business Administration,Master,Economics,1943,499,NA,Harvard University,Cambridge,Massachusetts,United States,42.3759,-71.1185
2217,N00994,許仕廉,Xu Shilian,"Hsu, Leonard S.",M,Stanford University,NA,B.A.,Bachelor of Arts,Bachelor,NA,1921,499,NA,Stanford University,Stanford,California,United States,37.4252,-122.1674
2218,N00994,許仕廉,Xu Shilian,"Hsu, Leonard S.",M,State University of Iowa,NA,M.A.,Master of Arts,Master,Sociology,1923,499,NA,State University of Iowa,Iowa City,Iowa,United States,41.6627,-91.5549
2219,N00995,許正倫,Xu Zhenglun,"Hool, Cheng-loon",M,Columbia University,NA,B.S.,Bachelor of Science,Bachelor,Pharmacy,1942,499,NA,Columbia University,New York City,New York,United States,40.6943,-73.9249
2220,N00995,許正倫,Xu Zhenglun,"Hool, Cheng-loon",M,Medical College of Virginia,NA,NA,NA,NA,Pharmacy,1943,499,NA,Medical College of Virginia,Richmond,Virginia,United States,37.5407,-77.43
2221,N00996,許誌德,Xu Zhide,"Shi, Che-tak",M,中央陸軍軍官學校,NA,NA,NA,NA,NA,NA,499,中央陸軍軍官學校,Central Army Military Academy,Nanjing,Jiangsu,China,32.0603,118.7969
2222,N00997,許宗嶽,Xu Zongyue,"Hsu, Tsung-yuek",M,Brown University,NA,NA,NA,NA,Physiology,1943,499,NA,Brown University,Providence,Rhode Island,United States,41.823,-71.4187
2223,N00997,許宗嶽,Xu Zongyue,"Hsu, Tsung-yuek",M,燕京大學,NA,Master,NA,NA,NA,1940,499,燕京大學,Yenching University,Beijing,Beijing,China,39.9042,116.4074
2224,N00997,許宗嶽,Xu Zongyue,"Hsu, Tsung-yuek",M,華中大學,NA,NA,NA,NA,NA,1938,499,華中大學,Huazhong University,Wuhan,Hubei,China,30.5928,114.3055
2225,N00998,許鵬程,Xu Pengcheng,"Hsu, Pong-cheng",M,Cornell University,NA,Ph.D.,Doctor of Philosophy,Doctor,Nutrition,1942,500,NA,Cornell University,Ithaca,New York,United States,42.4442,-76.5032
2226,N00998,許鵬程,Xu Pengcheng,"Hsu, Pong-cheng",M,燕京大學,NA,Master,NA,NA,NA,1935,500,燕京大學,Yenching University,Beijing,Beijing,China,39.9042,116.4074
2227,N00999,崔存璘,Cui Cunlin,"Tsui, Tswen-ling",M,George Washington University,NA,NA,NA,NA,Political Science,1934,500,NA,George Washington University,Washington,District of Columbia,United States,38.9047,-77.0163
2228,N00999,崔存璘,Cui Cunlin,"Tsui, Tswen-ling",M,滬江大學,NA,NA,NA,NA,NA,1928,500,滬江大學,Shanghai University,Shanghai,Shanghai,China,31.2304,121.4737
2229,N01000,崔祖侃,Cui Zukan,"Tsui, T. K.",M,Purdue University,NA,NA,NA,NA,Chemical Engineering,1943,500,NA,Purdue University,West Lafayette,Indiana,United States,40.4432,-86.9238
2230,N01001,崔毓俊,Cui Yujun,"Tsui, Ruh-tsuin",M,Cornell University,NA,M.S.,Master of Science,Master,Agricultural Economics,1942,500,NA,Cornell University,Ithaca,New York,United States,42.4442,-76.5032
2231,N01001,崔毓俊,Cui Yujun,"Tsui, Ruh-tsuin",M,Cornell University,NA,NA,NA,NA,NA,1943,500,NA,Cornell University,Ithaca,New York,United States,42.4442,-76.5032
2232,N01001,崔毓俊,Cui Yujun,"Tsui, Ruh-tsuin",M,金陵大學,NA,NA,NA,NA,NA,1925,500,金陵大學,Jinling University,Nanjing,Jiangsu,China,32.0603,118.7969
2233,N01002,常林弈,Chang Linyi,"Chang, Lin-yi",M,Armstrong Junior College,NA,NA,NA,NA,NA,1939,500,NA,Armstrong Junior College,Savannah,Georgia,United States,32.078,-81.093
2234,N01002,常林弈,Chang Linyi,"Chang, Lin-yi",M,Ohio Wesleyan University,NA,B.A.,Bachelor of Arts,Bachelor,Physiology,1943,500,NA,Ohio Wesleyan University,Delaware,Ohio,United States,40.2851,-83.0741
2235,N01003,常倫夏,Chang Lunxia,"Chang, Lun-hsia",M,Stanford University,NA,B.A.,Bachelor of Arts,Bachelor,Chemistry,1943,500,NA,Stanford University,Stanford,California,United States,37.4252,-122.1674
2236,N01003,常倫夏,Chang Lunxia,"Chang, Lun-hsia",M,燕京大學,NA,NA,NA,NA,NA,1938,500,燕京大學,Yenching University,Beijing,Beijing,China,39.9042,116.4074
2237,N01004,章植,Zhang Zhi,"Tsang, Chih",M,復旦大學,NA,NA,NA,NA,Banking & Finance,NA,500,復旦大學,Fudan University,Shanghai,Shanghai,China,31.2304,121.4737
2238,N01005,莊道宏,Zhuang Daohong,"Chwang, David T. H.",M,Cambridge University,NA,LL.B.,Bachelor of Laws,Bachelor,NA,1938,500,NA,Cambridge University,Cambridge,NA,United Kingdom,52.2043,0.1149
2239,N01005,莊道宏,Zhuang Daohong,"Chwang, David T. H.",M,Harvard University,NA,M.B.A.,Master of Business Administration,Master,Business,1943,500,NA,Harvard University,Cambridge,Massachusetts,United States,42.3759,-71.1185
2240,N01005,莊道宏,Zhuang Daohong,"Chwang, David T. H.",M,交通大學,NA,NA,NA,NA,NA,NA,500,交通大學,Jiaotong University,Shanghai,Shanghai,China,31.2304,121.4737
2241,N01007,畢德顯,Bi Dexian,"Pi, Te-hsien",M,Stanford University,NA,NA,NA,NA,Physiology,1943,500,NA,Stanford University,Stanford,California,United States,37.4252,-122.1674
2242,N01007,畢德顯,Bi Dexian,"Pi, Te-hsien",M,燕京大學,NA,Master,NA,NA,NA,1941,500,燕京大學,Yenching University,Beijing,Beijing,China,39.9042,116.4074
2243,N01007,畢德顯,Bi Dexian,"Pi, Te-hsien",M,燕京大學,NA,NA,NA,NA,NA,1932,500,燕京大學,Yenching University,Beijing,Beijing,China,39.9042,116.4074
2244,N01008,婁大本,Lou Daben,"Liu, Donald P.",M,University of Washington,NA,NA,NA,NA,Climateology,1943,500,NA,University of Washington,Seattle,Oregon,United States,47.6211,-122.3244
2245,N01008,婁大本,Lou Daben,"Liu, Donald P.",M,吳淞商船學校,NA,NA,NA,NA,NA,NA,500,吳淞商船學校,Wusong Merchant Shipping School,Shanghai,Shanghai,China,31.2304,121.4737
2246,N01009,康國經,Kang Guojing,"Kang, K. J.",M,Cornell University,NA,M.S.,Master of Science,Master,Electrical Engineering,1931,501,NA,Cornell University,Ithaca,New York,United States,42.4442,-76.5032
2247,N01009,康國經,Kang Guojing,"Kang, K. J.",M,Cornell University,NA,M.S.,Master of Science,Master,Mechanical Engineering,1934,501,NA,Cornell University,Ithaca,New York,United States,42.4442,-76.5032
2248,N01009,康國經,Kang Guojing,"Kang, K. J.",M,交通大學,NA,NA,NA,NA,NA,1928,501,交通大學,Jiaotong University,Shanghai,Shanghai,China,31.2304,121.4737
2249,N01010,屠大奉,Tu Dafeng,"Du, Darfoon",M,Massachusetts Institute of Technology,NA,NA,NA,NA,Mechanical Engineering,1943,501,NA,Massachusetts Institute of Technology,Cambridge,Massachusetts,United States,42.3759,-71.1185
2250,N01010,屠大奉,Tu Dafeng,"Du, Darfoon",M,Purdue University,NA,M.S.,Master of Science,Master,Mechanical Engineering,1942,501,NA,Purdue University,West Lafayette,Indiana,United States,40.4432,-86.9238
2251,N01010,屠大奉,Tu Dafeng,"Du, Darfoon",M,交通大學,NA,NA,NA,NA,NA,1941,501,交通大學,Jiaotong University,Shanghai,Shanghai,China,31.2304,121.4737
2252,N01011,屠守鍔,Tu Shoue,"Tu, Shou-ngo",M,Massachusetts Institute of Technology,NA,NA,NA,NA,Aeronautical Engineering,1943,501,NA,Massachusetts Institute of Technology,Cambridge,Massachusetts,United States,42.3759,-71.1185
2253,N01011,屠守鍔,Tu Shoue,"Tu, Shou-ngo",M,清華大學,NA,NA,NA,NA,NA,1940,501,清華大學,Tsinghua University,Beijing,Beijing,China,39.9042,116.4074
2254,N01012,戚報三,Qi Baosan,"Chi, Pao-san",M,Columbia University,NA,NA,NA,NA,Economics,1943,501,NA,Columbia University,New York City,New York,United States,40.6943,-73.9249
2255,N01012,戚報三,Qi Baosan,"Chi, Pao-san",M,University of Michigan,NA,M.A.,Master of Arts,Master,Economics,1934,501,NA,University of Michigan,Ann Arbor,Michigan,United States,42.2759,-83.731
2256,N01012,戚報三,Qi Baosan,"Chi, Pao-san",M,中央大學,NA,NA,NA,NA,NA,1928,501,中央大學,Central University,Nanjing,Jiangsu,China,32.0603,118.7969
2257,N01014,盛健,Sheng Jian,"Sheng, James",M,清華大學,NA,NA,NA,NA,Aeronautical Engineering,1936,501,清華大學,Tsinghua University,Beijing,Beijing,China,39.9042,116.4074
2258,N01015,盛樹琪,Sheng Shuqi,"Sheng, Ju-gee",M,University of Wisconsin,NA,B.S.,Bachelor of Science,Bachelor,Electrical Engineering,1942,501,NA,University of Wisconsin,Madison,Wisconsin,United States,43.0822,-89.393
2259,N01015,盛樹琪,Sheng Shuqi,"Sheng, Ju-gee",M,聖約翰大學,NA,NA,NA,NA,NA,1940,501,聖約翰大學,St. John's University,Shanghai,Jiangsu,China,31.2304,121.4737
2260,N01019,梅可鏘,Mei Keqiang,"Mui, Hoh-cheung",M,Columbia University,NA,NA,NA,NA,NA,1943,501,NA,Columbia University,New York City,New York,United States,40.6943,-73.9249
2261,N01019,梅可鏘,Mei Keqiang,"Mui, Hoh-cheung",M,嶺南大學,NA,NA,NA,NA,NA,1937,501,嶺南大學,Lingnan University,Guangzhou,Guangdong,China,23.1291,113.2644
2262,N01020,梅兆燦,Mei Zhaocan,"Moy, Shiu-tsan",M,Tri-State College,NA,B.S.,Bachelor of Science,Bachelor,Electrical Engineering,1931,501,NA,Tri-State College,Angola,Indiana,United States,41.6433,-85.005
2263,N01021,梅卓良,Mei Zhuoliang,"Toy, Alfred",M,Marquette University,NA,NA,NA,NA,Civil Engineering,1943,501,NA,Marquette University,Milwaukee,Wisconsin,United States,43.0642,-87.9675
2264,N01022,梅卓榮,Mei Zhuorong,"Toy, Edward Moy",M,University of Wisconsin,NA,B.S.,Bachelor of Science,Bachelor,Electrical Engineering,1942,501,NA,University of Wisconsin,Madison,Wisconsin,United States,43.0822,-89.393
2265,N01023,梅庭和,Mei Tinghe,"Mei, Richard",M,Carroll College,NA,B.S.,Bachelor of Science,Bachelor,Accounting,1943,502,NA,Carroll College,Helena,Montana,United States,46.5965,-112.0202
2266,N01024,梅連鎰,Mei Lianyi,"Moy, Yip",M,New York University,NA,M.S.,Master of Science,Master,Civil Engineering,1942,502,NA,New York University,New York City,New York,United States,40.6943,-73.9249
2267,N01025,梅國祥,Mei Guoxiang,"Moy, K. C.",M,Ilegible,NA,NA,NA,NA,NA,1940,502,NA,NA,NA,NA,NA,NA,NA
2268,N01026,梅國彬,Mei Guobin,"Moy, Benjamin",M,University of Michigan,NA,NA,NA,NA,Chemical Engineering,1943,502,NA,University of Michigan,Ann Arbor,Michigan,United States,42.2759,-83.731
2269,N01027,梅朝均,Mei Zhaojun,"Boey, Chew-Koon",M,New York University,NA,M.B.A.,Master of Business Administration,Master,Banking & Finance,1937,502,NA,New York University,New York City,New York,United States,40.6943,-73.9249
2270,N01027,梅朝均,Mei Zhaojun,"Boey, Chew-Koon",M,New York University,NA,NA,NA,NA,Banking & Finance,1943,502,NA,New York University,New York City,New York,United States,40.6943,-73.9249
2271,N01028,梅景周,Mei Jingzhou,"Mui, King-chau",M,Oberlin College,NA,B.A.,Bachelor of Arts,Bachelor,Economics,1921,502,NA,Oberlin College,Oberlin,Ohio,United States,41.286,-82.2198
2272,N01029,梅勤誌,Mei Qinzhi,"Mui, Kan-chi",M,Columbia University,NA,NA,NA,NA,Accounting,1942,502,NA,Columbia University,New York City,New York,United States,40.6943,-73.9249
2273,N01029,梅勤誌,Mei Qinzhi,"Mui, Kan-chi",M,Miami University,NA,NA,NA,NA,Accounting,1943,502,NA,Miami University,Oxford,Ohio,United States,39.5061,-84.7446
2274,N01029,梅勤誌,Mei Qinzhi,"Mui, Kan-chi",M,嶺南大學,NA,NA,NA,NA,NA,1939,502,嶺南大學,Lingnan University,Guangzhou,Guangdong,China,23.1291,113.2644
2275,N01031,程雨華,Cheng Yuhua,"Cheng, Phllip Pei-chun",M,University of Southern California,NA,M.A.,Master of Arts,Master,Philosophy,1941,502,NA,University of Southern California,Los Angeles,California,United States,34.1141,-118.4068
2276,N01031,程雨華,Cheng Yuhua,"Cheng, Phllip Pei-chun",M,Yale University,NA,NA,NA,NA,Philosophy,1943,502,NA,Yale University,New Haven,Connecticut,United States,41.3113,-72.9246
2277,N01031,程雨華,Cheng Yuhua,"Cheng, Phllip Pei-chun",M,之江大學,NA,NA,NA,NA,NA,NA,502,之江大學,Zhijiang University,Hangzhou,Zhejiang,China,30.2741,120.1551
2278,N01033,程榮庭,Cheng Rongting,"Cheng, George",M,College of Medical Evangelists,NA,NA,NA,NA,NA,1943,502,NA,College of Medical Evangelists,Loma Linda,California,United States,34.0483,-117.2612
2279,N01033,程榮庭,Cheng Rongting,"Cheng, George",M,Pacific Union College,NA,NA,NA,NA,Medicine,1942,502,NA,Pacific Union College,Angwin,California,United States,38.5776,-122.4513
2280,N01035,程康就,Cheng Kangjiu,"Ching, Robert",M,Stanford University,NA,NA,NA,NA,Business,1943,502,NA,Stanford University,Stanford,California,United States,37.4252,-122.1674
2281,N01036,程淦藩,Cheng Ganfan,"Chen, Kan-fan",M,University of Minnesota,NA,M.S.,Master of Science,Master,Entomology,1942,502,NA,University of Minnesota,Minneapolis,Minnesota,United States,44.9635,-93.2678
2282,N01036,程淦藩,Cheng Ganfan,"Chen, Kan-fan",M,University of Minnesota,NA,NA,NA,NA,Entomology,1943,502,NA,University of Minnesota,Minneapolis,Minnesota,United States,44.9635,-93.2678
2283,N01036,程淦藩,Cheng Ganfan,"Chen, Kan-fan",M,金陵大學,NA,NA,NA,NA,NA,1931,502,金陵大學,Jinling University,Nanjing,Jiangsu,China,32.0603,118.7969
2284,N01038,程福鑄,Cheng Fuzhu,"Tcheng, Fou-tche",M,Ilegible,NA,NA,NA,NA,NA,1934,502,NA,NA,NA,NA,NA,NA,NA
2285,N01038,程福鑄,Cheng Fuzhu,"Tcheng, Fou-tche",M,University of Turin,NA,NA,NA,NA,Aeronautical Engineering,1937,502,NA,University of Turin,Turin,NA,Italy,45.0695,7.6889
2286,N01040,程華贊,Cheng Huazan,"Ching, Wah-chan",M,Armstron College,NA,NA,NA,NA,NA,1940,503,NA,Armstron College,Newcastle upon Tyne,NA,United Kingdom,54.9783,-1.6178
2287,N01040,程華贊,Cheng Huazan,"Ching, Wah-chan",M,University of Texas,NA,NA,NA,NA,Transportation,1943,503,NA,University of Texas,Austin,Texas,United States,30.3005,-97.7522
2288,N01041,程達民,Cheng Damin,"Ching, Ta-min",M,Stanford University,NA,M.A.,Master of Arts,Master,Economics,1939,503,NA,Stanford University,Stanford,California,United States,37.4252,-122.1674
2289,N01041,程達民,Cheng Damin,"Ching, Ta-min",M,嶺南大學,NA,NA,NA,NA,NA,1937,503,嶺南大學,Lingnan University,Guangzhou,Guangdong,China,23.1291,113.2644
2290,N01042,湯明奇,Shang Mingqi,"Tang, Ming-chi",M,交通大學,NA,NA,NA,NA,Electrical Engineering,1936,503,交通大學,Jiaotong University,Shanghai,Shanghai,China,31.2304,121.4737
2291,N01044,湯棟仁,Shang Dongren,"Tong, Thomson T.",M,Massachusetts Institute of Technology,NA,NA,NA,NA,NA,1942,503,NA,Massachusetts Institute of Technology,Cambridge,Massachusetts,United States,42.3759,-71.1185
2292,N01044,湯棟仁,Shang Dongren,"Tong, Thomson T.",M,交通大學,NA,NA,NA,NA,Electrical Engineering,1924,503,交通大學,Jiaotong University,Shanghai,Shanghai,China,31.2304,121.4737
2293,N01046,曾日孚,Ceng Rifu,"King, Herbert T.",M,Oberlin College,NA,B.A.,Bachelor of Arts,Bachelor,Chemical Engineering,1943,503,NA,Oberlin College,Oberlin,Ohio,United States,41.286,-82.2198
2294,N01047,曾呈奎,Ceng Chengkui,"Tseng, Cheng-Kwei",M,University of Michigan,NA,M.A.,Master of Arts,Master,Botany,1942,503,NA,University of Michigan,Ann Arbor,Michigan,United States,42.2759,-83.731
2295,N01047,曾呈奎,Ceng Chengkui,"Tseng, Cheng-Kwei",M,嶺南大學,NA,Master,NA,NA,NA,1934,503,嶺南大學,Lingnan University,Guangzhou,Guangdong,China,23.1291,113.2644
2296,N01047,曾呈奎,Ceng Chengkui,"Tseng, Cheng-Kwei",M,廈門大學,NA,NA,NA,NA,NA,1931,503,廈門大學,Xiamen University,Xiamen,Fujian,China,24.4798,118.0894
2297,N01049,曾超驥,Ceng Chaoji,"Jung, Ebert K.",M,University of California,NA,NA,NA,NA,Civil Engineering,1943,503,NA,University of California,Berkeley,California,United States,37.8722,-122.276
2298,N01050,曾頌孚,Ceng Songfu,"King, David",M,Oberlin College,NA,NA,NA,NA,Chemistry,1943,503,NA,Oberlin College,Oberlin,Ohio,United States,41.286,-82.2198
2299,N01051,曾雄葆,Ceng Xiongbao,"Jong, Arthur H.",M,New York University,NA,NA,NA,NA,Business,1942,503,NA,New York University,New York City,New York,United States,40.6943,-73.9249
2300,N01052,曾禮賢,Ceng Lixian,"Dong, Yen H.",M,City College of New York,NA,B.S.,Bachelor of Science,Bachelor,NA,1936,503,NA,City College of New York,New York,New York,United States,40.82,-73.9493
2301,N01052,曾禮賢,Ceng Lixian,"Dong, Yen H.",M,City College of New York,NA,M.S.,Master of Science,Master,Civil Engineering,1937,503,NA,City College of New York,New York,New York,United States,40.82,-73.9493
2302,N01053,曾寶玉,Ceng Baoyu,"Jong, Ruby",M,University of Dubuque,NA,B.A.,Bachelor of Arts,Bachelor,Music,1942,503,NA,University of Dubuque,Dubuque,Iowa,United States,42.5002,-90.707
2303,N01054,彭克明,Peng Keming,"Peng, Ke-ming",M,University of Illinois,NA,NA,NA,NA,Soil Science,1937,503,NA,University of Illinois,Chicago,Illinois,United States,41.8375,-87.6866
2304,N01054,彭克明,Peng Keming,"Peng, Ke-ming",M,河北大學,NA,NA,NA,NA,NA,1929,503,河北大學,Hebei University,Tianjin,Tianjin,China,39.3434,117.3616
2305,N01056,彭紹青,Peng Shaoqing,"Pong, S. C.",M,George Washington University,NA,NA,NA,NA,Education,1940,504,NA,George Washington University,Washington,District of Columbia,United States,38.9047,-77.0163
2306,N01056,彭紹青,Peng Shaoqing,"Pong, S. C.",M,東南大學,NA,NA,NA,NA,NA,1924,504,東南大學,Southeast University,Nanjing,Jiangsu,China,32.0603,118.7969
2307,N01057,彭望鄴,Peng Wangye,"Peng, Wang Yih",M,北京大學,NA,NA,NA,NA,Law,NA,504,北京大學,Beijing University,Beijing,Beijing,China,39.9042,116.4074
2308,N01058,彭濟生,Peng Jisheng,"Pang, Tse-sung",M,Oregon State College,NA,NA,NA,NA,NA,1943,504,NA,Oregon State College,Corvallis,Oregon,United States,44.5646,-123.262
2309,N01058,彭濟生,Peng Jisheng,"Pang, Tse-sung",M,University of Minnesota,NA,M.S.,Master of Science,Master,Soil Science,1939,504,NA,University of Minnesota,Minneapolis,Minnesota,United States,44.9635,-93.2678
2310,N01058,彭濟生,Peng Jisheng,"Pang, Tse-sung",M,中央大學,NA,NA,NA,NA,NA,1933,504,中央大學,Central University,Nanjing,Jiangsu,China,32.0603,118.7969
2311,N01059,寧鐵程,Ning Tiecheng,"Ning, Ted C.",M,Tri-State College,NA,B.S.,Bachelor of Science,Bachelor,Aeronautical Engineering,1936,504,NA,Tri-State College,Angola,Indiana,United States,41.6433,-85.005
2312,N01059,寧鐵程,Ning Tiecheng,"Ning, Ted C.",M,University of Michigan,NA,NA,NA,NA,Aeronautical Engineering,1941,504,NA,University of Michigan,Ann Arbor,Michigan,United States,42.2759,-83.731
2313,N01059,寧鐵程,Ning Tiecheng,"Ning, Ted C.",M,輔仁大學,NA,NA,NA,NA,NA,NA,504,輔仁大學,Fu-jen University,Beijing,Beijing,China,39.9042,116.4074
2314,N01060,馮天祐,Feng Tianyou,"Fung, Tin-yau",M,University of Hong Kong,NA,NA,NA,NA,NA,1938,504,NA,University of Hong Kong,Hong Kong,NA,Hong Kong,22.283,114.1371
2315,N01061,馮兆翻,Feng Zhaofan,"Fung, Shiu John",M,University of Michigan,NA,B.S.,Bachelor of Science,Bachelor,NA,1942,504,NA,University of Michigan,Ann Arbor,Michigan,United States,42.2759,-83.731
2316,N01061,馮兆翻,Feng Zhaofan,"Fung, Shiu John",M,University of Michigan,NA,NA,NA,NA,Medicine,1943,504,NA,University of Michigan,Ann Arbor,Michigan,United States,42.2759,-83.731
2317,N01062,馮紹棠,Feng Shaotang,"Fung, Shiu-tong",M,University of Pennsylvania,NA,M.S.,Master of Science,Master,Education,1943,504,NA,University of Pennsylvania,Philadelphia,Pennsylvania,United States,40.0077,-75.1339
2318,N01062,馮紹棠,Feng Shaotang,"Fung, Shiu-tong",M,University of Richmond,NA,NA,NA,NA,NA,1941,504,NA,University of Richmond,Richmond,Virginia,United States,37.5295,-77.4756
2319,N01062,馮紹棠,Feng Shaotang,"Fung, Shiu-tong",M,滬江大學,NA,NA,NA,NA,NA,1929,504,滬江大學,Shanghai University,Shanghai,Shanghai,China,31.2304,121.4737
2320,N01063,馮秉芹,Feng Bingqin,"Fung, Ping-kan",M,Massachusetts Institute of Technology,NA,NA,NA,NA,Civil Engineering,1943,504,NA,Massachusetts Institute of Technology,Cambridge,Massachusetts,United States,42.3759,-71.1185
2321,N01064,馮彥達,Feng Yanda,"Peng, Ivan Y. T.",M,University of California,NA,NA,NA,NA,Economics,1942,504,NA,University of California,Berkeley,California,United States,37.8722,-122.276
2322,N01066,馮琪偉,Feng Qiwei,"Fung, Kee-wai",M,Massachusetts Institute of Technology,NA,B.S.,Bachelor of Science,Bachelor,Electrical Engineering,1943,504,NA,Massachusetts Institute of Technology,Cambridge,Massachusetts,United States,42.3759,-71.1185
2323,N01067,馮秉銓,Feng Bingquan,"Feng, Ping-chuan",M,Harvard University,NA,D.Sc.,Doctor of Science,Doctor,Electrical Engineering,1942,504,NA,Harvard University,Cambridge,Massachusetts,United States,42.3759,-71.1185
2324,N01067,馮秉銓,Feng Bingquan,"Feng, Ping-chuan",M,清華大學,NA,NA,NA,NA,NA,1930,504,清華大學,Tsinghua University,Beijing,Beijing,China,39.9042,116.4074
2325,N01067,馮秉銓,Feng Bingquan,"Feng, Ping-chuan",M,燕京大學,NA,Master,NA,NA,NA,1934,504,燕京大學,Yenching University,Beijing,Beijing,China,39.9042,116.4074
2326,N01068,馮國英,Feng Guoying,"Fung, Kwok-ying",M,Duquesne University,NA,NA,NA,NA,NA,1934,504,NA,Duquesne University,Pittsburgh,Pennsylvania,United States,40.4397,-79.9763
2327,N01068,馮國英,Feng Guoying,"Fung, Kwok-ying",M,University of Pittsburgh,NA,NA,NA,NA,Literature,1935,504,NA,University of Pittsburgh,Pittsburgh,Pennsylvania,United States,40.4397,-79.9763
2328,N01069,馮國治,Feng Guozhi,"Feng, Kuo-chih",M,University of Pittsburgh,NA,NA,NA,NA,Biochemistry,1943,504,NA,University of Pittsburgh,Pittsburgh,Pennsylvania,United States,40.4397,-79.9763
2329,N01069,馮國治,Feng Guozhi,"Feng, Kuo-chih",M,中山大學,NA,NA,NA,NA,NA,1931,504,中山大學,Zhongshan University,Guangzhou,Guangdong,China,23.1291,113.2644
2330,N01069,馮國治,Feng Guozhi,"Feng, Kuo-chih",M,燕京大學,NA,Master,NA,NA,NA,1933,504,燕京大學,Yenching University,Beijing,Beijing,China,39.9042,116.4074
2331,N01070,馮斐德,Feng Feide,"Fenn, Albert",M,Park College,NA,B.A.,Bachelor of Arts,Bachelor,Philosophy,1939,504,NA,Park College,Parkville,Missouri,United States,39.1895,-94.6822
2332,N01070,馮斐德,Feng Feide,"Fenn, Albert",M,University of Nebraska,NA,NA,NA,NA,Philosophy,1943,504,NA,University of Nebraska,Lincoln,Nebraska,United States,40.8099,-96.6784
2333,N01074,華文煜,Hua Wenyu,"Hua, Wen-yu",M,Columbia University,NA,M.A.,Master of Arts,Master,Banking & Finance,1940,505,NA,Columbia University,New York City,New York,United States,40.6943,-73.9249
2334,N01074,華文煜,Hua Wenyu,"Hua, Wen-yu",M,New School For Social Research,NA,NA,NA,NA,NA,1942,505,NA,New School For Social Research,New York,New York,United States,40.7355,-73.9972
2335,N01074,華文煜,Hua Wenyu,"Hua, Wen-yu",M,南開大學,NA,NA,NA,NA,NA,1931,505,南開大學,Nankai University,Tianjin,Tianjin,China,39.3434,117.3616
2336,N01075,華仲厚,Hua Zhonghou,"Hwa, William Z.",M,Massachusetts Institute of Technology,NA,B.S.,Bachelor of Science,Bachelor,Mechanical Engineering,1941,505,NA,Massachusetts Institute of Technology,Cambridge,Massachusetts,United States,42.3759,-71.1185
2337,N01076,華慎伯,Hua Shenbo,"Hua, Shen-Pai",M,Massachusetts Institute of Technology,NA,B.S.,Bachelor of Science,Bachelor,Mechanical Engineering,1942,505,NA,Massachusetts Institute of Technology,Cambridge,Massachusetts,United States,42.3759,-71.1185
2338,N01076,華慎伯,Hua Shenbo,"Hua, Shen-Pai",M,聖約翰大學,NA,NA,NA,NA,NA,1937,505,聖約翰大學,St. John's University,Shanghai,Jiangsu,China,31.2304,121.4737
2339,N01077,華壽嵩,Hua Shousong,"Hua, Z. S.",M,交通大學,NA,NA,NA,NA,Transportation,1927,505,交通大學,Jiaotong University,Shanghai,Shanghai,China,31.2304,121.4737
2340,N01079,傅安,Fu An,"Fu, An",M,NationaI University,NA,M.A.,Master of Arts,Master,Political Science,1939,505,NA,American National University,Roanoke,Virginia,United States,37.270556,-79.9425
2341,N01079,傅安,Fu An,"Fu, An",M,金陵大學,NA,NA,NA,NA,NA,1935,505,金陵大學,Jinling University,Nanjing,Jiangsu,China,32.0603,118.7969
2342,N01080,傅承義,Fu Chengyi,"Fu, Cheng-yi",M,California Institute of Technology,NA,NA,NA,NA,Physiology,1943,505,NA,California Institute of Technology,Pasadena,California,United States,34.1597,-118.139
2343,N01080,傅承義,Fu Chengyi,"Fu, Cheng-yi",M,Colorado School of Mines,NA,NA,NA,NA,NA,1941,505,NA,Colorado School of Mines,Golden,Colorado,United States,39.7406,-105.2118
2344,N01080,傅承義,Fu Chengyi,"Fu, Cheng-yi",M,McGill University,NA,M.S.,Master of Science,Master,NA,1941,505,NA,McGill University,Montreal,NA,Canada,45.5048,-73.5772
2345,N01080,傅承義,Fu Chengyi,"Fu, Cheng-yi",M,清華大學,NA,NA,NA,NA,NA,1933,505,清華大學,Tsinghua University,Beijing,Beijing,China,39.9042,116.4074
2346,N01081,費孝通,Fei Xiaotong,"Fei, Hsiao-tung",M,University of London,NA,Ph.D.,Doctor of Philosophy,Doctor,Anthropology,1938,505,NA,University of London,London,NA,United Kingdom,51.521,-0.13
2347,N01081,費孝通,Fei Xiaotong,"Fei, Hsiao-tung",M,清華大學,研究院,NA,NA,NA,NA,1935,505,清華大學,Tsinghua University,Beijing,Beijing,China,39.9042,116.4074
2348,N01081,費孝通,Fei Xiaotong,"Fei, Hsiao-tung",M,燕京大學,NA,NA,NA,NA,NA,1933,505,燕京大學,Yenching University,Beijing,Beijing,China,39.9042,116.4074
2349,N01082,區兆榮,Ou Zhaorong,"Au, Silwing P. C.",M,University of Chicago,NA,LL.D.,Doctor of Laws,Doctor,Law,1926,505,NA,University of Chicago,Chicago,Illinois,United States,41.8375,-87.6866
2350,N01085,區靜賢,Ou Jingxian,"Au, Ching Yin",M,Massachusetts Institute of Technology,NA,NA,NA,NA,Mechanical Engineering,1943,506,NA,Massachusetts Institute of Technology,Cambridge,Massachusetts,United States,42.3759,-71.1185
2351,N01086,喬碩人,Jiao Shiren,"Chiao, Shih-jen",M,University of Michigan,NA,M.S.,Master of Science,Master,Chemical Engineering,1941,506,NA,University of Michigan,Ann Arbor,Michigan,United States,42.2759,-83.731
2352,N01086,喬碩人,Jiao Shiren,"Chiao, Shih-jen",M,University of Minnesota,NA,NA,NA,NA,Chemical Engineering,1943,506,NA,University of Minnesota,Minneapolis,Minnesota,United States,44.9635,-93.2678
2353,N01086,喬碩人,Jiao Shiren,"Chiao, Shih-jen",M,燕京大學,NA,NA,NA,NA,NA,1937,506,燕京大學,Yenching University,Beijing,Beijing,China,39.9042,116.4074
2354,N01087,單宗肅,Chan Zongsu,"Shan, T. S.",M,交通大學,NA,NA,NA,NA,Electrical Engineering,1934,506,交通大學,Jiaotong University,Shanghai,Shanghai,China,31.2304,121.4737
2355,N01088,童誌仁,Tong Zhiren,"Tung, Peter C. J.",M,Harvard University,NA,NA,NA,NA,NA,1940,506,NA,Harvard University,Cambridge,Massachusetts,United States,42.3759,-71.1185
2356,N01088,童誌仁,Tong Zhiren,"Tung, Peter C. J.",M,Massachusetts Institute of Technology,NA,NA,NA,NA,Chemical Engineering,1943,506,NA,Massachusetts Institute of Technology,Cambridge,Massachusetts,United States,42.3759,-71.1185
2357,N01088,童誌仁,Tong Zhiren,"Tung, Peter C. J.",M,福建協和大學,NA,NA,NA,NA,NA,1930,506,福建協和大學,Fujian Union University,Fuzhou,Fujian,China,26.0745,119.2965
2358,N01089,童誌忠,Tong Zhizhong,"Tung, Adwin C. C.",M,Boston University,NA,NA,NA,NA,Psychology,1943,506,NA,Boston University,Boston,Massachusetts,United States,42.3188,-71.0852
2359,N01089,童誌忠,Tong Zhizhong,"Tung, Adwin C. C.",M,Harvard University,NA,NA,NA,NA,Education,1941,506,NA,Harvard University,Cambridge,Massachusetts,United States,42.3759,-71.1185
2360,N01090,童村,Tong Cun,"Tung, Tsun",M,Johns Hopkins University,NA,M.P.H.,Master of Public Health,Master,Public Health,1942,506,NA,Johns Hopkins University,Baltimore,Maryland,United States,39.3051,-76.6144
2361,N01090,童村,Tong Cun,"Tung, Tsun",M,協和醫學院,NA,NA,NA,NA,NA,1934,506,協和醫學院,Peking Union Medical College,Beijing,Beijing,China,39.9042,116.4074
2362,N01090,童村,Tong Cun,"Tung, Tsun",M,燕京大學,NA,NA,NA,NA,NA,1930,506,燕京大學,Yenching University,Beijing,Beijing,China,39.9042,116.4074
2363,N01091,童達,Tong Da,"Tung, Ta",M,Harvard University,NA,Ph.D.,Doctor of Philosophy,Doctor,Education,1943,506,NA,Harvard University,Cambridge,Massachusetts,United States,42.3759,-71.1185
2364,N01091,童達,Tong Da,"Tung, Ta",M,燕京大學,NA,Master,NA,NA,NA,1931,506,燕京大學,Yenching University,Beijing,Beijing,China,39.9042,116.4074
2365,N01091,童達,Tong Da,"Tung, Ta",M,聖約翰大學,NA,NA,NA,NA,NA,1928,506,聖約翰大學,St. John's University,Shanghai,Jiangsu,China,31.2304,121.4737
2366,N01092,賀邦墉,He Bangyong,"Ho, Pang-yung",M,Technical College of Hanover,NA,NA,NA,NA,NA,1939,506,NA,Technical College of Hanover,Hanover,NA,Germany,52.382,9.717
2367,N01092,賀邦墉,He Bangyong,"Ho, Pang-yung",M,University of London,NA,M.S.,Master of Science,Master,NA,1937,506,NA,University of London,London,NA,United Kingdom,51.521,-0.13
2368,N01092,賀邦墉,He Bangyong,"Ho, Pang-yung",M,北洋大學,NA,NA,NA,NA,NA,1933,506,北洋大學,Beiyang University,Tianjin,Tianjin,China,39.3434,117.3616
2369,N01093,覃家韜,Qin Jiatao,"Chin, Chia-tao",M,廣西大學,NA,NA,NA,NA,Mechanical Engineering,1937,506,廣西大學,Guangxi University,Wuzhou,Guangxi,China,23.4769,111.279
2370,N01094,遊春楙,You Chunmao,"You, James C. M.",M,Cambridge University,NA,M.S.,Master of Science,Master,NA,1939,506,NA,Cambridge University,Cambridge,NA,United Kingdom,52.2043,0.1149
2371,N01094,遊春楙,You Chunmao,"You, James C. M.",M,University of Michigan,NA,NA,NA,NA,Transportation,1941,506,NA,University of Michigan,Ann Arbor,Michigan,United States,42.2759,-83.731
2372,N01094,遊春楙,You Chunmao,"You, James C. M.",M,中央大學,NA,NA,NA,NA,NA,1926,506,中央大學,Central University,Nanjing,Jiangsu,China,32.0603,118.7969
2373,N01096,惠聯甲,Hui Lianjia,"Hui, William L. C.",M,University of Michigan,NA,M.S.,Master of Science,Master,Chemical Engineering,1939,507,NA,University of Michigan,Ann Arbor,Michigan,United States,42.2759,-83.731
2374,N01096,惠聯甲,Hui Lianjia,"Hui, William L. C.",M,燕京大學,NA,NA,NA,NA,NA,1936,507,燕京大學,Yenching University,Beijing,Beijing,China,39.9042,116.4074
2375,N01097,楊一真,Yang Yizhen,"Young, I-chen",M,University of Michigan,NA,M.S.,Master of Science,Master,Civil Engineering,1942,507,NA,University of Michigan,Ann Arbor,Michigan,United States,42.2759,-83.731
2376,N01097,楊一真,Yang Yizhen,"Young, I-chen",M,交通大學,NA,NA,NA,NA,NA,1941,507,交通大學,Jiaotong University,Shanghai,Shanghai,China,31.2304,121.4737
2377,N01098,楊士昌,Yang Shichang,"Yang, Fze-chang",M,New York University,NA,NA,NA,NA,Aeronautical Engineering,1935,507,NA,New York University,New York City,New York,United States,40.6943,-73.9249
2378,N01098,楊士昌,Yang Shichang,"Yang, Fze-chang",M,Safair Flying School,NA,NA,NA,NA,NA,1937,507,NA,Safair Flying School,Long Island,New York,United States,40.7891,-73.135
2379,N01098,楊士昌,Yang Shichang,"Yang, Fze-chang",M,Tri-State College,NA,NA,NA,NA,NA,1929,507,NA,Tri-State College,Angola,Indiana,United States,41.6433,-85.005
2380,N01099,楊元忠,Yang Yuanzhong,"Yang, Yuan-chung",M,海軍學校,NA,NA,NA,NA,NA,1931,507,海軍學校,Naval school,Fuzhou,Fujian,China,26.0745,119.2965
2381,N01100,楊天一,Yang Tianyi,"Yang, Tien-yih",M,Yale University,NA,M.A.,Master of Arts,Master,Political Science,1942,507,NA,Yale University,New Haven,Connecticut,United States,41.3113,-72.9246
2382,N01100,楊天一,Yang Tianyi,"Yang, Tien-yih",M,南開大學,NA,NA,NA,NA,NA,1937,507,南開大學,Nankai University,Tianjin,Tianjin,China,39.3434,117.3616
2383,N01101,楊天孚,Yang Tianfu,"Yang, Tien-fu",M,New York University,NA,M.A.,Master of Arts,Master,Political Science,1937,507,NA,New York University,New York City,New York,United States,40.6943,-73.9249
2384,N01101,楊天孚,Yang Tianfu,"Yang, Tien-fu",M,New York University,NA,NA,NA,NA,Political Science,1943,507,NA,New York University,New York City,New York,United States,40.6943,-73.9249
2385,N01101,楊天孚,Yang Tianfu,"Yang, Tien-fu",M,燕京大學,NA,NA,NA,NA,NA,1932,507,燕京大學,Yenching University,Beijing,Beijing,China,39.9042,116.4074
2386,N01102,楊永清,Yang Yongqing,"Yang, Y. C.",M,George Washington University,NA,M.A.,Master of Arts,Master,Education,1919,507,NA,George Washington University,Washington,District of Columbia,United States,38.9047,-77.0163
2387,N01102,楊永清,Yang Yongqing,"Yang, Y. C.",M,Southern College,NA,LL.D.,Doctor of Laws,Doctor,NA,1930,507,NA,Southern College,NA,NA,United States,NA,NA
2388,N01102,楊永清,Yang Yongqing,"Yang, Y. C.",M,東南大學,NA,NA,NA,NA,NA,1910,507,東南大學,Southeast University,Nanjing,Jiangsu,China,32.0603,118.7969
2389,N01103,楊生茂,Yang Shengmao,"Yang, Sheng-mao",M,University of California,NA,NA,NA,NA,Journalism,1943,507,NA,University of California,Berkeley,California,United States,37.8722,-122.276
2390,N01103,楊生茂,Yang Shengmao,"Yang, Sheng-mao",M,燕京大學,NA,NA,NA,NA,NA,1941,507,燕京大學,Yenching University,Beijing,Beijing,China,39.9042,116.4074
2391,N01105,楊和雅,Yang Heya,"Yang, Ho-ya",M,Oregon State College,NA,NA,NA,NA,NA,1943,507,NA,Oregon State College,Corvallis,Oregon,United States,44.5646,-123.262
2392,N01105,楊和雅,Yang Heya,"Yang, Ho-ya",M,金陵大學,NA,NA,NA,NA,NA,1936,507,金陵大學,Jinling University,Nanjing,Jiangsu,China,32.0603,118.7969
2393,N01106,楊和慶,Yang Heqing,"Yang, Ho-ching",M,Johns Hopkins University,NA,M.P.H.,Master of Public Health,Master,NA,1942,507,NA,Johns Hopkins University,Baltimore,Maryland,United States,39.3051,-76.6144
2394,N01106,楊和慶,Yang Heqing,"Yang, Ho-ching",M,Rostock University,NA,M.D.,Doctor of Medicine,Doctor,Medicine,1928,507,NA,Rostock University,Rostock,NA,Germany,54.075,12.103
2395,N01106,楊和慶,Yang Heqing,"Yang, Ho-ching",M,廈門大學,NA,NA,NA,NA,NA,1925,507,廈門大學,Xiamen University,Xiamen,Fujian,China,24.4798,118.0894
2396,N01107,楊昌毅,Yang Changyi,"Young, C. N.",M,Harvard University,NA,NA,NA,NA,Economics,1943,507,NA,Harvard University,Cambridge,Massachusetts,United States,42.3759,-71.1185
2397,N01107,楊昌毅,Yang Changyi,"Young, C. N.",M,University of Michigan,NA,M.A.,Master of Arts,Master,Economics,1943,507,NA,University of Michigan,Ann Arbor,Michigan,United States,42.2759,-83.731
2398,N01107,楊昌毅,Yang Changyi,"Young, C. N.",M,上海醫學院,NA,NA,NA,NA,NA,NA,507,上海醫學院,Shanghai Medical College,Shanghai,Shanghai,China,31.2304,121.4737
2399,N01108,楊明濟,Yang Mingji,"Young, M. T.",M,齊魯大學,NA,NA,NA,NA,Electrical Engineering,NA,507,齊魯大學,Qilu University,Jinan,Shandong,China,36.6512,117.1201
2400,N01109,楊培根,Yang Peigen,"Yeung, Bacon",M,University of Michigan,NA,NA,NA,NA,Mechanical Engineering,1943,507,NA,University of Michigan,Ann Arbor,Michigan,United States,42.2759,-83.731
2401,N01110,楊福攸,Yang Fuyou,"Yang, F. Y.",M,Columbia University,NA,M.A.,Master of Arts,Master,Economics,1942,507,NA,Columbia University,New York City,New York,United States,40.6943,-73.9249
2402,N01110,楊福攸,Yang Fuyou,"Yang, F. Y.",M,Columbia University,NA,NA,NA,NA,Economics,1943,507,NA,Columbia University,New York City,New York,United States,40.6943,-73.9249
2403,N01110,楊福攸,Yang Fuyou,"Yang, F. Y.",M,滬江大學,NA,NA,NA,NA,NA,1934,507,滬江大學,Shanghai University,Shanghai,Shanghai,China,31.2304,121.4737
2404,N01112,楊風,Yang Feng,"Young, P. Timothy",M,Columbia University,NA,Ph.D.,Doctor of Philosophy,Doctor,Botany,NA,508,NA,Columbia University,New York City,New York,United States,40.6943,-73.9249
2405,N01112,楊風,Yang Feng,"Young, P. Timothy",M,University of Southern California,NA,M.A.,Master of Arts,Master,Botany,1930,508,NA,University of Southern California,Los Angeles,California,United States,34.1141,-118.4068
2406,N01112,楊風,Yang Feng,"Young, P. Timothy",M,之江大學,NA,NA,NA,NA,NA,1924,508,之江大學,Zhijiang University,Hangzhou,Zhejiang,China,30.2741,120.1551
2407,N01113,楊益彰,Yang Yizhang,"Yang, Yih-chang",M,Birmingham-Southern College,NA,NA,NA,NA,NA,1942,508,NA,Birmingham-Southern College,Birmingham,Alabama,United States,33.5279,-86.7971
2408,N01113,楊益彰,Yang Yizhang,"Yang, Yih-chang",M,Virginia Polytechnic Institute,NA,NA,NA,NA,Mechanical Engineering,1943,508,NA,Virginia Polytechnic Institute,Blacksburg,Virginia,United States,37.2284,-80.4234
2409,N01115,楊衷權,Yang Zhongquan,"Young, Kenneth C. K.",M,Massachusetts Institute of Technology,NA,NA,NA,NA,Electrical Engineering,1943,508,NA,Massachusetts Institute of Technology,Cambridge,Massachusetts,United States,42.3759,-71.1185
2410,N01116,楊超塵,Yang Chaochen,"Yang, Chao-Chen",M,Art Institute of Chicago,NA,NA,NA,NA,Literature,1938,508,NA,Art Institute of Chicago,Chicago,Illinois,United States,41.8796,-87.6237
2411,N01116,楊超塵,Yang Chaochen,"Yang, Chao-Chen",M,上海新華藝術大學,NA,NA,NA,NA,NA,1928,508,NA,Shanghai Xinhua University of Art,Shanghai,Shanghai,China,31.2304,121.4737
2412,N01117,楊善進,Yang Shanjin,"Young, Shan-tsing",M,中央大學,機械特別研究所,NA,NA,NA,Aeronautical Engineering,1939,508,中央大學,Central University,Nanjing,Jiangsu,China,32.0603,118.7969
2413,N01117,楊善進,Yang Shanjin,"Young, Shan-tsing",M,中央大學,NA,NA,NA,NA,Civil Engineering,1939,508,中央大學,Central University,Nanjing,Jiangsu,China,32.0603,118.7969
2414,N01118,楊尋寶,Yang Xunbao,"Yang, Hsin-pao",M,Drew University,NA,M.A.,Master of Arts,Master,NA,1940,508,NA,Drew University,Madison,New Jersey,United States,40.7586,-74.4169
2415,N01118,楊尋寶,Yang Xunbao,"Yang, Hsin-pao",M,University of Chicago,NA,NA,NA,NA,Sociology,1943,508,NA,University of Chicago,Chicago,Illinois,United States,41.8375,-87.6866
2416,N01118,楊尋寶,Yang Xunbao,"Yang, Hsin-pao",M,福建協和大學,NA,NA,NA,NA,NA,1927,508,福建協和大學,Fujian Union University,Fuzhou,Fujian,China,26.0745,119.2965
2417,N01119,楊榮春,Yang Rongchun,"Yang, Matthew C. Y.",M,Harvard University,NA,NA,NA,NA,Political Science,1943,508,NA,Harvard University,Cambridge,Massachusetts,United States,42.3759,-71.1185
2418,N01119,楊榮春,Yang Rongchun,"Yang, Matthew C. Y.",M,清華大學,NA,NA,NA,NA,NA,1938,508,清華大學,Tsinghua University,Beijing,Beijing,China,39.9042,116.4074
2419,N01120,楊德義,Yang Deyi,"Yang, Andrew T.",M,Wheaton College,NA,NA,NA,NA,Music,1943,508,NA,Wheaton College,Wheaton,Illinois,United States,41.8561,-88.1085
2420,N01121,楊寶昌,Yang Baochang,"Young, Pao-chong",M,University of Michigan,NA,B.S.,Bachelor of Science,Bachelor,Civil Engineering,1941,508,NA,University of Michigan,Ann Arbor,Michigan,United States,42.2759,-83.731
2421,N01122,楊寶華,Yang Baohua,"Young, George",M,University of California,NA,B.S.,Bachelor of Science,Bachelor,Chemical Engineering,1942,508,NA,University of California,Berkeley,California,United States,37.8722,-122.276
2422,N01123,楊寶濂,Yang Baolian,"Young, Pau-lien",M,Harvard University,NA,NA,NA,NA,Economics,1943,508,NA,Harvard University,Cambridge,Massachusetts,United States,42.3759,-71.1185
2423,N01123,楊寶濂,Yang Baolian,"Young, Pau-lien",M,University of Pennsylvania,NA,M.B.A.,Master of Business Administration,Master,NA,1942,508,NA,University of Pennsylvania,Philadelphia,Pennsylvania,United States,40.0077,-75.1339
2424,N01123,楊寶濂,Yang Baolian,"Young, Pau-lien",M,交通大學,NA,NA,NA,NA,NA,1939,508,交通大學,Jiaotong University,Shanghai,Shanghai,China,31.2304,121.4737
2425,N01125,楊慶堃,Yang Qingkun,"Yang, Ching-kun",M,University of Michigan,NA,Ph.D.,Doctor of Philosophy,Doctor,Sociology,NA,508,NA,University of Michigan,Ann Arbor,Michigan,United States,42.2759,-83.731
2426,N01125,楊慶堃,Yang Qingkun,"Yang, Ching-kun",M,滬江大學,NA,NA,NA,NA,NA,NA,508,滬江大學,Shanghai University,Shanghai,Shanghai,China,31.2304,121.4737
2427,N01125,楊慶堃,Yang Qingkun,"Yang, Ching-kun",M,燕京大學,NA,Master,NA,NA,NA,NA,508,燕京大學,Yenching University,Beijing,Beijing,China,39.9042,116.4074
2428,N01126,楊德銓,Yang Dequan,"Yang, Te-chuan",M,Columbia University,NA,NA,NA,NA,History,1943,508,NA,Columbia University,New York City,New York,United States,40.6943,-73.9249
2429,N01126,楊德銓,Yang Dequan,"Yang, Te-chuan",M,University of Michigan,NA,M.A.,Master of Arts,Master,History,NA,508,NA,University of Michigan,Ann Arbor,Michigan,United States,42.2759,-83.731
2430,N01126,楊德銓,Yang Dequan,"Yang, Te-chuan",M,輔仁大學,NA,NA,NA,NA,NA,NA,508,輔仁大學,Fu-jen University,Beijing,Beijing,China,39.9042,116.4074
2431,N01128,楊毅,Yang Yi,"Yang, Y.",M,Purdue University,NA,M.S.,Master of Science,Master,Electrical Engineering,1939,508,NA,Purdue University,West Lafayette,Indiana,United States,40.4432,-86.9238
2432,N01128,楊毅,Yang Yi,"Yang, Y.",M,北京大學,NA,NA,NA,NA,NA,1934,508,北京大學,Beijing University,Beijing,Beijing,China,39.9042,116.4074
2433,N01129,楊懋春,Yang Maochun,"Yang, Martin C.",M,Cornell University,NA,Ph.D.,Doctor of Philosophy,Doctor,Sociology,1942,508,NA,Cornell University,Ithaca,New York,United States,42.4442,-76.5032
2434,N01129,楊懋春,Yang Maochun,"Yang, Martin C.",M,燕京大學,NA,Master,NA,NA,NA,1932,508,燕京大學,Yenching University,Beijing,Beijing,China,39.9042,116.4074
2435,N01129,楊懋春,Yang Maochun,"Yang, Martin C.",M,齊魯大學,NA,NA,NA,NA,NA,1929,508,齊魯大學,Qilu University,Jinan,Shandong,China,36.6512,117.1201
2436,N01130,楊聯陞,Yang Liansheng,"Yang, Lien-sheng",M,Harvard University,NA,M.A.,Master of Arts,Master,History,1943,509,NA,Harvard University,Cambridge,Massachusetts,United States,42.3759,-71.1185
2437,N01130,楊聯陞,Yang Liansheng,"Yang, Lien-sheng",M,清華大學,NA,NA,NA,NA,NA,1937,509,清華大學,Tsinghua University,Beijing,Beijing,China,39.9042,116.4074
2438,N01131,楊齡,Yang Ling,"Yang, Ling",M,University of London,NA,NA,NA,NA,Political Science,NA,509,NA,University of London,London,NA,United Kingdom,51.521,-0.13
2439,N01131,楊齡,Yang Ling,"Yang, Ling",M,聖約翰大學,NA,NA,NA,NA,NA,NA,509,聖約翰大學,St. John's University,Shanghai,Jiangsu,China,31.2304,121.4737
2440,N01132,董公良,Dong Gongliang,"Tung, Kung-liang",M,Colorado College,NA,NA,NA,NA,Chemistry,1943,509,NA,Colorado College,Colorado Springs,Colorado,United States,38.8674,-104.7605
2441,N01132,董公良,Dong Gongliang,"Tung, Kung-liang",M,聖約翰大學,NA,NA,NA,NA,NA,NA,509,聖約翰大學,St. John's University,Shanghai,Jiangsu,China,31.2304,121.4737
2442,N01133,董元爝,Dong Yuanjue,"Tung, Yuan-chio",M,Cornell University,NA,NA,NA,NA,Agriculture,1943,509,NA,Cornell University,Ithaca,New York,United States,42.4442,-76.5032
2443,N01134,董方中,Dong Fangzhong,"Tung, Fong-chung",M,University of Pennsylvania,NA,NA,NA,NA,Medicine,1943,509,NA,University of Pennsylvania,Philadelphia,Pennsylvania,United States,40.0077,-75.1339
2444,N01134,董方中,Dong Fangzhong,"Tung, Fong-chung",M,聖約翰大學,NA,NA,NA,NA,NA,1941,509,聖約翰大學,St. John's University,Shanghai,Jiangsu,China,31.2304,121.4737
2445,N01135,董存道,Dong Cundao,"Tung, Chen-dao",M,University of Chicago,NA,NA,NA,NA,Public Administration,1943,509,NA,University of Chicago,Chicago,Illinois,United States,41.8375,-87.6866
2446,N01135,董存道,Dong Cundao,"Tung, Chen-dao",M,University of Michigan,NA,NA,NA,NA,NA,1938,509,NA,University of Michigan,Ann Arbor,Michigan,United States,42.2759,-83.731
2447,N01135,董存道,Dong Cundao,"Tung, Chen-dao",M,聖約翰大學,NA,NA,NA,NA,NA,1936,509,聖約翰大學,St. John's University,Shanghai,Jiangsu,China,31.2304,121.4737
2448,N01138,董蔚翹,Dong Weiqiao,"Tung, Y. C.",M,東北大學,NA,NA,NA,NA,Mining Engineering,1930,509,東北大學,Northeast University,Shenyang,Liaoning,China,41.8057,123.4315
2449,N01139,董飏護,Dong Yanghu,"Tong, Yang-hu",M,Purdue University,NA,B.S.,Bachelor of Science,Bachelor,Mechanical Engineering,1941,509,NA,Purdue University,West Lafayette,Indiana,United States,40.4432,-86.9238
2450,N01139,董飏護,Dong Yanghu,"Tong, Yang-hu",M,聖約翰大學,NA,NA,NA,NA,NA,NA,509,聖約翰大學,St. John's University,Shanghai,Jiangsu,China,31.2304,121.4737
2451,N01140,董飏龍,Dong Yanglong,"Tong, Yang-lung",M,Park College,NA,NA,NA,NA,Chemistry,1940,509,NA,Park College,Parkville,Missouri,United States,39.1895,-94.6822
2452,N01141,葉方盛,Ye Fangsheng,"Yih, Fong-zung",M,Worcester Polytechnic Institute,NA,NA,NA,NA,Mechanical Engineering,1943,509,NA,Worcester Polytechnic Institute,Worcester,Massachusetts,United States,42.2705,-71.8079
2453,N01142,葉克武,Ye Kewu,"Yik, George Ke-wu",M,California Institute of Technology,NA,NA,NA,NA,Aeronautical Engineering,1943,509,NA,California Institute of Technology,Pasadena,California,United States,34.1597,-118.139
2454,N01143,葉誌超,Ye Zhichao,"Yip, Chee-chau",M,New York University,NA,B.S.,Bachelor of Science,Bachelor,NA,1939,509,NA,New York University,New York City,New York,United States,40.6943,-73.9249
2455,N01143,葉誌超,Ye Zhichao,"Yip, Chee-chau",M,University of Chicago,NA,NA,NA,NA,Economics,1941,509,NA,University of Chicago,Chicago,Illinois,United States,41.8375,-87.6866
2456,N01144,葉良弼,Ye Liangbi,"Yeh, L. P.",M,Harvard University,NA,NA,NA,NA,Electrical Engineering,1939,509,NA,Harvard University,Cambridge,Massachusetts,United States,42.3759,-71.1185
2457,N01144,葉良弼,Ye Liangbi,"Yeh, L. P.",M,交通大學,NA,NA,NA,NA,NA,1930,509,交通大學,Jiaotong University,Shanghai,Shanghai,China,31.2304,121.4737
2458,N01145,葉紹蔭,Ye Shaoyin,"Yeh, Shao-yin",M,Stanford University,NA,M.S.,Master of Science,Master,Electrical Engineering,1942,509,NA,Stanford University,Stanford,California,United States,37.4252,-122.1674
2459,N01145,葉紹蔭,Ye Shaoyin,"Yeh, Shao-yin",M,燕京大學,NA,NA,NA,NA,NA,1930,509,燕京大學,Yenching University,Beijing,Beijing,China,39.9042,116.4074
2460,N01146,葉景豪,Ye Jinghao,"Lou, Kenow",M,University of California,NA,NA,NA,NA,Mechanical Engineering,1942,510,NA,University of California,Berkeley,California,United States,37.8722,-122.276
2461,N01148,葉澄宇,Ye Chengyu,"Ip, Ching-U",M,California Institute of Technology,NA,M.S.,Master of Science,Master,Mechanical Engineering,1942,510,NA,California Institute of Technology,Pasadena,California,United States,34.1597,-118.139
2462,N01148,葉澄宇,Ye Chengyu,"Ip, Ching-U",M,University of Hong Kong,NA,NA,NA,NA,NA,1941,510,NA,University of Hong Kong,Hong Kong,NA,Hong Kong,22.283,114.1371
2463,N01151,葉維矜,Ye Weiguan,"Yep, William",M,Indiana Technical College,NA,B.S.,Bachelor of Science,Bachelor,Chemical Engineering,1942,510,NA,Indiana Technical College,Fort Wayne,Indiana,United States,41.0888,-85.1436
2464,N01153,葉樹滋,Ye Shuzi,"Yeh, Chu-tse",M,交通大學,NA,NA,NA,NA,Mechanical Engineering,1942,510,交通大學,Jiaotong University,Shanghai,Shanghai,China,31.2304,121.4737
2465,N01154,葉懷德,Ye Huaide,"Yeh, Walter H. D.",M,國主音樂專科學校,NA,NA,NA,NA,NA,1934,510,NA,National College of Music,Shanghai,Shanghai,China,31.2304,121.4737
2466,N01154,葉懷德,Ye Huaide,"Yeh, Walter H. D.",M,聖約翰大學,NA,NA,NA,NA,NA,1933,510,聖約翰大學,St. John's University,Shanghai,Jiangsu,China,31.2304,121.4737
2467,N01155,葉驪發,Ye Lifa,"Yih, Lee-fah",M,State University of Iowa,NA,M.S.,Master of Science,Master,Civil Engineering,1943,510,NA,State University of Iowa,Iowa City,Iowa,United States,41.6627,-91.5549
2468,N01155,葉驪發,Ye Lifa,"Yih, Lee-fah",M,復旦大學,NA,NA,NA,NA,NA,1937,510,復旦大學,Fudan University,Shanghai,Shanghai,China,31.2304,121.4737
2469,N01156,雷文韶,Lei Wenshao,"Louie, Man-shiu",M,University of California,NA,B.S.,Bachelor of Science,Bachelor,Civil Engineering,1941,510,NA,University of California,Berkeley,California,United States,37.8722,-122.276
2470,N01156,雷文韶,Lei Wenshao,"Louie, Man-shiu",M,University of Washington,NA,NA,NA,NA,Architecture,1943,510,NA,University of Washington,Seattle,Oregon,United States,47.6211,-122.3244
2471,N01158,雷雄偉,Lei Xiongwei,"Louie, William",M,University of Southern California,NA,NA,NA,NA,Electrical Engineering,1943,510,NA,University of Southern California,Los Angeles,California,United States,34.1141,-118.4068
2472,N01159,雷華京,Lei Huajing,"Lay, Joachim",M,University de Liege,NA,NA,NA,NA,NA,1940,510,NA,University de Liege,Liège,NA,Belgium,50.6408,5.5746
2473,N01159,雷華京,Lei Huajing,"Lay, Joachim",M,University of Michigan,NA,NA,NA,NA,Mechanical Engineering,1943,510,NA,University of Michigan,Ann Arbor,Michigan,United States,42.2759,-83.731
2474,N01160,雷華顯,Lei Huaxian,"Louis, Lawrence Hwa-hsien",M,University of Michigan,NA,B.S.,Bachelor of Science,Bachelor,Chemistry,1937,510,NA,University of Michigan,Ann Arbor,Michigan,United States,42.2759,-83.731
2475,N01162,雷榮俊,Lei Rongjun,"Pon, Charles Louis",M,New York University,NA,B.S.,Bachelor of Science,Bachelor,Civil Engineering,1942,510,NA,New York University,New York City,New York,United States,40.6943,-73.9249
2476,N01163,雷毓華,Lei Yuhua,"Yee, Bing-sing",M,New York University,NA,NA,NA,NA,Electrical Engineering,1943,511,NA,New York University,New York City,New York,United States,40.6943,-73.9249
2477,N01164,雷蔭軒,Lei Yinxuan,"Louie, Yam-bin",M,Northwestern University,NA,NA,NA,NA,Dentistry,1943,511,NA,Northwestern University,Evanston,Illinois,United States,42.0464,-87.6943
2478,N01164,雷蔭軒,Lei Yinxuan,"Louie, Yam-bin",M,Stanford University,NA,NA,NA,NA,Physiology,NA,511,NA,Stanford University,Stanford,California,United States,37.4252,-122.1674
2479,N01164,雷蔭軒,Lei Yinxuan,"Louie, Yam-bin",M,嶺南大學,NA,NA,NA,NA,NA,NA,511,嶺南大學,Lingnan University,Guangzhou,Guangdong,China,23.1291,113.2644
2480,N01165,雷漢明,Lei Hanming,"Louie, James",M,University of Washington,NA,NA,NA,NA,Aeronautical Engineering,1943,511,NA,University of Washington,Seattle,Oregon,United States,47.6211,-122.3244
2481,N01166,雷漢城,Lei Hancheng,"Louie, Singhon",M,Massachusetts Institute of Technology,NA,NA,NA,NA,NA,1943,511,NA,Massachusetts Institute of Technology,Cambridge,Massachusetts,United States,42.3759,-71.1185
2482,N01166,雷漢城,Lei Hancheng,"Louie, Singhon",M,University of Washington,NA,NA,NA,NA,NA,1942,511,NA,University of Washington,Seattle,Oregon,United States,47.6211,-122.3244
2483,N01167,葛世儒,Ge Shiru,"Geh, Sze-zu",M,交通大學,NA,NA,NA,NA,Chemistry,1934,511,交通大學,Jiaotong University,Shanghai,Shanghai,China,31.2304,121.4737
2484,N01169,葛啟楊,Ge Qiyang,"Keh, Chi-yang",M,Michigan State College,NA,NA,NA,NA,Geography,1943,511,NA,Michigan State College,East Lansing,Michigan,United States,42.748,-84.4836
2485,N01169,葛啟楊,Ge Qiyang,"Keh, Chi-yang",M,University of Michigan,NA,NA,NA,NA,Geography,1942,511,NA,University of Michigan,Ann Arbor,Michigan,United States,42.2759,-83.731
2486,N01169,葛啟楊,Ge Qiyang,"Keh, Chi-yang",M,燕京大學,NA,Master,NA,NA,NA,1939,511,燕京大學,Yenching University,Beijing,Beijing,China,39.9042,116.4074
2487,N01169,葛啟楊,Ge Qiyang,"Keh, Chi-yang",M,燕京大學,NA,NA,NA,NA,NA,1931,511,燕京大學,Yenching University,Beijing,Beijing,China,39.9042,116.4074
2488,N01170,葛擇,Ge Ze,"Guo, Tse",M,University of Michigan,NA,M.A.,Master of Arts,Master,Education,1940,511,NA,University of Michigan,Ann Arbor,Michigan,United States,42.2759,-83.731
2489,N01170,葛擇,Ge Ze,"Guo, Tse",M,University of Michigan,NA,NA,NA,NA,Psychology,1943,511,NA,University of Michigan,Ann Arbor,Michigan,United States,42.2759,-83.731
2490,N01170,葛擇,Ge Ze,"Guo, Tse",M,暨南大學,NA,NA,NA,NA,NA,1937,511,暨南大學,Jinan University,Shanghai,Shanghai,China,31.2304,121.4737
2491,N01171,葛興江,Ge Xingjiang,"Kuh, Shing-kong",M,University of Michigan,NA,M.S.,Master of Science,Master,Civil Engineering,1941,511,NA,University of Michigan,Ann Arbor,Michigan,United States,42.2759,-83.731
2492,N01171,葛興江,Ge Xingjiang,"Kuh, Shing-kong",M,聖約翰大學,NA,NA,NA,NA,Civil Engineering,1940,511,聖約翰大學,St. John's University,Shanghai,Jiangsu,China,31.2304,121.4737
2493,N01172,葛庭燧,Ge Tingsui,"Ke, T'ing-sui",M,University of California,NA,Ph.D.,Doctor of Philosophy,Doctor,Physiology,1943,511,NA,University of California,Berkeley,California,United States,37.8722,-122.276
2494,N01172,葛庭燧,Ge Tingsui,"Ke, T'ing-sui",M,清華大學,NA,NA,NA,NA,NA,1937,511,清華大學,Tsinghua University,Beijing,Beijing,China,39.9042,116.4074
2495,N01172,葛庭燧,Ge Tingsui,"Ke, T'ing-sui",M,燕京大學,NA,Master,NA,NA,NA,1940,511,燕京大學,Yenching University,Beijing,Beijing,China,39.9042,116.4074
2496,N01173,鄒元燨,Zou Yuanxi,"Chou, Yuan-hsi",M,Carnegie Institute of Technology,NA,NA,NA,NA,Metallurgy,1943,511,NA,Carnegie Institute of Technology,Pittsburgh,Pennsylvania,United States,40.4397,-79.9763
2497,N01173,鄒元燨,Zou Yuanxi,"Chou, Yuan-hsi",M,浙江大學,NA,NA,NA,NA,NA,1937,511,浙江大學,Zhejiang University,Hangzhou,Zhejiang,China,30.2741,120.1551
2498,N01174,鄒誌強,Zou Zhijiang,"Chow, Che-keung",M,Ohio State University,NA,M.B.A.,Master of Business Administration,Master,Business,1942,511,NA,Ohio State University,Columbus,Ohio,United States,39.9862,-82.9855
2499,N01174,鄒誌強,Zou Zhijiang,"Chow, Che-keung",M,Ohio State University,NA,NA,NA,NA,Business,1943,511,NA,Ohio State University,Columbus,Ohio,United States,39.9862,-82.9855
2500,N01174,鄒誌強,Zou Zhijiang,"Chow, Che-keung",M,Ohio Wesleyan University,NA,B.A.,Bachelor of Arts,Bachelor,NA,1941,511,NA,Ohio Wesleyan University,Delaware,Ohio,United States,40.2851,-83.0741
2501,N01174,鄒誌強,Zou Zhijiang,"Chow, Che-keung",M,嶺南大學,NA,NA,NA,NA,NA,1939,511,嶺南大學,Lingnan University,Guangzhou,Guangdong,China,23.1291,113.2644
2502,N01175,鄒至毅,Zou Zhiyi,"Chau, Chi-ngai",M,Illinois Institute of Technology,NA,NA,NA,NA,Architecture,1943,511,NA,Illinois Institute of Technology,Chicago,Illinois,United States,41.8375,-87.6866
2503,N01175,鄒至毅,Zou Zhiyi,"Chau, Chi-ngai",M,Taliesin Fellowship,NA,NA,NA,NA,NA,1942,511,NA,Taliesin Fellowship,Spring Green,Wisconsin,United States,43.1417,-90.0707
2504,N01175,鄒至毅,Zou Zhiyi,"Chau, Chi-ngai",M,University of Michigan,NA,NA,NA,NA,NA,1941,511,NA,University of Michigan,Ann Arbor,Michigan,United States,42.2759,-83.731
2505,N01175,鄒至毅,Zou Zhiyi,"Chau, Chi-ngai",M,嶺南大學,NA,NA,NA,NA,NA,1940,511,嶺南大學,Lingnan University,Guangzhou,Guangdong,China,23.1291,113.2644
2506,N01176,鄒伯森,Zou Bosen,"Tseu, Payson Sung",M,Massachusetts Institute of Technology,NA,B.S.,Bachelor of Science,Bachelor,Aeronautical Engineering,1941,511,NA,Massachusetts Institute of Technology,Cambridge,Massachusetts,United States,42.3759,-71.1185
2507,N01177,鄒叔權,Zou Shuquan,"Tseu, Jerry S. C.",M,Cornell University,NA,NA,NA,NA,Economics,1943,511,NA,Cornell University,Ithaca,New York,United States,42.4442,-76.5032
2508,N01177,鄒叔權,Zou Shuquan,"Tseu, Jerry S. C.",M,東南大學,NA,NA,NA,NA,NA,1941,511,東南大學,Southeast University,Nanjing,Jiangsu,China,32.0603,118.7969
2509,N01179,鄒宗祥,Zou Zongxiang,"Tseo, Tsung-siang",M,University of Washington,NA,NA,NA,NA,Mechanical Engineering,1943,512,NA,University of Washington,Seattle,Oregon,United States,47.6211,-122.3244
2510,N01179,鄒宗祥,Zou Zongxiang,"Tseo, Tsung-siang",M,吳淞商船學校,NA,NA,NA,NA,NA,1938,512,吳淞商船學校,Wusong Merchant Shipping School,Shanghai,Shanghai,China,31.2304,121.4737
2511,N01180,鄒明,Zou Ming,"Tsou, Ming",M,金陵大學,NA,NA,NA,NA,Chemical Engineering,1937,512,金陵大學,Jinling University,Nanjing,Jiangsu,China,32.0603,118.7969
2512,N01182,鄒禹烈,Zou Yulie,"Tsou, Yui-lih",M,New York University,NA,M.B.A.,Master of Business Administration,Master,Accounting,1939,512,NA,New York University,New York City,New York,United States,40.6943,-73.9249
2513,N01182,鄒禹烈,Zou Yulie,"Tsou, Yui-lih",M,University of Pennsylvania,NA,NA,NA,NA,NA,1937,512,NA,University of Pennsylvania,Philadelphia,Pennsylvania,United States,40.0077,-75.1339
2514,N01182,鄒禹烈,Zou Yulie,"Tsou, Yui-lih",M,光華大學,NA,NA,NA,NA,NA,1926,512,光華大學,Guanghua University,Shanghai,Shanghai,China,31.2304,121.4737
2515,N01183,鄒斯頤,Zou Siyi,"Tsou, Stanley",M,Harvard University,NA,NA,NA,NA,Economics,1943,512,NA,Harvard University,Cambridge,Massachusetts,United States,42.3759,-71.1185
2516,N01183,鄒斯頤,Zou Siyi,"Tsou, Stanley",M,University of California,NA,NA,NA,NA,NA,1943,512,NA,University of California,Berkeley,California,United States,37.8722,-122.276
2517,N01185,鄒讜,Zou Dang,"Tson, Tang",M,University of Chicago,NA,M.A.,Master of Arts,Master,Political Science,1943,512,NA,University of Chicago,Chicago,Illinois,United States,41.8375,-87.6866
2518,N01185,鄒讜,Zou Dang,"Tson, Tang",M,西南聯合大學,NA,NA,NA,NA,NA,1940,512,西南聯合大學,Southwest Associated University,Kunming,Yunnan,China,25.0389,102.7183
2519,N01186,褚繼鏊,Chu Jiao,"Chu, Thomas",M,Columbia University,NA,NA,NA,NA,Education,1943,512,NA,Columbia University,New York City,New York,United States,40.6943,-73.9249
2520,N01186,褚繼鏊,Chu Jiao,"Chu, Thomas",M,Niagara University,NA,B.S.,Bachelor of Science,Bachelor,NA,1943,512,NA,Niagara University,Lewiston,New York,United States,43.17256,-79.03588
2521,N01187,褚應潢,Chu Yingguang,"Chu, Ying-whang",M,交通大學,NA,NA,NA,NA,Electrical Engineering,1931,512,交通大學,Jiaotong University,Shanghai,Shanghai,China,31.2304,121.4737
2522,N01188,鄔勁旅,Wu Jinlv,"Wu, King-lui",M,Harvard University,NA,NA,NA,NA,Architecture,1943,512,NA,Harvard University,Cambridge,Massachusetts,United States,42.3759,-71.1185
2523,N01188,鄔勁旅,Wu Jinlv,"Wu, King-lui",M,University of Michigan,NA,NA,NA,NA,NA,1941,512,NA,University of Michigan,Ann Arbor,Michigan,United States,42.2759,-83.731
2524,N01188,鄔勁旅,Wu Jinlv,"Wu, King-lui",M,Yale University,NA,B.A.,Bachelor of Arts,Bachelor,Architecture,1943,512,NA,Yale University,New Haven,Connecticut,United States,41.3113,-72.9246
2525,N01189,溫兆明,Wen Zhaoming,"Wan, Shiu-ming",M,Columbia University,NA,M.S.,Master of Science,Master,Chemical Engineering,1943,512,NA,Columbia University,New York City,New York,United States,40.6943,-73.9249
2526,N01189,溫兆明,Wen Zhaoming,"Wan, Shiu-ming",M,嶺南大學,NA,NA,NA,NA,NA,1938,512,嶺南大學,Lingnan University,Guangzhou,Guangdong,China,23.1291,113.2644
2527,N01190,溫慶翕,Wen Qingxi,"Wen, Ching-his",M,Pomona College,NA,B.A.,Bachelor of Arts,Bachelor,History,1942,512,NA,Pomona College,Claremont,California,United States,34.1259,-117.7153
2528,N01190,溫慶翕,Wen Qingxi,"Wen, Ching-his",M,University of Hong Kong,NA,NA,NA,NA,NA,1941,512,NA,University of Hong Kong,Hong Kong,NA,Hong Kong,22.283,114.1371
2529,N01190,溫慶翕,Wen Qingxi,"Wen, Ching-his",M,University of Washington,NA,NA,NA,NA,History,1943,512,NA,University of Washington,Seattle,Oregon,United States,47.6211,-122.3244
2530,N01191,溫粵熊,Wen Yuexiong,"Wen, AlfredYosh-bsiung",M,Harvard University,NA,NA,NA,NA,Political Science,1943,512,NA,Harvard University,Cambridge,Massachusetts,United States,42.3759,-71.1185
2531,N01191,溫粵熊,Wen Yuexiong,"Wen, AlfredYosh-bsiung",M,Indiana University,NA,M.S.,Master of Science,Master,Business,1942,512,NA,Indiana University,Indianapolis,Indiana,United States,39.7771,-86.1458
2532,N01191,溫粵熊,Wen Yuexiong,"Wen, AlfredYosh-bsiung",M,光華大學,NA,NA,NA,NA,NA,1941,512,光華大學,Guanghua University,Shanghai,Shanghai,China,31.2304,121.4737
2533,N01192,溫錫增,Wen Xizeng,"Wen, Hsi-tseng",M,Harvard University,NA,NA,NA,NA,NA,1943,512,NA,Harvard University,Cambridge,Massachusetts,United States,42.3759,-71.1185
2534,N01192,溫錫增,Wen Xizeng,"Wen, Hsi-tseng",M,北京大學,NA,NA,NA,NA,NA,NA,512,北京大學,Beijing University,Beijing,Beijing,China,39.9042,116.4074
2535,N01192,溫錫增,Wen Xizeng,"Wen, Hsi-tseng",M,燕京大學,NA,Master,NA,NA,NA,NA,512,燕京大學,Yenching University,Beijing,Beijing,China,39.9042,116.4074
2536,N01194,萬長炎,Wan Changyan,"Wan, Conrad C. Y.",M,Illinois Institute of Technology,NA,NA,NA,NA,Mechanical Engineering,1942,513,NA,Illinois Institute of Technology,Chicago,Illinois,United States,41.8375,-87.6866
2537,N01194,萬長炎,Wan Changyan,"Wan, Conrad C. Y.",M,Purdue University,NA,M.S.,Master of Science,Master,Mechanical Engineering,1940,513,NA,Purdue University,West Lafayette,Indiana,United States,40.4432,-86.9238
2538,N01194,萬長炎,Wan Changyan,"Wan, Conrad C. Y.",M,交通大學,NA,NA,NA,NA,NA,1939,513,交通大學,Jiaotong University,Shanghai,Shanghai,China,31.2304,121.4737
2539,N01196,甄潤庠,Zhen Runxiang,"Jean, Chong",M,Columbia University,NA,NA,NA,NA,Electrical Engineering,1943,513,NA,Columbia University,New York City,New York,United States,40.6943,-73.9249
2540,N01196,甄潤庠,Zhen Runxiang,"Jean, Chong",M,Detroit Institute of Technology,NA,B.S.,Bachelor of Science,Bachelor,Electrical Engineering,1937,513,NA,Detroit Institute of Technology,Detroit,Michigan,United States,42.3834,-83.1024
2541,N01196,甄潤庠,Zhen Runxiang,"Jean, Chong",M,University of Michigan,NA,M.S.,Master of Science,Master,Electrical Engineering,1938,513,NA,University of Michigan,Ann Arbor,Michigan,United States,42.2759,-83.731
2542,N01197,靳文翰,Jin Wenhan,"Chin, W. H.",M,University of Chicago,NA,NA,NA,NA,Law,1943,513,NA,University of Chicago,Chicago,Illinois,United States,41.8375,-87.6866
2543,N01197,靳文翰,Jin Wenhan,"Chin, W. H.",M,University of Toronto,NA,LL.M.,Master of Laws,Master,Law,1942,513,NA,University of Toronto,Toronto,NA,Canada,43.6629,-79.3957
2544,N01197,靳文翰,Jin Wenhan,"Chin, W. H.",M,清華大學,NA,Master,NA,NA,NA,1937,513,清華大學,Tsinghua University,Beijing,Beijing,China,39.9042,116.4074
2545,N01198,慎微之,Shen Weizhi,"Zen, Wei-ts",M,University of Pennsylvania,NA,M.A.,Master of Arts,Master,Education,1943,513,NA,University of Pennsylvania,Philadelphia,Pennsylvania,United States,40.0077,-75.1339
2546,N01198,慎微之,Shen Weizhi,"Zen, Wei-ts",M,滬江大學,NA,NA,NA,NA,NA,NA,513,滬江大學,Shanghai University,Shanghai,Shanghai,China,31.2304,121.4737
2547,N01199,臧其謀,Cang Qimou,"Tsang, Chi-mou",M,Purdue University,NA,B.S.,Bachelor of Science,Bachelor,Mechanical Engineering,1940,513,NA,Purdue University,West Lafayette,Indiana,United States,40.4432,-86.9238
2548,N01199,臧其謀,Cang Qimou,"Tsang, Chi-mou",M,University of Michigan,NA,M.S.,Master of Science,Master,Automotive Engineering,1942,513,NA,University of Michigan,Ann Arbor,Michigan,United States,42.2759,-83.731
2549,N01199,臧其謀,Cang Qimou,"Tsang, Chi-mou",M,University of Michigan,NA,NA,NA,NA,Automotive Engineering,1943,513,NA,University of Michigan,Ann Arbor,Michigan,United States,42.2759,-83.731
2550,N01200,蒲敏仁,Pu Minren,"Pu, Min-jen",M,Cornell University,NA,M.S.,Master of Science,Master,NA,NA,513,NA,Cornell University,Ithaca,New York,United States,42.4442,-76.5032
2551,N01200,蒲敏仁,Pu Minren,"Pu, Min-jen",M,State University of Iowa,NA,NA,NA,NA,Civil Engineering,NA,513,NA,State University of Iowa,Iowa City,Iowa,United States,41.6627,-91.5549
2552,N01200,蒲敏仁,Pu Minren,"Pu, Min-jen",M,北洋大學,NA,NA,NA,NA,NA,1933,513,北洋大學,Beiyang University,Tianjin,Tianjin,China,39.3434,117.3616
2553,N01201,趙大衛,Zhao Dawei,"Chao, David",M,Pasadena College,NA,NA,NA,NA,NA,1942,513,NA,Pasadena College,Pasadena,California,United States,34.1478,-118.1445
2554,N01201,趙大衛,Zhao Dawei,"Chao, David",M,University of Southern California,NA,NA,NA,NA,Mechanical Engineering,1943,513,NA,University of Southern California,Los Angeles,California,United States,34.1141,-118.4068
2555,N01201,趙大衛,Zhao Dawei,"Chao, David",M,Westmont College,NA,NA,NA,NA,NA,1941,513,NA,Westmont College,Montecito,California,United States,34.4384,-119.6309
2556,N01202,趙士讚,Zhao Shizan,"Chao, Si-tsan",M,Iowa State College,NA,NA,NA,NA,Plant Pathology,1943,513,NA,Iowa State College,Ames,Iowa,United States,42.0267,-93.6465
2557,N01202,趙士讚,Zhao Shizan,"Chao, Si-tsan",M,金陵大學,NA,NA,NA,NA,NA,1936,513,金陵大學,Jinling University,Nanjing,Jiangsu,China,32.0603,118.7969
2558,N01203,趙元任,Zhao Yuanren,"Chao, Yuen Ten",M,Cornell University,NA,B.A.,Bachelor of Arts,Bachelor,NA,1914,513,NA,Cornell University,Ithaca,New York,United States,42.4442,-76.5032
2559,N01203,趙元任,Zhao Yuanren,"Chao, Yuen Ten",M,Harvard University,NA,Ph.D.,Doctor of Philosophy,Doctor,Philosophy,1918,513,NA,Harvard University,Cambridge,Massachusetts,United States,42.3759,-71.1185
2560,N01204,趙丕華,Zhao Pihua,"Chao, Pei-hua",M,Massachusetts Institute of Technology,NA,NA,NA,NA,Mechanical Engineering,1943,513,NA,Massachusetts Institute of Technology,Cambridge,Massachusetts,United States,42.3759,-71.1185
2561,N01204,趙丕華,Zhao Pihua,"Chao, Pei-hua",M,Purdue University,NA,M.S.,Master of Science,Master,Mechanical Engineering,1942,513,NA,Purdue University,West Lafayette,Indiana,United States,40.4432,-86.9238
2562,N01204,趙丕華,Zhao Pihua,"Chao, Pei-hua",M,交通大學,NA,NA,NA,NA,NA,1941,513,交通大學,Jiaotong University,Shanghai,Shanghai,China,31.2304,121.4737
2563,N01205,趙世輝,Zhao Shihui,"Chao, Shih-hui",M,Duke University,NA,M.A.,Master of Arts,Master,Sociology,1942,514,NA,Duke University,Durham,North Carolina,United States,35.9792,-78.9022
2564,N01205,趙世輝,Zhao Shihui,"Chao, Shih-hui",M,輔仁大學,NA,NA,NA,NA,NA,1937,514,輔仁大學,Fu-jen University,Beijing,Beijing,China,39.9042,116.4074
2565,N01206,趙廷桂,Zhao Tinggui,"Chao, T. K.",M,廣西航空學校,NA,NA,NA,NA,NA,1937,514,NA,Guangxi Aviation School,Liuzhou,Guangxi,China,24.3264,109.4281
2566,N01207,趙汝興,Zhao Ruxing,"Jau, Hing",M,University of California,NA,B.S.,Bachelor of Science,Bachelor,Civil Engineering,1943,514,NA,University of California,Berkeley,California,United States,37.8722,-122.276
2567,N01209,趙培炎,Zhao Peiyan,"Chao, Pei-yen",M,Massachusetts Institute of Technology,NA,NA,NA,NA,Metallurgy,1943,514,NA,Massachusetts Institute of Technology,Cambridge,Massachusetts,United States,42.3759,-71.1185
2568,N01209,趙培炎,Zhao Peiyan,"Chao, Pei-yen",M,聖約翰大學,NA,NA,NA,NA,NA,1940,514,聖約翰大學,St. John's University,Shanghai,Jiangsu,China,31.2304,121.4737
2569,N01210,趙就亮,Zhao Jiuliang,"Chew, Frank",M,University of California,NA,NA,NA,NA,Agricultural Economics,1943,514,NA,University of California,Berkeley,California,United States,37.8722,-122.276
2570,N01212,趙國昌,Zhao Guochang,"Chao, Kuo-chang",M,中央陸軍軍官學校,NA,NA,NA,NA,NA,NA,514,中央陸軍軍官學校,Central Army Military Academy,Nanjing,Jiangsu,China,32.0603,118.7969
2571,N01213,趙善平,Zhao Shanping,"Chien, Patrick",M,Columbia University,NA,NA,NA,NA,Political Science,1942,514,NA,Columbia University,New York City,New York,United States,40.6943,-73.9249
2572,N01213,趙善平,Zhao Shanping,"Chien, Patrick",M,中山大學,NA,NA,NA,NA,NA,1938,514,中山大學,Zhongshan University,Guangzhou,Guangdong,China,23.1291,113.2644
2573,N01215,趙建隆,Zhao Jianlong,"Chao, Eugene",M,Columbia University,NA,NA,NA,NA,Mechanical Engineering,1943,514,NA,Columbia University,New York City,New York,United States,40.6943,-73.9249
2574,N01215,趙建隆,Zhao Jianlong,"Chao, Eugene",M,University of Hong Kong,NA,NA,NA,NA,NA,1941,514,NA,University of Hong Kong,Hong Kong,NA,Hong Kong,22.283,114.1371
2575,N01217,趙偉康,Zhao Weikang,"Lin, George Chu",M,Lousiana State University,NA,B.S.,Bachelor of Science,Bachelor,Accounting,1943,514,NA,Lousiana State University,Baton Rouge,Louisiana,United States,30.4133,-91.18
2576,N01217,趙偉康,Zhao Weikang,"Lin, George Chu",M,University of Michigan,NA,NA,NA,NA,Chemical Engineering,1938,514,NA,University of Michigan,Ann Arbor,Michigan,United States,42.2759,-83.731
2577,N01218,趙雲從,Zhao Yuncong,"Chao, Yun-tsung",M,University of Michigan,NA,M.S.,Master of Science,Master,Chemistry,1941,514,NA,University of Michigan,Ann Arbor,Michigan,United States,42.2759,-83.731
2578,N01218,趙雲從,Zhao Yuncong,"Chao, Yun-tsung",M,燕京大學,NA,NA,NA,NA,NA,1934,514,燕京大學,Yenching University,Beijing,Beijing,China,39.9042,116.4074
2579,N01219,趙雲章,Zhao Yunzhang,"Chao, Yun-chang",M,河南大學,NA,NA,NA,NA,Literature,1928,514,河南大學,Henan University,Kaifeng,Henan,China,34.7973,114.3076
2580,N01220,趙理海,Zhao Lihai,"Chao, Li-hai",M,Harvard University,NA,M.A.,Master of Arts,Master,NA,1943,514,NA,Harvard University,Cambridge,Massachusetts,United States,42.3759,-71.1185
2581,N01220,趙理海,Zhao Lihai,"Chao, Li-hai",M,University of Chicago,NA,M.A.,Master of Arts,Master,Political Science,1941,514,NA,University of Chicago,Chicago,Illinois,United States,41.8375,-87.6866
2582,N01220,趙理海,Zhao Lihai,"Chao, Li-hai",M,燕京大學,NA,NA,NA,NA,NA,1939,514,燕京大學,Yenching University,Beijing,Beijing,China,39.9042,116.4074
2583,N01221,趙冕,Zhao Mian,"Chao, P. H. Frederick",M,Columbia University,NA,NA,NA,NA,Education,1943,514,NA,Columbia University,New York City,New York,United States,40.6943,-73.9249
2584,N01221,趙冕,Zhao Mian,"Chao, P. H. Frederick",M,University of Chicago,NA,M.A.,Master of Arts,Master,Education,1942,514,NA,University of Chicago,Chicago,Illinois,United States,41.8375,-87.6866
2585,N01221,趙冕,Zhao Mian,"Chao, P. H. Frederick",M,東南大學,NA,NA,NA,NA,NA,1925,514,東南大學,Southeast University,Nanjing,Jiangsu,China,32.0603,118.7969
2586,N01222,趙善機,Zhao Shanji,"Chiu, Herman S.",M,Massachusetts Institute of Technology,NA,NA,NA,NA,Chemical Engineering,1943,514,NA,Massachusetts Institute of Technology,Cambridge,Massachusetts,United States,42.3759,-71.1185
2587,N01222,趙善機,Zhao Shanji,"Chiu, Herman S.",M,University of Michigan,NA,B.S.,Bachelor of Science,Bachelor,Chemical Engineering,1942,514,NA,University of Michigan,Ann Arbor,Michigan,United States,42.2759,-83.731
2588,N01223,趙澤霖,Zhao Zelin,"Chaw, Chuck-lum",M,University of Texas,NA,B.A.,Bachelor of Arts,Bachelor,Industrial Management,1937,515,NA,University of Texas,Austin,Texas,United States,30.3005,-97.7522
2589,N01224,趙鏗,Zhao Keng,"Chao, Ken",M,Northwestern University,Traffic Institute,NA,NA,NA,NA,1918,515,NA,Northwestern University,Evanston,Illinois,United States,42.0464,-87.6943
2590,N01225,趙觀晃,Zhao Guanhuang,"Chao, Charles Fong",M,Stanford University,NA,B.A.,Bachelor of Arts,Bachelor,Civil Engineering,1937,515,NA,Stanford University,Stanford,California,United States,37.4252,-122.1674
2591,N01225,趙觀晃,Zhao Guanhuang,"Chao, Charles Fong",M,University of Arizona,NA,M.S.,Master of Science,Master,Metallurgy,1942,515,NA,University of Arizona,Tucson,Arizona,United States,32.1541,-110.8787
2592,N01225,趙觀晃,Zhao Guanhuang,"Chao, Charles Fong",M,University of Illinois,NA,NA,NA,NA,Chemical Engineering,1943,515,NA,University of Illinois,Chicago,Illinois,United States,41.8375,-87.6866
2593,N01226,廖伯威,Liao Bowei,"Lew, Baak-wai",M,University of Michigan,NA,M.S.,Master of Science,Master,Biochemistry,1938,515,NA,University of Michigan,Ann Arbor,Michigan,United States,42.2759,-83.731
2594,N01226,廖伯威,Liao Bowei,"Lew, Baak-wai",M,University of Minnesota,NA,Ph.D.,Doctor of Philosophy,Doctor,Biochemistry,NA,515,NA,University of Minnesota,Minneapolis,Minnesota,United States,44.9635,-93.2678
2595,N01226,廖伯威,Liao Bowei,"Lew, Baak-wai",M,嶺南大學,NA,NA,NA,NA,NA,1936,515,嶺南大學,Lingnan University,Guangzhou,Guangdong,China,23.1291,113.2644
2596,N01227,賓果,Bin Guo,"Ping, Kuo",M,Penn State College,NA,Ph.D.,Doctor of Philosophy,Doctor,Chemical Engineering,1940,515,NA,Penn State College,State College,Pennsylvania,United States,40.7982,-77.8599
2597,N01227,賓果,Bin Guo,"Ping, Kuo",M,清華大學,NA,NA,NA,NA,NA,1932,515,清華大學,Tsinghua University,Beijing,Beijing,China,39.9042,116.4074
2598,N01228,瞿承瑞,Ju Chengrui,"Chu, Chauncey C.",M,Purdue University,NA,B.S.,Bachelor of Science,Bachelor,Mechanical Engineering,1943,515,NA,Purdue University,West Lafayette,Indiana,United States,40.4432,-86.9238
2599,N01229,壽景偉,Shou Jingwei,"Shaw, Kinn-wei",M,Columbia University,NA,Ph.D.,Doctor of Philosophy,Doctor,Economics,1926,515,NA,Columbia University,New York City,New York,United States,40.6943,-73.9249
2600,N01230,熊大紀,Xiong Daji,"Hsiung, Ta-chi",M,Purdue University,NA,M.S.,Master of Science,Master,Mechanical Engineering,NA,515,NA,Purdue University,West Lafayette,Indiana,United States,40.4432,-86.9238
2601,N01230,熊大紀,Xiong Daji,"Hsiung, Ta-chi",M,University of Illinois,NA,M.S.,Master of Science,Master,Mechanical Engineering,NA,515,NA,University of Illinois,Chicago,Illinois,United States,41.8375,-87.6866
2602,N01230,熊大紀,Xiong Daji,"Hsiung, Ta-chi",M,交通大學,NA,NA,NA,NA,NA,NA,515,交通大學,Jiaotong University,Shanghai,Shanghai,China,31.2304,121.4737
2603,N01231,熊守湘,Xiong Shouxiang,"Jung, Su-siong",M,Tri-State College,NA,B.S.,Bachelor of Science,Bachelor,Aeronautical Engineering,1941,515,NA,Tri-State College,Angola,Indiana,United States,41.6433,-85.005
2604,N01231,熊守湘,Xiong Shouxiang,"Jung, Su-siong",M,暨南大學,NA,NA,NA,NA,NA,1933,515,暨南大學,Jinan University,Shanghai,Shanghai,China,31.2304,121.4737
2605,N01232,熊尚元,Xiong Shangyuan,"Hsiung, Shang-yuan",M,清華大學,NA,NA,NA,NA,NA,1933,515,清華大學,Tsinghua University,Beijing,Beijing,China,39.9042,116.4074
2606,N01234,熊達超,Xiong Dachao,"Young, Samuel Jr.",M,University of Rochester,NA,NA,NA,NA,Chemical Engineering,1943,515,NA,University of Rochester,Rochester,New York,United States,43.168,-77.6162
2607,N01235,熊鸞翥,Xiong Luanzhu,"Hsiung, L. C.",M,清華大學,NA,NA,NA,NA,Physiology,1933,515,清華大學,Tsinghua University,Beijing,Beijing,China,39.9042,116.4074
2608,N01236,裴錫恒,Pei Xiheng,"Pei, Si-hung",M,Ohio State University,NA,M.B.A.,Master of Business Administration,Master,Business,1936,516,NA,Ohio State University,Columbus,Ohio,United States,39.9862,-82.9855
2609,N01236,裴錫恒,Pei Xiheng,"Pei, Si-hung",M,中央大學,NA,NA,NA,NA,NA,1933,516,中央大學,Central University,Nanjing,Jiangsu,China,32.0603,118.7969
2610,N01237,劉人傑,Liu Renjie,"Lau, Yan-kit",M,University of California,NA,B.S.,Bachelor of Science,Bachelor,Civil Engineering,1943,516,NA,University of California,Berkeley,California,United States,37.8722,-122.276
2611,N01238,劉大中,Liu Dazhong,"Liu, Ta-chung",M,Cornell University,NA,NA,NA,NA,Economics,1940,516,NA,Cornell University,Ithaca,New York,United States,42.4442,-76.5032
2612,N01238,劉大中,Liu Dazhong,"Liu, Ta-chung",M,交通大學,NA,NA,NA,NA,NA,1936,516,交通大學,Jiaotong University,Shanghai,Shanghai,China,31.2304,121.4737
2613,N01239,劉大鵬,Liu Dapeng,"Yee, Charles",M,Massachusetts Institute of Technology,NA,NA,NA,NA,Mechanical Engineering,1943,516,NA,Massachusetts Institute of Technology,Cambridge,Massachusetts,United States,42.3759,-71.1185
2614,N01239,劉大鵬,Liu Dapeng,"Yee, Charles",M,光華醫學院,NA,NA,NA,NA,NA,1938,516,NA,Guanghua Medical College,Shanghai,Shanghai,China,31.2304,121.4737
2615,N01240,劉士強,Liu Shijiang,"Liu, S. K.",M,Massachusetts Institute of Technology,NA,B.S.,Bachelor of Science,Bachelor,Electrical Engineering,1936,516,NA,Massachusetts Institute of Technology,Cambridge,Massachusetts,United States,42.3759,-71.1185
2616,N01241,劉文,Liu Wen,"Low, William",M,University of California,NA,NA,NA,NA,Civil Engineering,1943,516,NA,University of California,Berkeley,California,United States,37.8722,-122.276
2617,N01242,劉少卿,Liu Shaoqing,"Liu, Shao-ching",M,University of Wisconsin,NA,B.A.,Bachelor of Arts,Bachelor,Political Science,1943,516,NA,University of Wisconsin,Madison,Wisconsin,United States,43.0822,-89.393
2618,N01242,劉少卿,Liu Shaoqing,"Liu, Shao-ching",M,復旦大學,NA,NA,NA,NA,NA,1940,516,復旦大學,Fudan University,Shanghai,Shanghai,China,31.2304,121.4737
2619,N01245,劉立夫,Liu Lifu,"Lau, Lap-fu",M,Columbia University,NA,NA,NA,NA,Chemical Engineering,1943,516,NA,Columbia University,New York City,New York,United States,40.6943,-73.9249
2620,N01245,劉立夫,Liu Lifu,"Lau, Lap-fu",M,Tri-State College,NA,B.S.,Bachelor of Science,Bachelor,Chemical Engineering,1941,516,NA,Tri-State College,Angola,Indiana,United States,41.6433,-85.005
2621,N01247,劉令璧,Liu Lingbi,"Liu, Harry",M,Moody Bible Institute,NA,NA,NA,NA,Theology,1943,516,NA,Moody Bible Institute,Chicago,Illinois,United States,41.8375,-87.6866
2622,N01248,劉先緯,Liu Xianwei,"Liu, S. W.",M,University of Paris,NA,LL.D.,Doctor of Laws,Doctor,Law,1941,516,NA,University of Paris,Paris,NA,France,48.8462,2.3449
2623,N01248,劉先緯,Liu Xianwei,"Liu, S. W.",M,復旦大學,NA,NA,NA,NA,NA,1928,516,復旦大學,Fudan University,Shanghai,Shanghai,China,31.2304,121.4737
2624,N01249,劉安曾,Liu Anceng,"Liu, Ang-tsung",M,University of Michigan,NA,M.S.,Master of Science,Master,Civil Engineering,1940,516,NA,University of Michigan,Ann Arbor,Michigan,United States,42.2759,-83.731
2625,N01249,劉安曾,Liu Anceng,"Liu, Ang-tsung",M,交通大學,NA,NA,NA,NA,NA,1933,516,交通大學,Jiaotong University,Shanghai,Shanghai,China,31.2304,121.4737
2626,N01250,劉伯驥,Liu Boji,"Liu, Pei-chi",M,Stanford University,NA,NA,NA,NA,Education,1943,516,NA,Stanford University,Stanford,California,United States,37.4252,-122.1674
2627,N01250,劉伯驥,Liu Boji,"Liu, Pei-chi",M,中山大學,NA,NA,NA,NA,NA,1937,516,中山大學,Zhongshan University,Guangzhou,Guangdong,China,23.1291,113.2644
2628,N01251,劉約翰,Liu Yaohan,"Liu, John",M,Lousiana State University,NA,NA,NA,NA,Agriculture,1943,516,NA,Lousiana State University,Baton Rouge,Louisiana,United States,30.4133,-91.18
2629,N01251,劉約翰,Liu Yaohan,"Liu, John",M,Madison College,NA,B.S.,Bachelor of Science,Bachelor,Agriculture,1942,516,NA,Madison College,Madison,Wisconsin,United States,43.0731,-89.4012
2630,N01253,劉詒謹,Liu Daijin,"Liu, Yee-jing",M,Massachusetts Institute of Technology,NA,M.S.,Master of Science,Master,Aeronautical Engineering,1941,517,NA,Massachusetts Institute of Technology,Cambridge,Massachusetts,United States,42.3759,-71.1185
2631,N01253,劉詒謹,Liu Daijin,"Liu, Yee-jing",M,交通大學,NA,NA,NA,NA,NA,1930,517,交通大學,Jiaotong University,Shanghai,Shanghai,China,31.2304,121.4737
2632,N01255,劉曾適,Liu Cengshi,"Liu, Tsengkua",M,交通大學,NA,NA,NA,NA,Mechanical Engineering,1936,517,交通大學,Jiaotong University,Shanghai,Shanghai,China,31.2304,121.4737
2633,N01256,劉紹熾,Liu Shaochi,"Lau, Shiu-chi",M,Oregon State College,NA,M.S.,Master of Science,Master,Agriculture,1941,517,NA,Oregon State College,Corvallis,Oregon,United States,44.5646,-123.262
2634,N01256,劉紹熾,Liu Shaochi,"Lau, Shiu-chi",M,Oregon State College,NA,NA,NA,NA,Agriculture,1943,517,NA,Oregon State College,Corvallis,Oregon,United States,44.5646,-123.262
2635,N01256,劉紹熾,Liu Shaochi,"Lau, Shiu-chi",M,嶺南大學,NA,NA,NA,NA,NA,1938,517,嶺南大學,Lingnan University,Guangzhou,Guangdong,China,23.1291,113.2644
2636,N01258,劉彭年,Liu Pengnian,"Liu, B. A.",M,Columbia University,NA,Ph.D.,Doctor of Philosophy,Doctor,Education,1940,517,NA,Columbia University,New York City,New York,United States,40.6943,-73.9249
2637,N01258,劉彭年,Liu Pengnian,"Liu, B. A.",M,George Peabody College,NA,M.A.,Master of Arts,Master,NA,1938,517,NA,George Peabody College,Nashville,Tennessee,United States,36.1447,-86.8027
2638,N01260,劉廼謀,Liu Naimou,"Liu, Nai-chien",M,Catholic University of America,NA,B.S.,Bachelor of Science,Bachelor,NA,1937,517,NA,Catholic University of America,Washington,District of Columbia,United States,38.9047,-77.0163
2639,N01260,劉廼謀,Liu Naimou,"Liu, Nai-chien",M,Purdue University,NA,B.S.,Bachelor of Science,Bachelor,Aeronautical Engineering,1940,517,NA,Purdue University,West Lafayette,Indiana,United States,40.4432,-86.9238
2640,N01260,劉廼謀,Liu Naimou,"Liu, Nai-chien",M,Purdue University,NA,NA,NA,NA,Aeronautical Engineering,1943,517,NA,Purdue University,West Lafayette,Indiana,United States,40.4432,-86.9238
2641,N01261,劉厚丞,Liu Houcheng,"Liu, Haosun",M,University of Southern California,NA,NA,NA,NA,Photography,1943,517,NA,University of Southern California,Los Angeles,California,United States,34.1141,-118.4068
2642,N01262,劉思俊,Liu Sijun,"Liu, En-tsun",M,Ohio State University,NA,NA,NA,NA,Business,1942,517,NA,Ohio State University,Columbus,Ohio,United States,39.9862,-82.9855
2643,N01262,劉思俊,Liu Sijun,"Liu, En-tsun",M,南開大學,NA,NA,NA,NA,NA,1936,517,南開大學,Nankai University,Tianjin,Tianjin,China,39.3434,117.3616
2644,N01263,劉景山,Liu Jingshan,"Liu, C. S.",M,University of Pennsylvania,NA,B.S.,Bachelor of Science,Bachelor,Transportation,1911,517,NA,University of Pennsylvania,Philadelphia,Pennsylvania,United States,40.0077,-75.1339
2645,N01263,劉景山,Liu Jingshan,"Liu, C. S.",M,北洋大學,NA,NA,NA,NA,NA,1903,517,北洋大學,Beiyang University,Tianjin,Tianjin,China,39.3434,117.3616
2646,N01264,劉德麟,Liu Delin,"Lieu, Edward",M,Linfield College,NA,B.A.,Bachelor of Arts,Bachelor,Economics,1942,517,NA,Linfield College,McMinnville,Oregon,United States,45.211,-123.1918
2647,N01265,劉新藏,Liu Xincang,"Lew, Sun-tong",M,New England Aircraft School,NA,NA,NA,NA,Aeronautical Engineering,1943,517,NA,New England Aircraft School,Concord,Massachusetts,United States,42.4604,-71.3489
2648,N01266,劉錦屏,Liu Jinping,"Lew, Kamping",M,Syracuse University,NA,NA,NA,NA,English,1943,517,NA,Syracuse University,Syracuse,New York,United States,43.0407,-76.1437
2649,N01269,劉耀明,Liu Yaoming,"Low, George",M,University of California,NA,NA,NA,NA,Civil Engineering,1943,517,NA,University of California,Berkeley,California,United States,37.8722,-122.276
2650,N01270,劉萃傑,Liu Cuijie,"Liu, Tsui-chiah",M,Oregon State College,NA,Ph.D.,Doctor of Philosophy,Doctor,Plant Pathology,1940,518,NA,Oregon State College,Corvallis,Oregon,United States,44.5646,-123.262
2651,N01270,劉萃傑,Liu Cuijie,"Liu, Tsui-chiah",M,山東大學,NA,NA,NA,NA,NA,1935,518,山東大學,Shandong University,Qingdao,Shandong,China,36.0671,120.3826
2652,N01271,劉靜瑟,Liu Jingse,"Lau, Ching-sut",M,Columbia University,NA,NA,NA,NA,NA,1943,518,NA,Columbia University,New York City,New York,United States,40.6943,-73.9249
2653,N01271,劉靜瑟,Liu Jingse,"Lau, Ching-sut",M,Lowell Textile Institute,NA,NA,NA,NA,Textile Engineering,1942,518,NA,Lowell Textile Institute,Lowell,Massachusetts,United States,42.642,-71.334
2654,N01271,劉靜瑟,Liu Jingse,"Lau, Ching-sut",M,嶺南大學,NA,NA,NA,NA,NA,1937,518,嶺南大學,Lingnan University,Guangzhou,Guangdong,China,23.1291,113.2644
2655,N01272,劉學蓰,Liu Xuexi,"Liu, Hsueh-hsi",M,Purdue University,NA,B.S.,Bachelor of Science,Bachelor,Mechanical Engineering,1942,518,NA,Purdue University,West Lafayette,Indiana,United States,40.4432,-86.9238
2656,N01273,劉熾亮,Liu Chiliang,"Liu, Harry C. L.",M,Princeton University,NA,NA,NA,NA,Economics,1943,518,NA,Princeton University,Princeton,New Jersey,United States,40.3562,-74.6693
2657,N01273,劉熾亮,Liu Chiliang,"Liu, Harry C. L.",M,燕京大學,NA,NA,NA,NA,NA,1938,518,燕京大學,Yenching University,Beijing,Beijing,China,39.9042,116.4074
2658,N01275,劉國璇,Liu Guoxuan,"Lau, K. S.",M,University of Southern California,NA,M.A.,Master of Arts,Master,Economics,1940,518,NA,University of Southern California,Los Angeles,California,United States,34.1141,-118.4068
2659,N01275,劉國璇,Liu Guoxuan,"Lau, K. S.",M,嶺南大學,NA,NA,NA,NA,NA,1928,518,嶺南大學,Lingnan University,Guangzhou,Guangdong,China,23.1291,113.2644
2660,N01276,劉鍇,Liu Kai,"Liu, Chieh",M,Columbia University,NA,NA,NA,NA,NA,1929,518,NA,Columbia University,New York City,New York,United States,40.6943,-73.9249
2661,N01276,劉鍇,Liu Kai,"Liu, Chieh",M,Oxford University,NA,B.A.,Bachelor of Arts,Bachelor,Law,1928,518,NA,Oxford University,Oxford,NA,United Kingdom,51.7548,-1.2544
2662,N01277,劉漢,Liu Han,"Liu, Han",M,University of Minnesota,NA,NA,NA,NA,Geology,1943,518,NA,University of Minnesota,Minneapolis,Minnesota,United States,44.9635,-93.2678
2663,N01277,劉漢,Liu Han,"Liu, Han",M,清華大學,NA,NA,NA,NA,NA,1934,518,清華大學,Tsinghua University,Beijing,Beijing,China,39.9042,116.4074
2664,N01278,劉漢棟,Liu Handong,"Liu, Hen-tang",M,Massachusetts Institute of Technology,NA,NA,NA,NA,Mechanical Engineering,1943,518,NA,Massachusetts Institute of Technology,Cambridge,Massachusetts,United States,42.3759,-71.1185
2665,N01278,劉漢棟,Liu Handong,"Liu, Hen-tang",M,西南聯合大學,NA,NA,NA,NA,NA,1940,518,西南聯合大學,Southwest Associated University,Kunming,Yunnan,China,25.0389,102.7183
2666,N01279,劉敬宜,Liu Jingyi,"Liu, C. Y.",M,University of California,NA,NA,NA,NA,NA,1920,518,NA,University of California,Berkeley,California,United States,37.8722,-122.276
2667,N01279,劉敬宜,Liu Jingyi,"Liu, C. Y.",M,University of Michigan,NA,NA,NA,NA,Aeronautical Engineering,1922,518,NA,University of Michigan,Ann Arbor,Michigan,United States,42.2759,-83.731
2668,N01280,劉毓棠,Liu Yutang,"Lew, Daniel H.",M,Harvard University,NA,M.A.,Master of Arts,Master,Political Science,1941,518,NA,Harvard University,Cambridge,Massachusetts,United States,42.3759,-71.1185
2669,N01280,劉毓棠,Liu Yutang,"Lew, Daniel H.",M,燕京大學,NA,NA,NA,NA,NA,1937,518,燕京大學,Yenching University,Beijing,Beijing,China,39.9042,116.4074
2670,N01281,劉顯相,Liu Xianxiang,"Lau, Hin-Sheung",M,Illinois Institute of Technology,NA,B.S.,Bachelor of Science,Bachelor,NA,1934,518,NA,Illinois Institute of Technology,Chicago,Illinois,United States,41.8375,-87.6866
2671,N01281,劉顯相,Liu Xianxiang,"Lau, Hin-Sheung",M,University of Chicago,NA,NA,NA,NA,Political Science,1943,518,NA,University of Chicago,Chicago,Illinois,United States,41.8375,-87.6866
2672,N01281,劉顯相,Liu Xianxiang,"Lau, Hin-Sheung",M,嶺南大學,NA,NA,NA,NA,NA,1930,518,嶺南大學,Lingnan University,Guangzhou,Guangdong,China,23.1291,113.2644
2673,N01283,潘文淵,Pan Wenyuan,"Pan, Wen-yuan",M,Stanford University,NA,NA,NA,NA,Electrical Engineering,1940,518,NA,Stanford University,Stanford,California,United States,37.4252,-122.1674
2674,N01283,潘文淵,Pan Wenyuan,"Pan, Wen-yuan",M,交通大學,NA,NA,NA,NA,NA,1935,518,交通大學,Jiaotong University,Shanghai,Shanghai,China,31.2304,121.4737
2675,N01284,潘孝碩,Pan Xiaoshi,"Pan, Shiao-thur",M,Massachusetts Institute of Technology,NA,M.S.,Master of Science,Master,Physiology,1943,518,NA,Massachusetts Institute of Technology,Cambridge,Massachusetts,United States,42.3759,-71.1185
2676,N01284,潘孝碩,Pan Xiaoshi,"Pan, Shiao-thur",M,中央大學,NA,NA,NA,NA,NA,1933,518,中央大學,Central University,Nanjing,Jiangsu,China,32.0603,118.7969
2677,N01285,潘哲若,Pan Zheruo,"Pan, Francis T. J.",M,Boston University,NA,M.A.,Master of Arts,Master,Political Science,1940,518,NA,Boston University,Boston,Massachusetts,United States,42.3188,-71.0852
2678,N01285,潘哲若,Pan Zheruo,"Pan, Francis T. J.",M,Catholic University of America,NA,NA,NA,NA,Political Science,1943,518,NA,Catholic University of America,Washington,District of Columbia,United States,38.9047,-77.0163
2679,N01285,潘哲若,Pan Zheruo,"Pan, Francis T. J.",M,廣東國民大學,NA,NA,NA,NA,NA,1936,518,廣東國民大學,Guangdong National University,Guangzhou,Guangdong,China,23.1291,113.2644
2680,N01286,潘福瑩,Pan Fuying,"Pan, Foh-ying",M,中央大學,NA,NA,NA,NA,Chemical Engineering,1935,518,中央大學,Central University,Nanjing,Jiangsu,China,32.0603,118.7969
2681,N01287,潘朝英,Pan Zhaoying,"Pan, Stephen Chao-ying",M,Catholic University of America,NA,M.A.,Master of Arts,Master,Political Science,1937,519,NA,Catholic University of America,Washington,District of Columbia,United States,38.9047,-77.0163
2682,N01287,潘朝英,Pan Zhaoying,"Pan, Stephen Chao-ying",M,輔仁大學,NA,NA,NA,NA,NA,1932,519,輔仁大學,Fu-jen University,Beijing,Beijing,China,39.9042,116.4074
2683,N01288,潘鐘祥,Pan Zhongxiang,"Pan, Chung-hsiang",M,University of Kansas,NA,NA,NA,NA,NA,1941,519,NA,University of Kansas,Lawrence,Kansas,United States,38.9597,-95.2642
2684,N01288,潘鐘祥,Pan Zhongxiang,"Pan, Chung-hsiang",M,University of Minnesota,NA,NA,NA,NA,Geology,1943,519,NA,University of Minnesota,Minneapolis,Minnesota,United States,44.9635,-93.2678
2685,N01288,潘鐘祥,Pan Zhongxiang,"Pan, Chung-hsiang",M,北京大學,NA,NA,NA,NA,NA,1931,519,北京大學,Beijing University,Beijing,Beijing,China,39.9042,116.4074
2686,N01289,鄭大奎,Zheng Dakui,"Cheng, Ta-Kwai",M,Polytechnic Engineering College,NA,B.A.,Bachelor of Arts,Bachelor,NA,1942,519,NA,Polytechnic Engineering College,Oakland,California,United States,37.8044,-122.2712
2687,N01289,鄭大奎,Zheng Dakui,"Cheng, Ta-Kwai",M,University of Michigan,NA,NA,NA,NA,Civil Engineering,1943,519,NA,University of Michigan,Ann Arbor,Michigan,United States,42.2759,-83.731
2688,N01289,鄭大奎,Zheng Dakui,"Cheng, Ta-Kwai",M,廣東省立工業專門學校,NA,NA,NA,NA,NA,1934,519,廣東省立工業專門學校,Guangdong Provincial Technical College,Guangzhou,Guangdong,China,23.1291,113.2644
2689,N01290,鄭子芬,Zheng Zifen,"Jang, John",M,University of California,NA,NA,NA,NA,Electrical Engineering,1943,519,NA,University of California,Berkeley,California,United States,37.8722,-122.276
2690,N01291,鄭子南,Zheng Zinan,"Tay, C. N.",M,Curtiss-Wright Technical Institute,NA,NA,NA,NA,NA,1939,519,NA,Curtiss-Wright Technical Institute,Glendale,California,United States,34.1425,-118.2551
2691,N01291,鄭子南,Zheng Zinan,"Tay, C. N.",M,University of Southern California,NA,NA,NA,NA,Aeronautical Engineering,1942,519,NA,University of Southern California,Los Angeles,California,United States,34.1141,-118.4068
2692,N01294,鄭玉山,Zheng Yushan,"Chang, Leonard Ivan",M,California Institute of Technology,NA,NA,NA,NA,Civil Engineering,1943,519,NA,California Institute of Technology,Pasadena,California,United States,34.1597,-118.139
2693,N01294,鄭玉山,Zheng Yushan,"Chang, Leonard Ivan",M,Holy Cross College,NA,B.S.,Bachelor of Science,Bachelor,Physiology,NA,519,NA,Holy Cross College,Notre Dame,Indiana,United States,41.7014,-86.2378
2694,N01295,鄭本資,Zheng Benzi,"Cheng, James F.",M,Marquette University,NA,B.S.,Bachelor of Science,Bachelor,Chemical Engineering,1942,519,NA,Marquette University,Milwaukee,Wisconsin,United States,43.0642,-87.9675
2695,N01296,鄭丕留,Zheng Piliu,"Cheng, Pei-lien",M,Cornell University,NA,NA,NA,NA,Animal Husbandry,1943,519,NA,Cornell University,Ithaca,New York,United States,42.4442,-76.5032
2696,N01296,鄭丕留,Zheng Piliu,"Cheng, Pei-lien",M,清華大學,NA,NA,NA,NA,NA,NA,519,清華大學,Tsinghua University,Beijing,Beijing,China,39.9042,116.4074
2697,N01297,鄭仲孚,Zheng Zhongfu,"Cheng, Chung-fu",M,University of Minnesota,NA,NA,NA,NA,Agriculture,1943,519,NA,University of Minnesota,Minneapolis,Minnesota,United States,44.9635,-93.2678
2698,N01297,鄭仲孚,Zheng Zhongfu,"Cheng, Chung-fu",M,University of Southern California,NA,M.S.,Master of Science,Master,Agriculture,1940,519,NA,University of Southern California,Los Angeles,California,United States,34.1141,-118.4068
2699,N01297,鄭仲孚,Zheng Zhongfu,"Cheng, Chung-fu",M,福建協和大學,NA,NA,NA,NA,NA,1934,519,福建協和大學,Fujian Union University,Fuzhou,Fujian,China,26.0745,119.2965
2700,N01298,鄭兆鈁,Zheng Zhaofang,"Cheng, Chao-fong",M,Massachusetts Institute of Technology,NA,B.S.,Bachelor of Science,Bachelor,Chemical Engineering,1940,519,NA,Massachusetts Institute of Technology,Cambridge,Massachusetts,United States,42.3759,-71.1185
2701,N01298,鄭兆鈁,Zheng Zhaofang,"Cheng, Chao-fong",M,University of Minnesota,NA,NA,NA,NA,Chemical Engineering,1942,519,NA,University of Minnesota,Minneapolis,Minnesota,United States,44.9635,-93.2678
2702,N01299,鄭育漢,Zheng Yuhan,"Chang, John H.",M,University of Michigan,NA,NA,NA,NA,Chemical Engineering,1943,519,NA,University of Michigan,Ann Arbor,Michigan,United States,42.2759,-83.731
2703,N01303,鄭啟愚,Zheng Qiyu,"Cheng, Chi-yu",M,Stanford University,NA,M.A.,Master of Arts,Master,NA,1936,519,NA,Stanford University,Stanford,California,United States,37.4252,-122.1674
2704,N01303,鄭啟愚,Zheng Qiyu,"Cheng, Chi-yu",M,Stanford University,NA,NA,NA,NA,Sociology,1943,519,NA,Stanford University,Stanford,California,United States,37.4252,-122.1674
2705,N01303,鄭啟愚,Zheng Qiyu,"Cheng, Chi-yu",M,安徽大學,NA,NA,NA,NA,NA,1934,519,安徽大學,Anhui University,Anqing,Anhui,China,30.5435,117.0638
2706,N01304,鄭國猷,Zheng Guoyou,"Cheng, Kuo-yu",M,Massachusetts Institute of Technology,NA,NA,NA,NA,NA,1936,520,NA,Massachusetts Institute of Technology,Cambridge,Massachusetts,United States,42.3759,-71.1185
2707,N01304,鄭國猷,Zheng Guoyou,"Cheng, Kuo-yu",M,University of Cincinnati,NA,M.S.,Master of Science,Master,Electrical Engineering,1939,520,NA,University of Cincinnati,Cincinnati,Ohio,United States,39.1413,-84.506
2708,N01305,鄭儒鍼,Zheng Ruzhen,"Cheng, Yu-tsam",M,Harvard University,NA,NA,NA,NA,English,1943,520,NA,Harvard University,Cambridge,Massachusetts,United States,42.3759,-71.1185
2709,N01305,鄭儒鍼,Zheng Ruzhen,"Cheng, Yu-tsam",M,University of Hong Kong,NA,NA,NA,NA,NA,1941,520,NA,University of Hong Kong,Hong Kong,NA,Hong Kong,22.283,114.1371
2710,N01306,鄭慶端,Zheng Qingduan,"Cheng, Cheng-tuan",M,Michigan State College,NA,NA,NA,NA,Veterinary Medicine,1943,520,NA,Michigan State College,East Lansing,Michigan,United States,42.748,-84.4836
2711,N01306,鄭慶端,Zheng Qingduan,"Cheng, Cheng-tuan",M,燕京大學,NA,Master,NA,NA,NA,1935,520,燕京大學,Yenching University,Beijing,Beijing,China,39.9042,116.4074
2712,N01306,鄭慶端,Zheng Qingduan,"Cheng, Cheng-tuan",M,福建協和大學,NA,NA,NA,NA,NA,1929,520,福建協和大學,Fujian Union University,Fuzhou,Fujian,China,26.0745,119.2965
2713,N01307,鄭德超,Zheng Dechao,"Cheng, David",M,University of Pennsylvania,NA,M.A.,Master of Arts,Master,Sociology,1942,520,NA,University of Pennsylvania,Philadelphia,Pennsylvania,United States,40.0077,-75.1339
2714,N01307,鄭德超,Zheng Dechao,"Cheng, David",M,燕京大學,NA,NA,NA,NA,NA,1937,520,燕京大學,Yenching University,Beijing,Beijing,China,39.9042,116.4074
2715,N01307,鄭德超,Zheng Dechao,"Cheng, David",M,福建協和大學,NA,NA,NA,NA,NA,1931,520,福建協和大學,Fujian Union University,Fuzhou,Fujian,China,26.0745,119.2965
2716,N01308,鄭觀洋,Zheng Guanyang,"Cheang, Koon-yang",M,Cambridge University,NA,B.A.,Bachelor of Arts,Bachelor,NA,1939,520,NA,Cambridge University,Cambridge,NA,United Kingdom,52.2043,0.1149
2717,N01308,鄭觀洋,Zheng Guanyang,"Cheang, Koon-yang",M,Harvard University,NA,NA,NA,NA,Electrical Engineering,1943,520,NA,Harvard University,Cambridge,Massachusetts,United States,42.3759,-71.1185
2718,N01309,鄭觀宣,Zheng Guanxuan,"Cheang, Arthur K. H.",M,Harvard University,NA,NA,NA,NA,Architecture,1943,520,NA,Harvard University,Cambridge,Massachusetts,United States,42.3759,-71.1185
2719,N01310,鄭錦鏞,Zheng Jinyong,"Chang, Raymond",M,嶺南大學,NA,NA,NA,NA,Engineering,1934,520,嶺南大學,Lingnan University,Guangzhou,Guangdong,China,23.1291,113.2644
2720,N01311,鄭璇,Zheng Xuan,"Cheng, George Kai",M,Massachusetts Institute of Technology,NA,NA,NA,NA,Chemical Engineering,1943,520,NA,Massachusetts Institute of Technology,Cambridge,Massachusetts,United States,42.3759,-71.1185
2721,N01311,鄭璇,Zheng Xuan,"Cheng, George Kai",M,之江大學,NA,NA,NA,NA,NA,1939,520,之江大學,Zhijiang University,Hangzhou,Zhejiang,China,30.2741,120.1551
2722,N01312,黎昌顯,Li Changxian,"Lai, John Robert",M,University of California,NA,NA,NA,NA,Mathematics,1943,520,NA,University of California,Berkeley,California,United States,37.8722,-122.276
2723,N01313,黎秀林,Li Xiulin,"Lai, William",M,Columbia University,NA,NA,NA,NA,NA,1942,520,NA,Columbia University,New York City,New York,United States,40.6943,-73.9249
2724,N01313,黎秀林,Li Xiulin,"Lai, William",M,Pratt Institute,NA,NA,NA,NA,Engineering,1943,520,NA,Pratt Institute,Brooklyn,New York,United States,40.6501,-73.9496
2725,N01314,黎錦揚,Li Jinyang,"Lee, Chin-yang",M,Columbia University,NA,NA,NA,NA,NA,1943,520,NA,Columbia University,New York City,New York,United States,40.6943,-73.9249
2726,N01314,黎錦揚,Li Jinyang,"Lee, Chin-yang",M,西南聯合大學,NA,NA,NA,NA,NA,1940,520,西南聯合大學,Southwest Associated University,Kunming,Yunnan,China,25.0389,102.7183
2727,N01315,黎錫歡,Li Xihuan,"Li, James",M,Columbia University,NA,NA,NA,NA,Metallurgy,1943,520,NA,Columbia University,New York City,New York,United States,40.6943,-73.9249
2728,N01316,蔡文仲,Cai Wenzhong,"Choy, Eugene",M,University of California,NA,B.S.,Bachelor of Science,Bachelor,Architecture,1939,520,NA,University of California,Berkeley,California,United States,37.8722,-122.276
2729,N01317,蔡文治,Cai Wenzhi,"Tsai, Wen-tchih",M,中央陸軍軍官學校,NA,NA,NA,NA,NA,1923,520,中央陸軍軍官學校,Central Army Military Academy,Nanjing,Jiangsu,China,32.0603,118.7969
2730,N01317,蔡文治,Cai Wenzhi,"Tsai, Wen-tchih",M,陸軍大學,NA,NA,NA,NA,NA,1934,520,陸軍大學,Army University,Nanjing,Jiangsu,China,32.0603,118.7969
2731,N01318,蔡文佳,Cai Wenjia,"Choy, Allen K.",M,University of Southern California,NA,B.A.,Bachelor of Arts,Bachelor,Architecture,1943,520,NA,University of Southern California,Los Angeles,California,United States,34.1141,-118.4068
2732,N01320,蔡同璵,Cai Tongyu,"Tsai, Tung-yu",M,光華大學,NA,B.S.C.,Bachelor of Science,Bachelor,Business,1934,521,光華大學,Guanghua University,Shanghai,Shanghai,China,31.2304,121.4737
2733,N01321,蔡作勛,Cai Zuoxun,"Toy, Arthur D. F.",M,University of Illinois,NA,B.S.,Bachelor of Science,Bachelor,Chemistry,1942,521,NA,University of Illinois,Chicago,Illinois,United States,41.8375,-87.6866
2734,N01322,蔡任漁,Cai Renyu,"Tsai, Jen-yu",M,Columbia University,NA,M.A.,Master of Arts,Master,Education,1942,521,NA,Columbia University,New York City,New York,United States,40.6943,-73.9249
2735,N01322,蔡任漁,Cai Renyu,"Tsai, Jen-yu",M,Fordham University,NA,NA,NA,NA,Education,1943,521,NA,Fordham University,New York,New York,United States,40.6943,-73.9249
2736,N01322,蔡任漁,Cai Renyu,"Tsai, Jen-yu",M,Propaganda Fide,NA,S.T.L.,Licentiate of Sacred Theology,Licentiate,NA,1934,521,NA,Propaganda Fide,Rome,NA,Italy,41.8979,12.4577
2737,N01323,蔡守仁,Cai Shouren,"Choy, Daniel",M,Columbia University,NA,NA,NA,NA,Medicine,1943,521,NA,Columbia University,New York City,New York,United States,40.6943,-73.9249
2738,N01324,蔡昭修,Cai Zhaoxiu,"Tsai, Chao-siu",M,University of Pennsylvania,NA,M.A.,Master of Arts,Master,Psychology,1942,521,NA,University of Pennsylvania,Philadelphia,Pennsylvania,United States,40.0077,-75.1339
2739,N01324,蔡昭修,Cai Zhaoxiu,"Tsai, Chao-siu",M,University of Pennsylvania,NA,NA,NA,NA,Psychology,1943,521,NA,University of Pennsylvania,Philadelphia,Pennsylvania,United States,40.0077,-75.1339
2740,N01324,蔡昭修,Cai Zhaoxiu,"Tsai, Chao-siu",M,福建協和大學,NA,NA,NA,NA,NA,1934,521,福建協和大學,Fujian Union University,Fuzhou,Fujian,China,26.0745,119.2965
2741,N01327,蔡孟煜,Cai Mengyu,"Tsoi, Mung-yok",M,University of Michigan,NA,B.S.,Bachelor of Science,Bachelor,Architecture,1939,521,NA,University of Michigan,Ann Arbor,Michigan,United States,42.2759,-83.731
2742,N01329,蔡國英,Cai Guoying,"Tsai, Paul Kuo-ying",M,Princeton University,NA,NA,NA,NA,Public Administration,1941,521,NA,Princeton University,Princeton,New Jersey,United States,40.3562,-74.6693
2743,N01329,蔡國英,Cai Guoying,"Tsai, Paul Kuo-ying",M,燕京大學,NA,NA,NA,NA,NA,1935,521,燕京大學,Yenching University,Beijing,Beijing,China,39.9042,116.4074
2744,N01330,蔡錫年,Cai Xinian,"Tsai, Donald H. N.",M,Pomona College,NA,NA,NA,NA,Mathematics,1943,521,NA,Pomona College,Claremont,California,United States,34.1259,-117.7153
2745,N01331,蔡陸遜,Cai Luxun,"Tsai, Lou-suen",M,Tulane University,NA,NA,NA,NA,Medicine,1943,521,NA,Tulane University,New Orleans,Louisiana,United States,30.0687,-89.9288
2746,N01331,蔡陸遜,Cai Luxun,"Tsai, Lou-suen",M,University of Texas,NA,NA,NA,NA,Zoology,1942,521,NA,University of Texas,Austin,Texas,United States,30.3005,-97.7522
2747,N01333,蔡維仰,Cai Weiyang,"Toy, Walter",M,University of Wisconsin,NA,NA,NA,NA,Chemistry,1943,521,NA,University of Wisconsin,Madison,Wisconsin,United States,43.0822,-89.393
2748,N01334,蔡鴻祺,Cai Hongqi,"Tsai, Hong-ji",M,Purdue University,NA,B.S.,Bachelor of Science,Bachelor,Mechanical Engineering,1941,521,NA,Purdue University,West Lafayette,Indiana,United States,40.4432,-86.9238
2749,N01335,蔡耀吾,Cai Yaowu,"Eng, Walter Tsai",M,Purdue University,NA,B.S.,Bachelor of Science,Bachelor,Mechanical Engineering,1941,521,NA,Purdue University,West Lafayette,Indiana,United States,40.4432,-86.9238
2750,N01335,蔡耀吾,Cai Yaowu,"Eng, Walter Tsai",M,Purdue University,NA,NA,NA,NA,Electrical Engineering,1943,521,NA,Purdue University,West Lafayette,Indiana,United States,40.4432,-86.9238
2751,N01336,樂俊镕,Yue Junrong,"Loh, C. Y.",M,滬江大學,NA,NA,NA,NA,NA,1928,521,滬江大學,Shanghai University,Shanghai,Shanghai,China,31.2304,121.4737
2752,N01337,樂漢,Yue Han,"Yueh, John H.",M,Purdue University,NA,NA,NA,NA,NA,1943,522,NA,Purdue University,West Lafayette,Indiana,United States,40.4432,-86.9238
2753,N01338,鄧兆思,Deng Zhaosi,"Tung, Edward Chew Yun",M,New York University,NA,NA,NA,NA,Mechanical Engineering,1943,522,NA,New York University,New York City,New York,United States,40.6943,-73.9249
2754,N01340,鄧偉勛,Deng Weixun,"Teng, Wei-Hsun",M,University of Virginia,NA,NA,NA,NA,Political Science,1943,522,NA,University of Virginia,Charlottesville,Virginia,United States,38.0375,-78.4855
2755,N01340,鄧偉勛,Deng Weixun,"Teng, Wei-Hsun",M,聖約翰大學,NA,NA,NA,NA,NA,NA,522,聖約翰大學,St. John's University,Shanghai,Jiangsu,China,31.2304,121.4737
2756,N01341,鄧嗣禹,Deng Siyu,"Teng, Ssu-yu",M,Harvard University,NA,Ph.D.,Doctor of Philosophy,Doctor,History,1941,522,NA,Harvard University,Cambridge,Massachusetts,United States,42.3759,-71.1185
2757,N01341,鄧嗣禹,Deng Siyu,"Teng, Ssu-yu",M,燕京大學,NA,NA,NA,NA,NA,1937,522,燕京大學,Yenching University,Beijing,Beijing,China,39.9042,116.4074
2758,N01342,鄧錫智,Deng Xizhi,"Tang, Sik-che",M,University of Michigan,NA,B.S.,Bachelor of Science,Bachelor,Aeronautical Engineering,1943,522,NA,University of Michigan,Ann Arbor,Michigan,United States,42.2759,-83.731
2759,N01343,鄧毓光,Deng Yuguang,"Dong, Richard Yuke-guong",M,University of Colorado,NA,NA,NA,NA,Civil Engineering,1943,522,NA,University of Colorado,Boulder,Colorado,United States,40.0248,-105.2524
2760,N01344,鄧潮渭,Deng Chaowei,"Dong, Warren",M,University of Washington,NA,B.S.,Bachelor of Science,Bachelor,Pharmacy,1941,522,NA,University of Washington,Seattle,Oregon,United States,47.6211,-122.3244
2761,N01344,鄧潮渭,Deng Chaowei,"Dong, Warren",M,University of Washington,NA,NA,NA,NA,Pharmacy,1943,522,NA,University of Washington,Seattle,Oregon,United States,47.6211,-122.3244
2762,N01345,鄧寶璘,Deng Baolin,"Deng, Pao-Ling",M,University of Chicago,NA,NA,NA,NA,Chemistry,1943,522,NA,University of Chicago,Chicago,Illinois,United States,41.8375,-87.6866
2763,N01346,鄧鳳舞,Deng Fengwu,"Teng, Feng-wu",M,清華大學,NA,NA,NA,NA,NA,1937,522,清華大學,Tsinghua University,Beijing,Beijing,China,39.9042,116.4074
2764,N01347,蔣以綿,Jiang Yimian,"Tsiang, I-mien",M,Johns Hopkins University,NA,Ph.D.,Doctor of Philosophy,Doctor,Political Science,1941,522,NA,Johns Hopkins University,Baltimore,Maryland,United States,39.3051,-76.6144
2765,N01347,蔣以綿,Jiang Yimian,"Tsiang, I-mien",M,Ohio Wesleyan University,NA,B.A.,Bachelor of Arts,Bachelor,Political Science,1931,522,NA,Ohio Wesleyan University,Delaware,Ohio,United States,40.2851,-83.0741
2766,N01347,蔣以綿,Jiang Yimian,"Tsiang, I-mien",M,金陵大學,NA,NA,NA,NA,NA,1929,522,金陵大學,Jinling University,Nanjing,Jiangsu,China,32.0603,118.7969
2767,N01348,蔣玉亭,Jiang Yuting,"Chong, Alfred F.",M,Pomona College,NA,NA,NA,NA,NA,1938,522,NA,Pomona College,Claremont,California,United States,34.1259,-117.7153
2768,N01348,蔣玉亭,Jiang Yuting,"Chong, Alfred F.",M,University of Southern California,NA,NA,NA,NA,Dentistry,1943,522,NA,University of Southern California,Los Angeles,California,United States,34.1141,-118.4068
2769,N01348,蔣玉亭,Jiang Yuting,"Chong, Alfred F.",M,嶺南大學,NA,NA,NA,NA,NA,1937,522,嶺南大學,Lingnan University,Guangzhou,Guangdong,China,23.1291,113.2644
2770,N01349,蔣希曾,Jiang Xiceng,"Tsiang, Hsi-tseng",M,New School For Social Research,NA,NA,NA,NA,Drama,1943,522,NA,New School For Social Research,New York,New York,United States,40.7355,-73.9972
2771,N01349,蔣希曾,Jiang Xiceng,"Tsiang, Hsi-tseng",M,東南大學,NA,NA,NA,NA,NA,1925,522,東南大學,Southeast University,Nanjing,Jiangsu,China,32.0603,118.7969
2772,N01350,蔣明謙,Jiang Mingqian,"Chiang, M. C.",M,University of Illinois,NA,NA,NA,NA,Chemistry,1943,522,NA,University of Illinois,Chicago,Illinois,United States,41.8375,-87.6866
2773,N01350,蔣明謙,Jiang Mingqian,"Chiang, M. C.",M,University of Maryland,NA,NA,NA,NA,NA,1942,522,NA,University of Maryland,College Park,Maryland,United States,38.996,-76.9337
2774,N01350,蔣明謙,Jiang Mingqian,"Chiang, M. C.",M,北京大學,NA,NA,NA,NA,NA,1935,522,北京大學,Beijing University,Beijing,Beijing,China,39.9042,116.4074
2775,N01351,蔣彥士,Jiang Yanshi,"Tsiang, Yien-si",M,University of Minnesota,NA,M.S.,Master of Science,Master,Agriculture,1942,522,NA,University of Minnesota,Minneapolis,Minnesota,United States,44.9635,-93.2678
2776,N01351,蔣彥士,Jiang Yanshi,"Tsiang, Yien-si",M,金陵大學,NA,NA,NA,NA,NA,1936,522,金陵大學,Jinling University,Nanjing,Jiangsu,China,32.0603,118.7969
2777,N01354,蔣貴元,Jiang Guiyuan,"Chiang, Kwei-yuan",M,中央大學,NA,NA,NA,NA,Civil Engineering,1933,523,中央大學,Central University,Nanjing,Jiangsu,China,32.0603,118.7969
2778,N01356,蔣輯,Jiang Ji,"Chiang, C.",M,New York University,NA,M.B.A.,Master of Business Administration,Master,Business,NA,523,NA,New York University,New York City,New York,United States,40.6943,-73.9249
2779,N01356,蔣輯,Jiang Ji,"Chiang, C.",M,復旦大學,NA,NA,NA,NA,NA,NA,523,復旦大學,Fudan University,Shanghai,Shanghai,China,31.2304,121.4737
2780,N01357,蔣震同,Jiang Zhentong,"Tsiang, Chen-tong",M,University of Minnesota,NA,NA,NA,NA,Plant Pathology,1943,523,NA,University of Minnesota,Minneapolis,Minnesota,United States,44.9635,-93.2678
2781,N01357,蔣震同,Jiang Zhentong,"Tsiang, Chen-tong",M,金陵大學,NA,NA,NA,NA,NA,1934,523,金陵大學,Jinling University,Nanjing,Jiangsu,China,32.0603,118.7969
2782,N01359,盤權民,Pan Quanmin,"Long, Moses Canman",M,Massachusetts Institute of Technology,NA,NA,NA,NA,Electrical Engineering,1942,523,NA,Massachusetts Institute of Technology,Cambridge,Massachusetts,United States,42.3759,-71.1185
2783,N01359,盤權民,Pan Quanmin,"Long, Moses Canman",M,Purdue University,NA,M.S.,Master of Science,Master,Electrical Engineering,1943,523,NA,Purdue University,West Lafayette,Indiana,United States,40.4432,-86.9238
2784,N01359,盤權民,Pan Quanmin,"Long, Moses Canman",M,University of British Columbia,NA,B.S.,Bachelor of Science,Bachelor,NA,1937,523,NA,University of British Columbia,Vancouver,NA,Canada,49.2606,-123.246
2785,N01360,歐世璜,Ou Shihuang,"Ou, Shu-huang",M,University of Wisconsin,NA,NA,NA,NA,Plant Pathology,1943,523,NA,University of Wisconsin,Madison,Wisconsin,United States,43.0822,-89.393
2786,N01360,歐世璜,Ou Shihuang,"Ou, Shu-huang",M,中央大學,NA,NA,NA,NA,NA,1934,523,中央大學,Central University,Nanjing,Jiangsu,China,32.0603,118.7969
2787,N01361,歐陽子詳,Ouyang Zixiang,"Owyang, Tze-hsiang",M,University of Toronto,NA,Ph.D.,Doctor of Philosophy,Doctor,Education,1942,523,NA,University of Toronto,Toronto,NA,Canada,43.6629,-79.3957
2788,N01361,歐陽子詳,Ouyang Zixiang,"Owyang, Tze-hsiang",M,光華大學,NA,NA,NA,NA,NA,1932,523,光華大學,Guanghua University,Shanghai,Shanghai,China,31.2304,121.4737
2789,N01361,歐陽子詳,Ouyang Zixiang,"Owyang, Tze-hsiang",M,燕京大學,NA,NA,NA,NA,NA,1934,523,燕京大學,Yenching University,Beijing,Beijing,China,39.9042,116.4074
2790,N01362,歐陽可宏,Ouyang Kehong,"Owyang, Ned Ke-hung",M,Tri-State College,NA,B.S.,Bachelor of Science,Bachelor,Radio Engineering,1942,523,NA,Tri-State College,Angola,Indiana,United States,41.6433,-85.005
2791,N01362,歐陽可宏,Ouyang Kehong,"Owyang, Ned Ke-hung",M,齊魯大學,NA,NA,NA,NA,NA,1937,523,齊魯大學,Qilu University,Jinan,Shandong,China,36.6512,117.1201
2792,N01363,歐陽可鵬,Ouyang Kepeng,"Owyang, Alfred",M,Carnegie Institute of Technology,NA,NA,NA,NA,Physiology,1943,523,NA,Carnegie Institute of Technology,Pittsburgh,Pennsylvania,United States,40.4397,-79.9763
2793,N01363,歐陽可鵬,Ouyang Kepeng,"Owyang, Alfred",M,Macalester College,NA,NA,NA,NA,NA,1943,523,NA,Macalester College,Saint Paul,Minnesota,United States,44.94441,-93.09327
2794,N01364,歐陽紹威,Ouyang Shaowei,"Hing, Jimmy",M,University of Michigan,NA,B.S.,Bachelor of Science,Bachelor,Aeronautical Engineering,1943,523,NA,University of Michigan,Ann Arbor,Michigan,United States,42.2759,-83.731
2795,N01365,歐陽森,Ouyang Sen,"Owyang, Hing Jr.",M,University of California,NA,NA,NA,NA,Mechanical Engineering,1943,523,NA,University of California,Berkeley,California,United States,37.8722,-122.276
2796,N01366,歐陽熏,Ouyang Xun,"Eoyang, Peter",M,Citadel Military College of South Carolina,NA,NA,NA,NA,Civil Engineering,1943,523,NA,Citadel Military College of South Carolina,Charleston,South Carolina,United States,32.797,-79.961
2797,N01369,鮑宏鐸,Bao Hongduo,"Bau, Hong-toh",M,University of Maryland,NA,NA,NA,NA,Business,1943,524,NA,University of Maryland,College Park,Maryland,United States,38.996,-76.9337
2798,N01369,鮑宏鐸,Bao Hongduo,"Bau, Hong-toh",M,金陵大學,NA,NA,NA,NA,NA,1934,524,金陵大學,Jinling University,Nanjing,Jiangsu,China,32.0603,118.7969
2799,N01371,鮑家善,Bao Jiashan,"Pao, Chia-shan",M,Washington University,NA,M.S.,Master of Science,Master,Physiology,1943,524,NA,Washington University,Seattle,Missouri,United States,38.6488,-90.3108
2800,N01371,鮑家善,Bao Jiashan,"Pao, Chia-shan",M,燕京大學,NA,NA,NA,NA,NA,1940,524,燕京大學,Yenching University,Beijing,Beijing,China,39.9042,116.4074
2801,N01372,駱子毅,Luo Ziyi,"Loh, Tse-yee",M,University of Washington,NA,NA,NA,NA,Chemistry,1943,524,NA,University of Washington,Seattle,Oregon,United States,47.6211,-122.3244
2802,N01372,駱子毅,Luo Ziyi,"Loh, Tse-yee",M,大同大學,NA,NA,NA,NA,NA,1935,524,大同大學,Datong University,Shanghai,Shanghai,China,31.2304,121.4737
2803,N01374,賴義輝,Lai Yihui,"Laai, Yi-fa?i",M,University of California,NA,M.A.,Master of Arts,Master,History,1943,524,NA,University of California,Berkeley,California,United States,37.8722,-122.276
2804,N01374,賴義輝,Lai Yihui,"Laai, Yi-fa?i",M,北京大學,NA,NA,NA,NA,NA,1933,524,北京大學,Beijing University,Beijing,Beijing,China,39.9042,116.4074
2805,N01375,霍寶蔭,Huo Baoyin,"Fok, Po-yum",M,Purdue University,NA,NA,NA,NA,Chemistry,1942,524,NA,Purdue University,West Lafayette,Indiana,United States,40.4432,-86.9238
2806,N01375,霍寶蔭,Huo Baoyin,"Fok, Po-yum",M,University of Colorado,NA,NA,NA,NA,Chemistry,1943,524,NA,University of Colorado,Boulder,Colorado,United States,40.0248,-105.2524
2807,N01377,盧丹墀,Lu Danchi,"Lu, Tan-chih",M,Massachusetts Institute of Technology,NA,NA,NA,NA,Mechanical Engineering,1943,524,NA,Massachusetts Institute of Technology,Cambridge,Massachusetts,United States,42.3759,-71.1185
2808,N01377,盧丹墀,Lu Danchi,"Lu, Tan-chih",M,北洋大學,NA,NA,NA,NA,NA,1940,524,北洋大學,Beiyang University,Tianjin,Tianjin,China,39.3434,117.3616
2809,N01378,盧淇沃,Lu Qiwo,"Lu, Andrew Chi-wo",M,Columbia University,NA,NA,NA,NA,Music,1943,524,NA,Columbia University,New York City,New York,United States,40.6943,-73.9249
2810,N01378,盧淇沃,Lu Qiwo,"Lu, Andrew Chi-wo",M,University of Kansas,NA,M.A.,Master of Arts,Master,Music,1941,524,NA,University of Kansas,Lawrence,Kansas,United States,38.9597,-95.2642
2811,N01378,盧淇沃,Lu Qiwo,"Lu, Andrew Chi-wo",M,燕京大學,NA,NA,NA,NA,NA,1935,524,燕京大學,Yenching University,Beijing,Beijing,China,39.9042,116.4074
2812,N01379,盧祖詒,Lu Zudai,"Lu, Tsu-ya",M,Massachusetts Institute of Technology,NA,B.S.,Bachelor of Science,Bachelor,Electrical Engineering,1929,524,NA,Massachusetts Institute of Technology,Cambridge,Massachusetts,United States,42.3759,-71.1185
2813,N01380,盧開正,Lu Kaizheng,"Lu, Kai-chong",M,University of Michigan,NA,B.S.,Bachelor of Science,Bachelor,Civil Engineering,1943,524,NA,University of Michigan,Ann Arbor,Michigan,United States,42.2759,-83.731
2814,N01381,盧國成,Lu Guocheng,"Lou, Kou-chen",M,Pomona College,NA,NA,NA,NA,Mathematics,1943,525,NA,Pomona College,Claremont,California,United States,34.1259,-117.7153
2815,N01382,盧國垣,Lu Guoyuan,"Loo, Albert",M,Purdue University,NA,NA,NA,NA,Mechanical Engineering,1943,525,NA,Purdue University,West Lafayette,Indiana,United States,40.4432,-86.9238
2816,N01383,盧敏傑,Lu Minjie,"Loo, Man-kit",M,Worcester Polytechnic Institute,NA,NA,NA,NA,Chemical Engineering,1943,525,NA,Worcester Polytechnic Institute,Worcester,Massachusetts,United States,42.2705,-71.8079
2817,N01384,盧敏毅,Lu Minyi,"Loo, David",M,University of Minnesota,NA,NA,NA,NA,Journalism,1943,525,NA,University of Minnesota,Minneapolis,Minnesota,United States,44.9635,-93.2678
2818,N01384,盧敏毅,Lu Minyi,"Loo, David",M,聖約翰大學,NA,NA,NA,NA,NA,1939,525,聖約翰大學,St. John's University,Shanghai,Jiangsu,China,31.2304,121.4737
2819,N01386,盧煥章,Lu Huanzhang,"Lu, Hwang-ciong",M,University of London,NA,Ph.D.,Doctor of Philosophy,Doctor,Chemistry,1940,525,NA,University of London,London,NA,United Kingdom,51.521,-0.13
2820,N01386,盧煥章,Lu Huanzhang,"Lu, Hwang-ciong",M,交通大學,NA,NA,NA,NA,NA,1935,525,交通大學,Jiaotong University,Shanghai,Shanghai,China,31.2304,121.4737
2821,N01387,盧榮進,Lu Rongjin,"Lu, Yung-tsin",M,University of Southern California,NA,NA,NA,NA,Political Science,1943,525,NA,University of Southern California,Los Angeles,California,United States,34.1141,-118.4068
2822,N01387,盧榮進,Lu Rongjin,"Lu, Yung-tsin",M,滬江大學,NA,NA,NA,NA,NA,1941,525,滬江大學,Shanghai University,Shanghai,Shanghai,China,31.2304,121.4737
2823,N01388,盧嘉錫,Lu Jiaxi,"Lu, Chia-si",M,California Institute of Technology,NA,NA,NA,NA,Chemistry,1943,525,NA,California Institute of Technology,Pasadena,California,United States,34.1597,-118.139
2824,N01388,盧嘉錫,Lu Jiaxi,"Lu, Chia-si",M,University of London,NA,Ph.D.,Doctor of Philosophy,Doctor,Chemistry,1939,525,NA,University of London,London,NA,United Kingdom,51.521,-0.13
2825,N01388,盧嘉錫,Lu Jiaxi,"Lu, Chia-si",M,廈門大學,NA,NA,NA,NA,NA,1934,525,廈門大學,Xiamen University,Xiamen,Fujian,China,24.4798,118.0894
2826,N01389,盧鴻湛,Lu Hongzhan,"Loo, James H.",M,Mercer University,NA,B.A.,Bachelor of Arts,Bachelor,NA,1932,525,NA,Mercer University,Macon,Georgia,United States,32.8065,-83.6974
2827,N01389,盧鴻湛,Lu Hongzhan,"Loo, James H.",M,Mercer University,NA,LL.B.,Bachelor of Laws,Bachelor,Law,1932,525,NA,Mercer University,Macon,Georgia,United States,32.8065,-83.6974
2828,N01389,盧鴻湛,Lu Hongzhan,"Loo, James H.",M,University of San Francisco,NA,LL.M.,Master of Laws,Master,Law,1942,525,NA,University of San Francisco,San Francisco,California,United States,37.7558,-122.4449
2829,N01391,盧鶴紳,Lu Heshen,"Lu, Hoshen",M,University of Minnesota,NA,B.S.,Bachelor of Science,Bachelor,Aeronautical Engineering,1939,525,NA,University of Minnesota,Minneapolis,Minnesota,United States,44.9635,-93.2678
2830,N01391,盧鶴紳,Lu Heshen,"Lu, Hoshen",M,University of Minnesota,NA,M.S.,Master of Science,Master,Aeronautical Engineering,1941,525,NA,University of Minnesota,Minneapolis,Minnesota,United States,44.9635,-93.2678
2831,N01391,盧鶴紳,Lu Heshen,"Lu, Hoshen",M,河北工業學院,NA,NA,NA,NA,NA,1935,525,河北工業學院,Hebei Institute of Technology,Tianjin,Tianjin,China,39.3434,117.3616
2832,N01392,錢兆林,Qian Zhaolin,"Chien, Chaolin",M,Harvard University,NA,NA,NA,NA,Chemistry,1943,525,NA,Harvard University,Cambridge,Massachusetts,United States,42.3759,-71.1185
2833,N01396,錢起鳳,Qian Qifeng,"Chien, C. F.",M,Harvard University,NA,M.S.,Master of Science,Master,Civil Engineering,1943,525,NA,Harvard University,Cambridge,Massachusetts,United States,42.3759,-71.1185
2834,N01396,錢起鳳,Qian Qifeng,"Chien, C. F.",M,聖約翰大學,NA,NA,NA,NA,NA,1937,525,聖約翰大學,St. John's University,Shanghai,Jiangsu,China,31.2304,121.4737
2835,N01398,錢學森,Qian Xuesen,"Tsien, Hsue-shen",M,California Institute of Technology,NA,M.S.,Master of Science,Master,Aeronautical Engineering,1934,526,NA,California Institute of Technology,Pasadena,California,United States,34.1597,-118.139
2836,N01398,錢學森,Qian Xuesen,"Tsien, Hsue-shen",M,交通大學,NA,NA,NA,NA,NA,NA,526,交通大學,Jiaotong University,Shanghai,Shanghai,China,31.2304,121.4737
2837,N01399,錢惠華,Qian Huihua,"Tsien, Wei-hwa",M,Massachusetts Institute of Technology,NA,M.S.,Master of Science,Master,Mechanical Engineering,1939,526,NA,Massachusetts Institute of Technology,Cambridge,Massachusetts,United States,42.3759,-71.1185
2838,N01399,錢惠華,Qian Huihua,"Tsien, Wei-hwa",M,交通大學,NA,NA,NA,NA,NA,1935,526,交通大學,Jiaotong University,Shanghai,Shanghai,China,31.2304,121.4737
2839,N01401,錢錦章,Qian Jinzhang,"Chien, Chin-chang",M,Loyola University,NA,J.D.,Juris Doctor,Doctor,Law,1940,526,NA,Loyola University,Chicago,Illinois,United States,41.9998,-87.657
2840,N01401,錢錦章,Qian Jinzhang,"Chien, Chin-chang",M,暨南大學,NA,NA,NA,NA,NA,1933,526,暨南大學,Jinan University,Shanghai,Shanghai,China,31.2304,121.4737
2841,N01402,錢壽易,Qian Shouyi,"Tsien, Shou-I",M,Massachusetts Institute of Technology,NA,NA,NA,NA,Civil Engineering,1943,526,NA,Massachusetts Institute of Technology,Cambridge,Massachusetts,United States,42.3759,-71.1185
2842,N01402,錢壽易,Qian Shouyi,"Tsien, Shou-I",M,交通大學,NA,NA,NA,NA,Civil Engineering,1939,526,交通大學,Jiaotong University,Shanghai,Shanghai,China,31.2304,121.4737
2843,N01403,諸尚義,Zhu Shangyi,"Tsu, Chang-nee",M,California Institute of Technology,NA,M.S.,Master of Science,Master,Aeronautical Engineering,1942,526,NA,California Institute of Technology,Pasadena,California,United States,34.1597,-118.139
2844,N01403,諸尚義,Zhu Shangyi,"Tsu, Chang-nee",M,University of Michigan,NA,B.S.,Bachelor of Science,Bachelor,Aeronautical Engineering,1941,526,NA,University of Michigan,Ann Arbor,Michigan,United States,42.2759,-83.731
2845,N01403,諸尚義,Zhu Shangyi,"Tsu, Chang-nee",M,大同大學,NA,NA,NA,NA,NA,1939,526,大同大學,Datong University,Shanghai,Shanghai,China,31.2304,121.4737
2846,N01404,衞紹良,Wei Shaoliang,"Wee, Leong",M,San Francisco State College,NA,NA,NA,NA,Medicine,1943,526,NA,San Francisco State College,San Francisco,California,United States,37.7219,-122.4782
2847,N01405,暴恩奎,Bao Enkui,"Pao, En-kuei",M,University of Southern California,NA,NA,NA,NA,Education,1943,526,NA,University of Southern California,Los Angeles,California,United States,34.1141,-118.4068
2848,N01405,暴恩奎,Bao Enkui,"Pao, En-kuei",M,師範大學,NA,NA,NA,NA,NA,1936,526,NA,Normal University,Beijing,Beijing,China,39.9042,116.4074
2849,N01406,璩定一,Qu Dingyi,"Ju, Ting Y.",M,Birmingham University,NA,NA,NA,NA,NA,NA,526,NA,Birmingham University,Birmingham,NA,United Kingdom,52.4508,-1.9305
2850,N01406,璩定一,Qu Dingyi,"Ju, Ting Y.",M,University of Oklahoma,NA,NA,NA,NA,Chemical Engineering,NA,526,NA,University of Oklahoma,Norman,Oklahoma,United States,35.2335,-97.3471
2851,N01406,璩定一,Qu Dingyi,"Ju, Ting Y.",M,交通大學,NA,NA,NA,NA,NA,NA,526,交通大學,Jiaotong University,Shanghai,Shanghai,China,31.2304,121.4737
2852,N01407,蕭人存,Xiao Rencun,"Hsiao, Jen-tsun",M,Massachusetts Institute of Technology,NA,NA,NA,NA,Automotive Engineering,1943,526,NA,Massachusetts Institute of Technology,Cambridge,Massachusetts,United States,42.3759,-71.1185
2853,N01407,蕭人存,Xiao Rencun,"Hsiao, Jen-tsun",M,武漢大學,NA,NA,NA,NA,NA,1937,526,武漢大學,Wuhan University,Wuhan,Hubei,China,30.5928,114.3055
2854,N01408,蕭之儁,Xiao Zhijun,"Hsiao, Chih-ohun",M,Massachusetts Institute of Technology,NA,NA,NA,NA,Mechanical Engineering,1943,526,NA,Massachusetts Institute of Technology,Cambridge,Massachusetts,United States,42.3759,-71.1185
2855,N01408,蕭之儁,Xiao Zhijun,"Hsiao, Chih-ohun",M,清華大學,NA,NA,NA,NA,NA,1941,526,清華大學,Tsinghua University,Beijing,Beijing,China,39.9042,116.4074
2856,N01409,蕭立坤,Xiao Likun,"Hsiao, Likung",M,中央大學,航空工程研究所,NA,NA,NA,NA,1938,526,中央大學,Central University,Nanjing,Jiangsu,China,32.0603,118.7969
2857,N01409,蕭立坤,Xiao Likun,"Hsiao, Likung",M,交通大學,NA,NA,NA,NA,NA,1937,526,交通大學,Jiaotong University,Shanghai,Shanghai,China,31.2304,121.4737
2858,N01410,蕭光琰,Xiao Guangyan,"Shiaw, Y. G.",M,Pomona College,NA,NA,NA,NA,NA,1942,526,NA,Pomona College,Claremont,California,United States,34.1259,-117.7153
2859,N01410,蕭光琰,Xiao Guangyan,"Shiaw, Y. G.",M,University of Chicago,NA,NA,NA,NA,Chemistry,1943,526,NA,University of Chicago,Chicago,Illinois,United States,41.8375,-87.6866
2860,N01411,蕭光灝,Xiao Guanghao,"Hsiao, Kuang-hao",M,Stanford University,NA,B.A.,Bachelor of Arts,Bachelor,Mechanical Engineering,1942,527,NA,Stanford University,Stanford,California,United States,37.4252,-122.1674
2861,N01411,蕭光灝,Xiao Guanghao,"Hsiao, Kuang-hao",M,Stanford University,NA,M.A.,Master of Arts,Master,Mechanical Engineering,1942,527,NA,Stanford University,Stanford,California,United States,37.4252,-122.1674
2862,N01411,蕭光灝,Xiao Guanghao,"Hsiao, Kuang-hao",M,Stanford University,NA,M. E.,Master of Engineering,Master,Mechanical Engineering,1942,527,NA,Stanford University,Stanford,California,United States,37.4252,-122.1674
2863,N01412,蕭汝遠,Xiao Ruyuan,"Shaw, D. G.",M,University of Southern California,NA,B.A.,Bachelor of Arts,Bachelor,History,1941,527,NA,University of Southern California,Los Angeles,California,United States,34.1141,-118.4068
2864,N01412,蕭汝遠,Xiao Ruyuan,"Shaw, D. G.",M,University of Southern California,NA,M.A.,Master of Arts,Master,History,1941,527,NA,University of Southern California,Los Angeles,California,United States,34.1141,-118.4068
2865,N01414,蕭新民,Xiao Xinmin,"Siao, Sing-ming",M,State University of Iowa,NA,NA,NA,NA,Zoology,1943,527,NA,State University of Iowa,Iowa City,Iowa,United States,41.6627,-91.5549
2866,N01414,蕭新民,Xiao Xinmin,"Siao, Sing-ming",M,University of Chicago,NA,NA,NA,NA,Economics,1942,527,NA,University of Chicago,Chicago,Illinois,United States,41.8375,-87.6866
2867,N01414,蕭新民,Xiao Xinmin,"Siao, Sing-ming",M,University of Illinois,NA,B.S.,Bachelor of Science,Bachelor,NA,1939,527,NA,University of Illinois,Chicago,Illinois,United States,41.8375,-87.6866
2868,N01414,蕭新民,Xiao Xinmin,"Siao, Sing-ming",M,University of Pennsylvania,NA,M.A.,Master of Arts,Master,NA,1941,527,NA,University of Pennsylvania,Philadelphia,Pennsylvania,United States,40.0077,-75.1339
2869,N01415,蕭桓韜,Xiao Huantao,"Siu, Woon-to",M,Massachusetts Institute of Technology,NA,M.A.,Master of Arts,Master,Architecture,1943,527,NA,Massachusetts Institute of Technology,Cambridge,Massachusetts,United States,42.3759,-71.1185
2870,N01415,蕭桓韜,Xiao Huantao,"Siu, Woon-to",M,University of Hong Kong,NA,NA,NA,NA,NA,1936,527,NA,University of Hong Kong,Hong Kong,NA,Hong Kong,22.283,114.1371
2871,N01416,蕭振鵬,Xiao Zhenpeng,"Siu, Paul C. P.",M,University of Chicago,NA,B.A.,Bachelor of Arts,Bachelor,Sociology,1936,527,NA,University of Chicago,Chicago,Illinois,United States,41.8375,-87.6866
2872,N01416,蕭振鵬,Xiao Zhenpeng,"Siu, Paul C. P.",M,University of Chicago,NA,NA,NA,NA,Sociology,1943,527,NA,University of Chicago,Chicago,Illinois,United States,41.8375,-87.6866
2873,N01417,蕭彩瑜,Xiao Caiyu,"Hsiao, Tsa-yu",M,Iowa State College,NA,Ph.D.,Doctor of Philosophy,Doctor,Entomology,1941,527,NA,Iowa State College,Ames,Iowa,United States,42.0267,-93.6465
2874,N01417,蕭彩瑜,Xiao Caiyu,"Hsiao, Tsa-yu",M,Oregon State College,NA,M.S.,Master of Science,Master,Entomology,1938,527,NA,Oregon State College,Corvallis,Oregon,United States,44.5646,-123.262
2875,N01417,蕭彩瑜,Xiao Caiyu,"Hsiao, Tsa-yu",M,師範大學,NA,NA,NA,NA,NA,NA,527,NA,Normal University,Beijing,Beijing,China,39.9042,116.4074
2876,N01419,蕭慶耀,Xiao Qingyao,"Hsiao, William C. Y.",M,Massachusetts Institute of Technology,NA,NA,NA,NA,Chemical Engineering,1943,527,NA,Massachusetts Institute of Technology,Cambridge,Massachusetts,United States,42.3759,-71.1185
2877,N01419,蕭慶耀,Xiao Qingyao,"Hsiao, William C. Y.",M,Purdue University,NA,NA,NA,NA,Chemical Engineering,1942,527,NA,Purdue University,West Lafayette,Indiana,United States,40.4432,-86.9238
2878,N01420,藍天鶴,Lan Tianhe,"Lan, Tien-ho",M,University of Rochester,NA,NA,NA,NA,Biochemistry,1943,527,NA,University of Rochester,Rochester,New York,United States,43.168,-77.6162
2879,N01420,藍天鶴,Lan Tianhe,"Lan, Tien-ho",M,燕京大學,NA,NA,NA,NA,NA,1929,527,燕京大學,Yenching University,Beijing,Beijing,China,39.9042,116.4074
2880,N01421,薛士怡,Xue Shiyi,"Sycip, David",M,Colorado School of Mines,NA,NA,NA,NA,Mechanical Engineering,1939,527,NA,Colorado School of Mines,Golden,Colorado,United States,39.7406,-105.2118
2881,N01421,薛士怡,Xue Shiyi,"Sycip, David",M,University of the Philippines,NA,NA,NA,NA,NA,1937,527,NA,University of the Philippines,Manila,NA,Philippines,14.6549,121.0648
2882,N01422,薛兆旺,Xue Zhaowang,"Hsush, G. W.",M,California Institute of Technology,NA,M.S.,Master of Science,Master,Physiology,1939,527,NA,California Institute of Technology,Pasadena,California,United States,34.1597,-118.139
2883,N01422,薛兆旺,Xue Zhaowang,"Hsush, G. W.",M,北京大學,NA,NA,NA,NA,NA,1931,527,北京大學,Beijing University,Beijing,Beijing,China,39.9042,116.4074
2884,N01423,薛仲三,Xue Zhongsan,"Hsush, Chung-san",M,Northeastern University,NA,NA,NA,NA,Mathematics,1943,527,NA,Northeastern University,Boston,Massachusetts,United States,42.3188,-71.0852
2885,N01424,薛宜令,Xue Yiling,"Shiuh, E. Ling",M,Medical College of Virginia,NA,M.D.,Doctor of Medicine,Doctor,Surgery,1939,527,NA,Medical College of Virginia,Richmond,Virginia,United States,37.5407,-77.43
2886,N01424,薛宜令,Xue Yiling,"Shiuh, E. Ling",M,University of Richmond,NA,B.A.,Bachelor of Arts,Bachelor,NA,1931,527,NA,University of Richmond,Richmond,Virginia,United States,37.5295,-77.4756
2887,N01425,薛炳蔚,Xue Bingwei,"Shieh, Ping-wei",M,Harvard University,NA,NA,NA,NA,Radio Engineering,1943,527,NA,Harvard University,Cambridge,Massachusetts,United States,42.3759,-71.1185
2888,N01425,薛炳蔚,Xue Bingwei,"Shieh, Ping-wei",M,中央大學,NA,NA,NA,NA,NA,NA,527,中央大學,Central University,Nanjing,Jiangsu,China,32.0603,118.7969
2889,N01426,薛俊,Xue Jun,"Hsieh, James C.",M,Massachusetts Institute of Technology,NA,NA,NA,NA,Mechanical Engineering,1943,527,NA,Massachusetts Institute of Technology,Cambridge,Massachusetts,United States,42.3759,-71.1185
2890,N01427,薛春森,Xue Chunsen,"Sit, Sam Chan",M,Washington University,NA,B.S.,Bachelor of Science,Bachelor,NA,1940,528,NA,Washington University,Seattle,Missouri,United States,38.6488,-90.3108
2891,N01427,薛春森,Xue Chunsen,"Sit, Sam Chan",M,嶺南大學,NA,NA,NA,NA,NA,1937,528,嶺南大學,Lingnan University,Guangzhou,Guangdong,China,23.1291,113.2644
2892,N01428,薛廷耀,Xue Tingyao,"Hsush, Ting-yao",M,University of California,NA,NA,NA,NA,Bacteriology,1943,528,NA,University of California,Berkeley,California,United States,37.8722,-122.276
2893,N01428,薛廷耀,Xue Tingyao,"Hsush, Ting-yao",M,山東大學,NA,NA,NA,NA,NA,1937,528,山東大學,Shandong University,Qingdao,Shandong,China,36.0671,120.3826
2894,N01430,鐘士模,Zhong Shimo,"Chung, Shih-mo",M,Massachusetts Institute of Technology,NA,NA,NA,NA,Electrical Engineering,1943,528,NA,Massachusetts Institute of Technology,Cambridge,Massachusetts,United States,42.3759,-71.1185
2895,N01430,鐘士模,Zhong Shimo,"Chung, Shih-mo",M,交通大學,NA,NA,NA,NA,NA,1936,528,交通大學,Jiaotong University,Shanghai,Shanghai,China,31.2304,121.4737
2896,N01431,鐘甲山,Zhong Jiashan,"Chung, Jackson",M,University of Notre Dame,NA,B.S.,Bachelor of Science,Bachelor,Mechanical Engineering,1942,528,NA,University of Notre Dame,Notre Dame,Indiana,United States,41.7014,-86.2378
2897,N01431,鐘甲山,Zhong Jiashan,"Chung, Jackson",M,University of Notre Dame,NA,M.S.,Master of Science,Master,Metallurgy,1943,528,NA,University of Notre Dame,Notre Dame,Indiana,United States,41.7014,-86.2378
2898,N01433,鐘來,Zhong Lai,"Chung, Theodore L.",M,University of California,NA,NA,NA,NA,Electrical Engineering,1943,528,NA,University of California,Berkeley,California,United States,37.8722,-122.276
2899,N01434,鐘啟文,Zhong Qiwen,"Chung, Robert",M,University of Cincinnati,NA,NA,NA,NA,Economics,1943,528,NA,University of Cincinnati,Cincinnati,Ohio,United States,39.1413,-84.506
2900,N01435,鐘秉智,Zhong Bingzhi,"Chung, Ping-chih",M,Massachusetts Institute of Technology,NA,NA,NA,NA,Chemical Engineering,1943,528,NA,Massachusetts Institute of Technology,Cambridge,Massachusetts,United States,42.3759,-71.1185
2901,N01435,鐘秉智,Zhong Bingzhi,"Chung, Ping-chih",M,清華大學,NA,NA,NA,NA,NA,1932,528,清華大學,Tsinghua University,Beijing,Beijing,China,39.9042,116.4074
2902,N01436,鐘騰生,Zhong Tengsheng,"Chung, T. S.",M,University of Michigan,NA,M.S.,Master of Science,Master,Civil Engineering,1942,528,NA,University of Michigan,Ann Arbor,Michigan,United States,42.2759,-83.731
2903,N01436,鐘騰生,Zhong Tengsheng,"Chung, T. S.",M,交通大學,NA,NA,NA,NA,NA,1940,528,交通大學,Jiaotong University,Shanghai,Shanghai,China,31.2304,121.4737
2904,N01437,鐘靄賢,Zhong Aixian,"Jeung, Paul",M,University of Washington,NA,NA,NA,NA,Mechanical Engineering,1943,528,NA,University of Washington,Seattle,Oregon,United States,47.6211,-122.3244
2905,N01439,戴振鐸,Dai Zhenduo,"Tai, C. T.",M,Harvard University,NA,NA,NA,NA,Physiology,1943,528,NA,Harvard University,Cambridge,Massachusetts,United States,42.3759,-71.1185
2906,N01439,戴振鐸,Dai Zhenduo,"Tai, C. T.",M,清華大學,NA,NA,NA,NA,NA,1937,528,清華大學,Tsinghua University,Beijing,Beijing,China,39.9042,116.4074
2907,N01440,戴樹昌,Dai Shuchang,"Tye, Soo-cheong",M,Harvard University,NA,M.S.,Master of Science,Master,Civil Engineering,1940,528,NA,Harvard University,Cambridge,Massachusetts,United States,42.3759,-71.1185
2908,N01440,戴樹昌,Dai Shuchang,"Tye, Soo-cheong",M,University of Hong Kong,NA,NA,NA,NA,NA,1938,528,NA,University of Hong Kong,Hong Kong,NA,Hong Kong,22.283,114.1371
2909,N01440,戴樹昌,Dai Shuchang,"Tye, Soo-cheong",M,University of Illinois,NA,NA,NA,NA,Civil Engineering,1941,528,NA,University of Illinois,Chicago,Illinois,United States,41.8375,-87.6866
2910,N01441,謝安祜,Xie Anhu,"Shieh, An-huh",M,California Institute of Technology,NA,NA,NA,NA,Mechanical Engineering,1943,528,NA,California Institute of Technology,Pasadena,California,United States,34.1597,-118.139
2911,N01441,謝安祜,Xie Anhu,"Shieh, An-huh",M,University of Toronto,NA,M.S.,Master of Science,Master,Mechanical Engineering,1941,528,NA,University of Toronto,Toronto,NA,Canada,43.6629,-79.3957
2912,N01441,謝安祜,Xie Anhu,"Shieh, An-huh",M,交通大學,NA,NA,NA,NA,NA,1935,528,交通大學,Jiaotong University,Shanghai,Shanghai,China,31.2304,121.4737
2913,N01441,謝安祜,Xie Anhu,"Shieh, An-huh",M,空軍技術專門學校,NA,NA,NA,NA,NA,1938,528,NA,Air Force Technical College,Chengdu,Sichuan,China,30.5728,104.0668
2914,N01442,謝汝逵,Xie Rukui,"Tse, N. Q.",M,Columbia University,NA,NA,NA,NA,NA,1943,529,NA,Columbia University,New York City,New York,United States,40.6943,-73.9249
2915,N01442,謝汝逵,Xie Rukui,"Tse, N. Q.",M,Harvard University,NA,B.A.,Bachelor of Arts,Bachelor,Sociology,1943,529,NA,Harvard University,Cambridge,Massachusetts,United States,42.3759,-71.1185
2916,N01442,謝汝逵,Xie Rukui,"Tse, N. Q.",M,Harvard University,NA,M.A.,Master of Arts,Master,Sociology,1943,529,NA,Harvard University,Cambridge,Massachusetts,United States,42.3759,-71.1185
2917,N01442,謝汝逵,Xie Rukui,"Tse, N. Q.",M,Northeastern University,NA,B.S.,Bachelor of Science,Bachelor,NA,1939,529,NA,Northeastern University,Boston,Massachusetts,United States,42.3188,-71.0852
2918,N01443,謝伯元,Xie Boyuan,"Hsiah, Donald B. Y.",M,University of California,NA,B.S.,Bachelor of Science,Bachelor,Aeronautical Engineering,1940,529,NA,University of California,Berkeley,California,United States,37.8722,-122.276
2919,N01444,謝和賡,Xie Hegeng,"Hsish, Ho-keng",M,Haverford College,NA,NA,NA,NA,Economics,1943,529,NA,Haverford College,Haverford,Pennsylvania,United States,40.01317,-75.29435
2920,N01444,謝和賡,Xie Hegeng,"Hsish, Ho-keng",M,中國大學,NA,NA,NA,NA,NA,NA,529,中國大學,China University,Beijing,Beijing,China,39.9042,116.4074
2921,N01445,謝景升,Xie Jingsheng,"Hsiah, Ching-sheng",M,Drew University,NA,NA,NA,NA,Sociology,1943,529,NA,Drew University,Madison,New Jersey,United States,40.7586,-74.4169
2922,N01445,謝景升,Xie Jingsheng,"Hsiah, Ching-sheng",M,燕京大學,NA,NA,NA,NA,NA,1923,529,燕京大學,Yenching University,Beijing,Beijing,China,39.9042,116.4074
2923,N01446,謝佩和,Xie Peihe,"Shieh, Pei-hou",M,交通大學,NA,B.S.,Bachelor of Science,Bachelor,Electrical Engineering,1928,529,交通大學,Jiaotong University,Shanghai,Shanghai,China,31.2304,121.4737
2924,N01447,謝勁健,Xie Jinjian,"Hsieh, C. K.",M,University of London,NA,NA,NA,NA,Economics,NA,529,NA,University of London,London,NA,United Kingdom,51.521,-0.13
2925,N01448,謝國威,Xie Guowei,"Yee, Wee-kwok",M,Massachusetts Institute of Technology,NA,B.S.,Bachelor of Science,Bachelor,Metallurgy,1939,529,NA,Massachusetts Institute of Technology,Cambridge,Massachusetts,United States,42.3759,-71.1185
2926,N01449,謝富成,Xie Fucheng,"Tse, Foo-sing",M,Purdue University,NA,M.S.,Master of Science,Master,Mechanical Engineering,1942,529,NA,Purdue University,West Lafayette,Indiana,United States,40.4432,-86.9238
2927,N01449,謝富成,Xie Fucheng,"Tse, Foo-sing",M,University of Hong Kong,NA,NA,NA,NA,NA,1941,529,NA,University of Hong Kong,Hong Kong,NA,Hong Kong,22.283,114.1371
2928,N01450,謝富琛,Xie Fuchen,"Tse, F. Sum",M,Purdue University,NA,B.S.,Bachelor of Science,Bachelor,Electrical Engineering,1941,529,NA,Purdue University,West Lafayette,Indiana,United States,40.4432,-86.9238
2929,N01450,謝富琛,Xie Fuchen,"Tse, F. Sum",M,聖約翰大學,NA,NA,NA,NA,NA,1939,529,聖約翰大學,St. John's University,Shanghai,Jiangsu,China,31.2304,121.4737
2930,N01452,謝朝璣,Xie Zhaoji,"Der, Henry-Gay",M,Tufts College,NA,B.S.,Bachelor of Science,Bachelor,Chemical Engineering,1943,529,NA,Tufts College,Medford,Massachusetts,United States,42.4075,-71.119
2931,N01455,謝藹明,Xie Aiming,"Tse, Oi-ming",M,New York University,NA,M.A.,Master of Arts,Master,Economics,1942,529,NA,New York University,New York City,New York,United States,40.6943,-73.9249
2932,N01455,謝藹明,Xie Aiming,"Tse, Oi-ming",M,中山大學,NA,NA,NA,NA,NA,1937,529,中山大學,Zhongshan University,Guangzhou,Guangdong,China,23.1291,113.2644
2933,N01456,關衍安,Guan Yanan,"Quan, Hang-on",M,University of California,NA,M.A.,Master of Arts,Master,Economics,1937,529,NA,University of California,Berkeley,California,United States,37.8722,-122.276
2934,N01464,儲鐘瑞,Chu Zhongrui,"Chu, Chung-jui",M,Cornell University,NA,NA,NA,NA,Civil Engineering,1943,530,NA,Cornell University,Ithaca,New York,United States,42.4442,-76.5032
2935,N01464,儲鐘瑞,Chu Zhongrui,"Chu, Chung-jui",M,University of London,NA,D.I.C.,Diploma of Imperial College (London),Diploma,Civil Engineering,1939,530,NA,University of London,London,NA,United Kingdom,51.521,-0.13
2936,N01464,儲鐘瑞,Chu Zhongrui,"Chu, Chung-jui",M,交通大學,NA,NA,NA,NA,NA,1936,530,交通大學,Jiaotong University,Shanghai,Shanghai,China,31.2304,121.4737
2937,N01465,簡叔文,Jian Shuwen,"Kyan, Sok-vung",M,Columbia University,NA,NA,NA,NA,Civil Engineering,1942,530,NA,Columbia University,New York City,New York,United States,40.6943,-73.9249
2938,N01465,簡叔文,Jian Shuwen,"Kyan, Sok-vung",M,Stanford University,NA,B.A.,Bachelor of Arts,Bachelor,Civil Engineering,1940,530,NA,Stanford University,Stanford,California,United States,37.4252,-122.1674
2939,N01465,簡叔文,Jian Shuwen,"Kyan, Sok-vung",M,University of Michigan,NA,M.S.,Master of Science,Master,Civil Engineering,1941,530,NA,University of Michigan,Ann Arbor,Michigan,United States,42.2759,-83.731
2940,N01465,簡叔文,Jian Shuwen,"Kyan, Sok-vung",M,聖約翰大學,NA,NA,NA,NA,NA,1937,530,聖約翰大學,St. John's University,Shanghai,Jiangsu,China,31.2304,121.4737
2941,N01466,濮仲力,Pu Zhongli,"Pu, Chung-lih",M,Purdue University,NA,B.S.,Bachelor of Science,Bachelor,Mechanical Engineering,1940,530,NA,Purdue University,West Lafayette,Indiana,United States,40.4432,-86.9238
2942,N01466,濮仲力,Pu Zhongli,"Pu, Chung-lih",M,University of Michigan,NA,M.S.,Master of Science,Master,Mechanical Engineering,1942,530,NA,University of Michigan,Ann Arbor,Michigan,United States,42.2759,-83.731
2943,N01466,濮仲力,Pu Zhongli,"Pu, Chung-lih",M,交通大學,NA,NA,NA,NA,NA,1938,530,交通大學,Jiaotong University,Shanghai,Shanghai,China,31.2304,121.4737
2944,N01467,勵潤生,Li Runsheng,"Li, Jun-sheng",M,Colorado School of Mines,NA,NA,NA,NA,Mining Engineering,1943,530,NA,Colorado School of Mines,Golden,Colorado,United States,39.7406,-105.2118
2945,N01467,勵潤生,Li Runsheng,"Li, Jun-sheng",M,北洋大學,NA,NA,NA,NA,NA,1938,530,北洋大學,Beiyang University,Tianjin,Tianjin,China,39.3434,117.3616
2946,N01468,顏保民,Yan Baomin,"Yen, Pao-ming",M,Massachusetts Institute of Technology,NA,NA,NA,NA,Chemical Engineering,1943,530,NA,Massachusetts Institute of Technology,Cambridge,Massachusetts,United States,42.3759,-71.1185
2947,N01468,顏保民,Yan Baomin,"Yen, Pao-ming",M,清華大學,NA,NA,NA,NA,NA,1940,530,清華大學,Tsinghua University,Beijing,Beijing,China,39.9042,116.4074
2948,N01470,顏棣生,Yan Daisheng,Yen-Tisheng,M,Dartmouth College,NA,NA,NA,NA,NA,1932,530,NA,Dartmouth College,Hanover,New Hampshire,United States,43.70229,-72.28954
2949,N01470,顏棣生,Yan Daisheng,Yen-Tisheng,M,Royal Military College,NA,NA,NA,NA,NA,1934,530,NA,Royal Military College,Kingston,NA,Canada,44.233,-76.469
2950,N01472,魏文達,Wei Wenda,"Wei, Anton Wen-tah",M,Colorado School of Mines,NA,NA,NA,NA,Mining Engineering,1943,531,NA,Colorado School of Mines,Golden,Colorado,United States,39.7406,-105.2118
2951,N01472,魏文達,Wei Wenda,"Wei, Anton Wen-tah",M,燕京大學,NA,NA,NA,NA,NA,1940,531,燕京大學,Yenching University,Beijing,Beijing,China,39.9042,116.4074
2952,N01473,魏菊峰,Wei Jufeng,"Wei, JosaphC.",M,Purdue University,NA,B.S.,Bachelor of Science,Bachelor,Electrical Engineering,NA,531,NA,Purdue University,West Lafayette,Indiana,United States,40.4432,-86.9238
2953,N01473,魏菊峰,Wei Jufeng,"Wei, JosaphC.",M,清華大學,NA,NA,NA,NA,NA,1925,531,清華大學,Tsinghua University,Beijing,Beijing,China,39.9042,116.4074
2954,N01474,魏重慶,Wei Zhongqing,"Wei, Chung-ching",M,交通大學,NA,NA,NA,NA,Electrical Engineering,1937,531,交通大學,Jiaotong University,Shanghai,Shanghai,China,31.2304,121.4737
2955,N01477,繆仁麟,Liao Renlin,"Miao, Jen-ling",M,Southwestern University,NA,B.C.S.,Bachelor of Commercial Science,Bachelor,Accounting,1941,531,NA,Southwestern University,Georgetown,Texas,United States,30.666,-97.6966
2956,N01478,繆安成,Liao Ancheng,"Miao, Janeson A.",M,Harvard University,NA,NA,NA,NA,Public Health,1943,531,NA,Harvard University,Cambridge,Massachusetts,United States,42.3759,-71.1185
2957,N01478,繆安成,Liao Ancheng,"Miao, Janeson A.",M,震旦大學,NA,NA,NA,NA,NA,1930,531,震旦大學,Aurora University,Shanghai,Shanghai,China,31.2304,121.4737
2958,N01479,繆棪,Liao Yan,"Miao, Yien",M,浙江大學,NA,NA,NA,NA,NA,1937,531,浙江大學,Zhejiang University,Hangzhou,Zhejiang,China,30.2741,120.1551
2959,N01481,應博文,Ying Bowen,"Ing, Robert",M,Duke University,NA,NA,NA,NA,Chemistry,1942,531,NA,Duke University,Durham,North Carolina,United States,35.9792,-78.9022
2960,N01481,應博文,Ying Bowen,"Ing, Robert",M,George Washington University,NA,NA,NA,NA,Medicine,1943,531,NA,George Washington University,Washington,District of Columbia,United States,38.9047,-77.0163
2961,N01482,鄺允征,Kuang Yunzheng,"Kwong, Y. C.",M,New York University,NA,M.S.,Master of Science,Master,Electrical Engineering,1941,531,NA,New York University,New York City,New York,United States,40.6943,-73.9249
2962,N01482,鄺允征,Kuang Yunzheng,"Kwong, Y. C.",M,中山大學,NA,NA,NA,NA,NA,NA,531,中山大學,Zhongshan University,Guangzhou,Guangdong,China,23.1291,113.2644
2963,N01483,鄺兆榮,Kuang Zhaorong,"Kwong, Victor K.",M,Boston University,NA,NA,NA,NA,Economics,1928,531,NA,Boston University,Boston,Massachusetts,United States,42.3188,-71.0852
2964,N01483,鄺兆榮,Kuang Zhaorong,"Kwong, Victor K.",M,嶺南大學,NA,NA,NA,NA,NA,NA,531,嶺南大學,Lingnan University,Guangzhou,Guangdong,China,23.1291,113.2644
2965,N01483,鄺兆榮,Kuang Zhaorong,"Kwong, Victor K.",M,聖約翰大學,NA,NA,NA,NA,NA,NA,531,聖約翰大學,St. John's University,Shanghai,Jiangsu,China,31.2304,121.4737
2966,N01484,鄺英活,Kuang Yinghuo,"Fong, Ying-wood",M,Radio Corporation of America Institute,NA,NA,NA,NA,Radio Engineering,1943,531,NA,Radio Corporation of America Institute,New York,New York,United States,40.7128,-74.006
2967,N01485,鄺其悅,Kuang Qiyue,"Fong, Robert Kay",M,University of California,NA,NA,NA,NA,Chemistry,1943,532,NA,University of California,Berkeley,California,United States,37.8722,-122.276
2968,N01487,鄺能舜,Kuang Nengshun,"Kwong, Joseph Neng-shun",M,Stanford University,NA,B.A.,Bachelor of Arts,Bachelor,Chemistry,1937,532,NA,Stanford University,Stanford,California,United States,37.4252,-122.1674
2969,N01487,鄺能舜,Kuang Nengshun,"Kwong, Joseph Neng-shun",M,University of Michigan,NA,M.S.,Master of Science,Master,Chemical Engineering,1939,532,NA,University of Michigan,Ann Arbor,Michigan,United States,42.2759,-83.731
2970,N01487,鄺能舜,Kuang Nengshun,"Kwong, Joseph Neng-shun",M,University of Michigan,NA,Ph.D.,Doctor of Philosophy,Doctor,Chemical Engineering,1942,532,NA,University of Michigan,Ann Arbor,Michigan,United States,42.2759,-83.731
2971,N01488,鄺澤民,Kuang Zemin,"Fong, Fulton",M,University of California,NA,B.S.,Bachelor of Science,Bachelor,Electrical Engineering,1938,532,NA,University of California,Berkeley,California,United States,37.8722,-122.276
2972,N01490,韓茂林,Han Maolin,"Han, Maolin",M,Carleton College,NA,NA,NA,NA,Chemistry,1943,532,NA,Carleton College,Northfield,Minnesota,United States,44.455,-93.1698
2973,N01490,韓茂林,Han Maolin,"Han, Maolin",M,University of Chicago,NA,NA,NA,NA,NA,1935,532,NA,University of Chicago,Chicago,Illinois,United States,41.8375,-87.6866
2974,N01490,韓茂林,Han Maolin,"Han, Maolin",M,University of Michigan,NA,NA,NA,NA,Medicine,1943,532,NA,University of Michigan,Ann Arbor,Michigan,United States,42.2759,-83.731
2975,N01491,韓朝宗,Han Zhaozong,"Har, Haipo C. T.",M,University of Illinois,NA,NA,NA,NA,Metallurgy,1927,532,NA,University of Illinois,Chicago,Illinois,United States,41.8375,-87.6866
2976,N01492,韓德培,Han Depei,"Han, Du-pei",M,Harvard University,NA,NA,NA,NA,Law,1943,532,NA,Harvard University,Cambridge,Massachusetts,United States,42.3759,-71.1185
2977,N01492,韓德培,Han Depei,"Han, Du-pei",M,University of Toronto,NA,LL.M.,Master of Laws,Master,NA,1942,532,NA,University of Toronto,Toronto,NA,Canada,43.6629,-79.3957
2978,N01492,韓德培,Han Depei,"Han, Du-pei",M,中央大學,NA,NA,NA,NA,NA,1934,532,中央大學,Central University,Nanjing,Jiangsu,China,32.0603,118.7969
2979,N01493,韓維邦,Han Weibang,"Han, Wei-pang",M,Massachusetts Institute of Technology,NA,M.S.,Master of Science,Master,Chemical Engineering,1941,532,NA,Massachusetts Institute of Technology,Cambridge,Massachusetts,United States,42.3759,-71.1185
2980,N01493,韓維邦,Han Weibang,"Han, Wei-pang",M,清華大學,NA,NA,NA,NA,NA,1936,532,清華大學,Tsinghua University,Beijing,Beijing,China,39.9042,116.4074
2981,N01494,聶龍瀚,Nie Longhan,"Nipp, Frank Lung",M,University of California,NA,B.A.,Bachelor of Arts,Bachelor,NA,1938,532,NA,University of California,Berkeley,California,United States,37.8722,-122.276
2982,N01494,聶龍瀚,Nie Longhan,"Nipp, Frank Lung",M,University of California,NA,NA,NA,NA,Political Science,1943,532,NA,University of California,Berkeley,California,United States,37.8722,-122.276
2983,N01494,聶龍瀚,Nie Longhan,"Nipp, Frank Lung",M,University of Washington,NA,NA,NA,NA,NA,1936,532,NA,University of Washington,Seattle,Oregon,United States,47.6211,-122.3244
2984,N01495,譚才德,Tan Caide,"Taam, Choy-tak",M,Harvard University,NA,NA,NA,NA,Mathematics,1943,532,NA,Harvard University,Cambridge,Massachusetts,United States,42.3759,-71.1185
2985,N01495,譚才德,Tan Caide,"Taam, Choy-tak",M,University of Illinois,NA,B.S.,Bachelor of Science,Bachelor,NA,1942,532,NA,University of Illinois,Chicago,Illinois,United States,41.8375,-87.6866
2986,N01495,譚才德,Tan Caide,"Taam, Choy-tak",M,交通大學,NA,NA,NA,NA,NA,1941,532,交通大學,Jiaotong University,Shanghai,Shanghai,China,31.2304,121.4737
2987,N01496,譚允思,Tan Yunsi,"Tan, Yun-an",M,Arizona State Teachers' College,NA,NA,NA,NA,Psychology,1942,532,NA,Arizona State Teachers' College,Tempe,Arizona,United States,33.4215,-111.9332
2988,N01496,譚允思,Tan Yunsi,"Tan, Yun-an",M,中山大學,NA,Master,NA,NA,NA,1936,532,中山大學,Zhongshan University,Guangzhou,Guangdong,China,23.1291,113.2644
2989,N01496,譚允思,Tan Yunsi,"Tan, Yun-an",M,燕京大學,NA,NA,NA,NA,NA,1932,532,燕京大學,Yenching University,Beijing,Beijing,China,39.9042,116.4074
2990,N01498,譚中彰,Tan Zhongzhang,"Tan, C. C.",M,Harvard University,NA,NA,NA,NA,Medicine,1943,532,NA,Harvard University,Cambridge,Massachusetts,United States,42.3759,-71.1185
2991,N01498,譚中彰,Tan Zhongzhang,"Tan, C. C.",M,協和醫學院,NA,NA,NA,NA,NA,1938,532,協和醫學院,Peking Union Medical College,Beijing,Beijing,China,39.9042,116.4074
2992,N01498,譚中彰,Tan Zhongzhang,"Tan, C. C.",M,燕京大學,NA,NA,NA,NA,NA,1933,532,燕京大學,Yenching University,Beijing,Beijing,China,39.9042,116.4074
2993,N01499,譚超法,Tan Chaofa,"Tom, Chiu-faat",M,Hastings College,NA,NA,NA,NA,Economics,1943,532,NA,Hastings College,Hastings,Nebraska,United States,40.5961,-98.39
2994,N01500,譚泉富,Tan Quanfu,"Hum, T. Foo",M,Montana School of Mines,NA,NA,NA,NA,Mining Engineering,1943,533,NA,Montana School of Mines,Butte,Montana,United States,46.0127,-112.557
2995,N01501,譚炳倫,Tan Binglun,"Tom, Edward B. L.",M,University of California,NA,NA,NA,NA,Chemistry,NA,533,NA,University of California,Berkeley,California,United States,37.8722,-122.276
2996,N01502,譚夏光,Tan Xiaguang,"Tom, Lawrence",M,New York University,NA,NA,NA,NA,Business,1942,533,NA,New York University,New York City,New York,United States,40.6943,-73.9249
2997,N01502,譚夏光,Tan Xiaguang,"Tom, Lawrence",M,滬江大學,NA,NA,NA,NA,NA,NA,533,滬江大學,Shanghai University,Shanghai,Shanghai,China,31.2304,121.4737
2998,N01503,譚國松,Tan Guosong,"Tom, Kwok-tung",M,Columbia University,NA,M.A.,Master of Arts,Master,Education,1943,533,NA,Columbia University,New York City,New York,United States,40.6943,-73.9249
2999,N01503,譚國松,Tan Guosong,"Tom, Kwok-tung",M,中山大學,NA,NA,NA,NA,NA,1935,533,中山大學,Zhongshan University,Guangzhou,Guangdong,China,23.1291,113.2644
3000,N01504,譚楨謀,Tan Zhenmou,"Tan, Chen-mou",M,Cambridge University,NA,M.A.,Master of Arts,Master,NA,1943,533,NA,Cambridge University,Cambridge,NA,United Kingdom,52.2043,0.1149
3001,N01504,譚楨謀,Tan Zhenmou,"Tan, Chen-mou",M,Columbia University,NA,NA,NA,NA,Geography,1943,533,NA,Columbia University,New York City,New York,United States,40.6943,-73.9249
3002,N01504,譚楨謀,Tan Zhenmou,"Tan, Chen-mou",M,燕京大學,NA,NA,NA,NA,NA,1932,533,燕京大學,Yenching University,Beijing,Beijing,China,39.9042,116.4074
3003,N01505,譚鼎和,Tan Dinghe,"Tan, Edward T. H.",M,Yale University,NA,NA,NA,NA,Engineering,1943,533,NA,Yale University,New Haven,Connecticut,United States,41.3113,-72.9246
3004,N01507,譚劍鋒,Tan Jianfeng,"Tom, Kim-fong",M,University of Southern California,NA,M.A.,Master of Arts,Master,Sociology,1942,533,NA,University of Southern California,Los Angeles,California,United States,34.1141,-118.4068
3005,N01507,譚劍鋒,Tan Jianfeng,"Tom, Kim-fong",M,University of Southern California,NA,NA,NA,NA,Sociology,1943,533,NA,University of Southern California,Los Angeles,California,United States,34.1141,-118.4068
3006,N01507,譚劍鋒,Tan Jianfeng,"Tom, Kim-fong",M,滬江大學,NA,NA,NA,NA,NA,1932,533,滬江大學,Shanghai University,Shanghai,Shanghai,China,31.2304,121.4737
3007,N01508,譚肇光,Tan Zhaoguang,"Tam, Shau-Kwong",M,Oberlin Conservatory of Music,NA,NA,NA,NA,NA,1941,533,NA,Oberlin Conservatory of Music,Oberlin,Ohio,United States,41.2939,-82.2174
3008,N01508,譚肇光,Tan Zhaoguang,"Tam, Shau-Kwong",M,Yale University,NA,NA,NA,NA,Music,1943,533,NA,Yale University,New Haven,Connecticut,United States,41.3113,-72.9246
3009,N01509,譚樹培,Tan Shupei,"Gee, Louis T.",M,University of California,NA,NA,NA,NA,Chemical Engineering,1943,533,NA,University of California,Berkeley,California,United States,37.8722,-122.276
3010,N01510,譚競存,Tan Jingcun,"Tom, King-chuan",M,New York University,NA,B.S.,Bachelor of Science,Bachelor,Chemical Engineering,1939,533,NA,New York University,New York City,New York,United States,40.6943,-73.9249
3011,N01511,羅士葦,Luo Shiwei,"Loo, Shih-wei",M,中山大學,NA,NA,NA,NA,NA,1931,533,中山大學,Zhongshan University,Guangzhou,Guangdong,China,23.1291,113.2644
3012,N01512,羅旭,Luo Xu,"Lo, Hsu",M,University of Michigan,NA,NA,NA,NA,Aeronautical Engineering,1943,533,NA,University of Michigan,Ann Arbor,Michigan,United States,42.2759,-83.731
3013,N01512,羅旭,Luo Xu,"Lo, Hsu",M,清華大學,NA,NA,NA,NA,NA,1940,533,清華大學,Tsinghua University,Beijing,Beijing,China,39.9042,116.4074
3014,N01513,羅束成,Luo Shucheng,"Dong, Sing L.",M,University of Toledo,NA,NA,NA,NA,Civil Engineering,1943,533,NA,University of Toledo,Toledo,Ohio,United States,41.6638,-83.5827
3015,N01514,羅恢廓,Luo Huikuo,"Lo, Hui-kuo",M,清華大學,NA,NA,NA,NA,Mechanical Engineering,1937,533,清華大學,Tsinghua University,Beijing,Beijing,China,39.9042,116.4074
3016,N01515,羅時定,Luo Shiding,"Lo, Shih T.",M,Massachusetts Institute of Technology,NA,NA,NA,NA,Architecture,1943,533,NA,Massachusetts Institute of Technology,Cambridge,Massachusetts,United States,42.3759,-71.1185
3017,N01515,羅時定,Luo Shiding,"Lo, Shih T.",M,清華大學,NA,NA,NA,NA,NA,1937,533,清華大學,Tsinghua University,Beijing,Beijing,China,39.9042,116.4074
3018,N01516,羅高華,Luo Gaohua,"Lo, Kao-hwa",M,交通大學,NA,NA,NA,NA,Mechanical Engineering,1938,533,交通大學,Jiaotong University,Shanghai,Shanghai,China,31.2304,121.4737
3019,N01517,羅開富,Luo Kaifu,"Loa, Kai-foo",M,Clark University,NA,NA,NA,NA,Geography,1943,534,NA,Clark University,Worcester,Massachusetts,United States,42.2705,-71.8079
3020,N01517,羅開富,Luo Kaifu,"Loa, Kai-foo",M,University of Toronto,NA,NA,NA,NA,NA,1942,534,NA,University of Toronto,Toronto,NA,Canada,43.6629,-79.3957
3021,N01517,羅開富,Luo Kaifu,"Loa, Kai-foo",M,中山大學,NA,NA,NA,NA,NA,1935,534,中山大學,Zhongshan University,Guangzhou,Guangdong,China,23.1291,113.2644
3022,N01518,羅萬森,Luo Wansen,"Lo, Wan-sen",M,University of Berlin,NA,NA,NA,NA,NA,NA,534,NA,University of Berlin,Berlin,NA,Germany,52.5186,13.3933
3023,N01518,羅萬森,Luo Wansen,"Lo, Wan-sen",M,聖約翰大學,NA,NA,NA,NA,NA,NA,534,聖約翰大學,St. John's University,Shanghai,Jiangsu,China,31.2304,121.4737
3024,N01519,羅會超,Luo Huichao,"Lo, Nelson Hui-chao",M,University of Southern California,NA,M.B.A.,Master of Business Administration,Master,Accounting,1943,534,NA,University of Southern California,Los Angeles,California,United States,34.1141,-118.4068
3025,N01519,羅會超,Luo Huichao,"Lo, Nelson Hui-chao",M,交通大學,NA,NA,NA,NA,NA,1940,534,交通大學,Jiaotong University,Shanghai,Shanghai,China,31.2304,121.4737
3026,N01520,羅建本,Luo Jianben,"Lo, Chien-pen",M,清華大學,NA,NA,NA,NA,Chemistry,1935,534,清華大學,Tsinghua University,Beijing,Beijing,China,39.9042,116.4074
3027,N01522,羅劍青,Luo Jianqing,"Lo, Kim-ching",M,New York University,NA,NA,NA,NA,Political Science,1943,534,NA,New York University,New York City,New York,United States,40.6943,-73.9249
3028,N01522,羅劍青,Luo Jianqing,"Lo, Kim-ching",M,廣州大學,NA,NA,NA,NA,NA,1935,534,廣州大學,Guangzhou University,Guangzhou,Guangdong,China,23.1291,113.2644
3029,N01524,羅榮邦,Luo Rongbang,"Lo, Jung-pang",M,University of California,NA,M.A.,Master of Arts,Master,History,1940,534,NA,University of California,Berkeley,California,United States,37.8722,-122.276
3030,N01524,羅榮邦,Luo Rongbang,"Lo, Jung-pang",M,燕京大學,NA,NA,NA,NA,NA,1934,534,燕京大學,Yenching University,Beijing,Beijing,China,39.9042,116.4074
3031,N01525,羅慶斌,Luo Qingbin,"Lo, Hing-bun",M,Parks Air College,NA,B.S.,Bachelor of Science,Bachelor,Engineering,1942,534,NA,Parks Air College,Cahokia,Illinois,United States,38.5709,-90.1901
3032,N01526,羅靜予,Luo Jingyu,"Lo, T. Y.",M,成都中法大學,NA,NA,NA,NA,Education,1929,534,NA,Chengdu Sino-French University,Chengdu,Sichuan,China,30.5728,104.0668
3033,N01527,羅毅,Luo Yi,"Loh, Yih",M,University of Michigan,NA,NA,NA,NA,Economics,1936,534,NA,University of Michigan,Ann Arbor,Michigan,United States,42.2759,-83.731
3034,N01527,羅毅,Luo Yi,"Loh, Yih",M,清華大學,NA,NA,NA,NA,NA,1932,534,清華大學,Tsinghua University,Beijing,Beijing,China,39.9042,116.4074
3035,N01528,羅鑫,Luo Xin,"Lo, Hsin",M,中央政治學校,NA,NA,NA,NA,NA,1936,534,中央政治學校,Central Political School,Nanjing,Jiangsu,China,32.0603,118.7969
3036,N01528,羅鑫,Luo Xin,"Lo, Hsin",M,中華大學,NA,NA,NA,NA,NA,1934,534,中華大學,Zhonghua University,Wuhan,Hubei,China,30.5928,114.3055
3037,N01529,蘇汝江,Su Rujiang,"Su, Ru-chiang",M,University of Chicago,NA,NA,NA,NA,Sociology,1943,534,NA,University of Chicago,Chicago,Illinois,United States,41.8375,-87.6866
3038,N01529,蘇汝江,Su Rujiang,"Su, Ru-chiang",M,清華大學,NA,NA,NA,NA,NA,1934,534,清華大學,Tsinghua University,Beijing,Beijing,China,39.9042,116.4074
3039,N01529,蘇汝江,Su Rujiang,"Su, Ru-chiang",M,金陵大學,NA,NA,NA,NA,NA,1931,534,金陵大學,Jinling University,Nanjing,Jiangsu,China,32.0603,118.7969
3040,N01530,蘇汝松,Su Rusong,"Su, J. S.",M,Indiana University,NA,NA,NA,NA,NA,1943,534,NA,Indiana University,Indianapolis,Indiana,United States,39.7771,-86.1458
3041,N01530,蘇汝松,Su Rusong,"Su, J. S.",M,東南大學,NA,NA,NA,NA,NA,1936,534,東南大學,Southeast University,Nanjing,Jiangsu,China,32.0603,118.7969
3042,N01531,蘇在山,Su Zaishan,"Su, Tsai-shan",M,University of Illinois,NA,NA,NA,NA,Transportation,1943,534,NA,University of Illinois,Chicago,Illinois,United States,41.8375,-87.6866
3043,N01531,蘇在山,Su Zaishan,"Su, Tsai-shan",M,交通大學,NA,NA,NA,NA,NA,1933,534,交通大學,Jiaotong University,Shanghai,Shanghai,China,31.2304,121.4737
3044,N01532,蘇尚驥,Su Shangji,"Su, Shang-chi",M,University of Wisconsin,NA,M.A.,Master of Arts,Master,Political Science,1923,534,NA,University of Wisconsin,Madison,Wisconsin,United States,43.0822,-89.393
3045,N01532,蘇尚驥,Su Shangji,"Su, Shang-chi",M,聖約翰大學,NA,NA,NA,NA,NA,1919,534,聖約翰大學,St. John's University,Shanghai,Jiangsu,China,31.2304,121.4737
3046,N01533,蘇開明,Su Kaiming,"Su, Frank Kai-ming",M,Harvard University,NA,M.A.,Master of Arts,Master,Economics,1932,534,NA,Harvard University,Cambridge,Massachusetts,United States,42.3759,-71.1185
3047,N01533,蘇開明,Su Kaiming,"Su, Frank Kai-ming",M,University of Wisconsin,NA,B.A.,Bachelor of Arts,Bachelor,NA,1929,534,NA,University of Wisconsin,Madison,Wisconsin,United States,43.0822,-89.393
3048,N01535,嚴文興,Yan Wenxing,"Yen, Wen-hsing",M,University of Pittsburgh,NA,NA,NA,NA,Chemistry,1939,535,NA,University of Pittsburgh,Pittsburgh,Pennsylvania,United States,40.4397,-79.9763
3049,N01535,嚴文興,Yan Wenxing,"Yen, Wen-hsing",M,聖約翰大學,NA,NA,NA,NA,NA,1930,535,聖約翰大學,St. John's University,Shanghai,Jiangsu,China,31.2304,121.4737
3050,N01536,嚴仁賡,Yan Rengeng,"Yen, Jen-keng",M,Harvard University,NA,NA,NA,NA,Economics,1943,535,NA,Harvard University,Cambridge,Massachusetts,United States,42.3759,-71.1185
3051,N01536,嚴仁賡,Yan Rengeng,"Yen, Jen-keng",M,南開大學,NA,NA,NA,NA,NA,1933,535,南開大學,Nankai University,Tianjin,Tianjin,China,39.3434,117.3616
3052,N01537,嚴仁穎,Yan Renying,"Yen, Jen-ying",M,New York University,NA,NA,NA,NA,Political Science,1943,535,NA,New York University,New York City,New York,United States,40.6943,-73.9249
3053,N01537,嚴仁穎,Yan Renying,"Yen, Jen-ying",M,南開大學,NA,NA,NA,NA,NA,1936,535,南開大學,Nankai University,Tianjin,Tianjin,China,39.3434,117.3616
3054,N01538,嚴思樞,Yan Sishu,"Yen, En-chu",M,University of Minnesota,NA,Ph.D.,Doctor of Philosophy,Doctor,Biochemistry,1940,535,NA,University of Minnesota,Minneapolis,Minnesota,United States,44.9635,-93.2678
3055,N01538,嚴思樞,Yan Sishu,"Yen, En-chu",M,復旦大學,NA,NA,NA,NA,NA,1934,535,復旦大學,Fudan University,Shanghai,Shanghai,China,31.2304,121.4737
3056,N01539,顧培慕,Gu Peimu,"Ku, Pei-moo",M,Massachusetts Institute of Technology,NA,NA,NA,NA,Aeronautical Engineering,1943,535,NA,Massachusetts Institute of Technology,Cambridge,Massachusetts,United States,42.3759,-71.1185
3057,N01539,顧培慕,Gu Peimu,"Ku, Pei-moo",M,University of London,NA,D.I.C.,Diploma of Imperial College (London),Diploma,NA,1939,535,NA,University of London,London,NA,United Kingdom,51.521,-0.13
3058,N01539,顧培慕,Gu Peimu,"Ku, Pei-moo",M,交通大學,NA,NA,NA,NA,NA,1935,535,交通大學,Jiaotong University,Shanghai,Shanghai,China,31.2304,121.4737
3059,N01540,顧振軍,Gu Zhenjun,"Ku, C. C.",M,Massachusetts Institute of Technology,NA,NA,NA,NA,Chemical Engineering,1943,535,NA,Massachusetts Institute of Technology,Cambridge,Massachusetts,United States,42.3759,-71.1185
3060,N01540,顧振軍,Gu Zhenjun,"Ku, C. C.",M,University of Oklahoma,NA,M.S.,Master of Science,Master,Chemical Engineering,1943,535,NA,University of Oklahoma,Norman,Oklahoma,United States,35.2335,-97.3471
3061,N01540,顧振軍,Gu Zhenjun,"Ku, C. C.",M,浙江大學,NA,NA,NA,NA,NA,1938,535,浙江大學,Zhejiang University,Hangzhou,Zhejiang,China,30.2741,120.1551
3062,N01541,顧海昌,Gu Haichang,"Koo, Benjamin",M,Cornell University,NA,M.S.,Master of Science,Master,Civil Engineering,NA,535,NA,Cornell University,Ithaca,New York,United States,42.4442,-76.5032
3063,N01541,顧海昌,Gu Haichang,"Koo, Benjamin",M,聖約翰大學,NA,NA,NA,NA,NA,NA,535,聖約翰大學,St. John's University,Shanghai,Jiangsu,China,31.2304,121.4737
3064,N01543,顧福昌,Gu Fuchang,"Koo, Freeman",M,Columbia University,NA,NA,NA,NA,Economics,1943,535,NA,Columbia University,New York City,New York,United States,40.6943,-73.9249
3065,N01543,顧福昌,Gu Fuchang,"Koo, Freeman",M,Harvard University,NA,B.S.,Bachelor of Science,Bachelor,NA,1942,535,NA,Harvard University,Cambridge,Massachusetts,United States,42.3759,-71.1185
3066,N01544,顧鐘仁,Gu Zhongren,"Koo, Robert C. J.",M,Cornell University,NA,NA,NA,NA,Horticulture,1943,535,NA,Cornell University,Ithaca,New York,United States,42.4442,-76.5032
3067,N01544,顧鐘仁,Gu Zhongren,"Koo, Robert C. J.",M,Louisiana State University,NA,NA,NA,NA,NA,NA,535,NA,Louisiana State University,Baton Rouge,Louisiana,United States,30.442,-91.1311
3068,N01544,顧鐘仁,Gu Zhongren,"Koo, Robert C. J.",M,Madison College,NA,NA,NA,NA,NA,NA,535,NA,Madison College,Madison,Wisconsin,United States,43.0731,-89.4012
3069,N01544,顧鐘仁,Gu Zhongren,"Koo, Robert C. J.",M,University of Tennessee,NA,NA,NA,NA,NA,NA,535,NA,University of Tennessee,Knoxville,Tennessee,United States,35.9692,-83.9496
3070,N01545,顧應昌,Gu Yingchang,"Koo, Anthony Y. C.",M,Harvard University,NA,NA,NA,NA,Economics,1943,535,NA,Harvard University,Cambridge,Massachusetts,United States,42.3759,-71.1185
3071,N01545,顧應昌,Gu Yingchang,"Koo, Anthony Y. C.",M,University of Illinois,NA,NA,NA,NA,NA,1941,535,NA,University of Illinois,Chicago,Illinois,United States,41.8375,-87.6866
3072,N01545,顧應昌,Gu Yingchang,"Koo, Anthony Y. C.",M,聖約翰大學,NA,NA,NA,NA,NA,1940,535,聖約翰大學,St. John's University,Shanghai,Jiangsu,China,31.2304,121.4737
3073,N01546,顧憲詳,Gu Xianxiang,"Ku, Hsien-hsiang",M,Purdue University,NA,B.S.,Bachelor of Science,Bachelor,Civil Engineering,1941,535,NA,Purdue University,West Lafayette,Indiana,United States,40.4432,-86.9238
3074,N01546,顧憲詳,Gu Xianxiang,"Ku, Hsien-hsiang",M,交通大學,NA,NA,NA,NA,NA,1938,535,交通大學,Jiaotong University,Shanghai,Shanghai,China,31.2304,121.4737
3075,N01547,龔祖德,Gong Zude,"Kung, Tsu-tuh",M,中央大學,NA,NA,NA,NA,Chemical Engineering,1935,535,中央大學,Central University,Nanjing,Jiangsu,China,32.0603,118.7969
3076,N01548,方善桂,Fang Shangui,"Fong, Shan-kwei",M,Harvard University,NA,M.A.,Master of Arts,Master,Economics,1941,536,NA,Harvard University,Cambridge,Massachusetts,United States,42.3759,-71.1185
3077,N01548,方善桂,Fang Shangui,"Fong, Shan-kwei",M,交通大學,NA,NA,NA,NA,NA,1936,536,交通大學,Jiaotong University,Shanghai,Shanghai,China,31.2304,121.4737
3078,N01550,朱啟賢,Zhu Qixian,"Chu, C. H.",M,師範大學,NA,NA,NA,NA,NA,1935,536,NA,Normal University,Beijing,Beijing,China,39.9042,116.4074
3079,N01552,李卓敏,Li Zhuomin,"Li, Choh-ming",M,University of California,NA,NA,NA,NA,Economics,1936,536,NA,University of California,Berkeley,California,United States,37.8722,-122.276
3080,N01552,李卓敏,Li Zhuomin,"Li, Choh-ming",M,金陵大學,NA,NA,NA,NA,NA,1930,536,金陵大學,Jinling University,Nanjing,Jiangsu,China,32.0603,118.7969
3081,N01553,霍秉權,Huo Bingquan,"Ho, Pin-chuan",M,Cambridge University,NA,NA,NA,NA,Physiology,1934,537,NA,Cambridge University,Cambridge,NA,United Kingdom,52.2043,0.1149
3082,N01553,霍秉權,Huo Bingquan,"Ho, Pin-chuan",M,中央大學,NA,NA,NA,NA,NA,NA,537,中央大學,Central University,Nanjing,Jiangsu,China,32.0603,118.7969
3083,N01554,楊書家,Yang Shujia,"Yang, Shu-chia",M,University of Minnesota,NA,Ph.D.,Doctor of Philosophy,Doctor,Agricultural Economics,1942,537,NA,University of Minnesota,Minneapolis,Minnesota,United States,44.9635,-93.2678
3084,N01554,楊書家,Yang Shujia,"Yang, Shu-chia",M,中央政治學校,NA,NA,NA,NA,NA,1933,537,中央政治學校,Central Political School,Nanjing,Jiangsu,China,32.0603,118.7969
3085,N01555,鄒秉文,Zou Bingwen,"Tsou, P. W.",M,Cornell University,NA,NA,NA,NA,NA,NA,537,NA,Cornell University,Ithaca,New York,United States,42.4442,-76.5032
3086,N01560,汪今鵬,Wang Jinpeng,"Waung, G. P.",M,Columbia University,NA,NA,NA,NA,NA,1938,537,NA,Columbia University,New York City,New York,United States,40.6943,-73.9249
3087,N01560,汪今鵬,Wang Jinpeng,"Waung, G. P.",M,滬江大學,NA,NA,NA,NA,NA,1931,537,滬江大學,Shanghai University,Shanghai,Shanghai,China,31.2304,121.4737
3088,N01562,吳承明,Wu Chengming,"Wu, Cheng-ming",M,Columbia University,NA,NA,NA,NA,Economics,1944,537,NA,Columbia University,New York City,New York,United States,40.6943,-73.9249
3089,N01562,吳承明,Wu Chengming,"Wu, Cheng-ming",M,北京大學,NA,NA,NA,NA,NA,1940,537,北京大學,Beijing University,Beijing,Beijing,China,39.9042,116.4074
3090,N01563,吳景超,Wu Jingchao,"Wu, C. C.",M,University of Chicago,NA,Ph.D.,Doctor of Philosophy,Doctor,Sociology,NA,537,NA,University of Chicago,Chicago,Illinois,United States,41.8375,-87.6866
3091,N01566,李錦倫,Li Jinlun,"Lee, Frank",M,New York University,NA,J.D.,Juris Doctor,Doctor,NA,NA,537,NA,New York University,New York City,New York,United States,40.6943,-73.9249
3092,N01566,李錦倫,Li Jinlun,"Lee, Frank",M,University of Chicago,NA,LL.D.,Doctor of Laws,Doctor,NA,NA,537,NA,University of Chicago,Chicago,Illinois,United States,41.8375,-87.6866
3093,N01567,李寶瑩,Li Baoying,"Lee, Bowen",M,Rensselaer Polytechnic Institute,NA,NA,NA,NA,Electrical Engineering,NA,537,NA,Rensselaer Polytechnic Institute,Troy,New York,United States,42.7354,-73.6751
3094,N01568,茅於潤,Mao Wurun,"Mao, Y. Y.",M,Juilliard School of Music,NA,NA,NA,NA,NA,1944,537,NA,Juilliard School of Music,New York City,New York,United States,40.6943,-73.9249
3095,N01568,茅於潤,Mao Wurun,"Mao, Y. Y.",M,國立廣東專門學校,NA,NA,NA,NA,NA,NA,537,NA,National Guangdong Specialized School,Guangzhou,Guangdong,China,23.1291,113.2644
3096,N01573,周文蒦,Zhou Wenhuo,"Chow, V. H.",M,University of California,NA,M.S.,Master of Science,Master,Mining Engineering,NA,538,NA,University of California,Berkeley,California,United States,37.8722,-122.276
3097,N01574,徐淑希,Xu Shuxi,"Hsu, Shu-his",M,Columbia University,NA,Ph.D.,Doctor of Philosophy,Doctor,Political Science,NA,538,NA,Columbia University,New York City,New York,United States,40.6943,-73.9249
3098,N01574,徐淑希,Xu Shuxi,"Hsu, Shu-his",M,Hongkong University,NA,NA,NA,NA,NA,NA,538,NA,Hongkong University,Hong Kong,NA,Hong Kong,22.283,114.1371
3099,N01575,淩冰,Ling Bing,"Lin, Ding",M,Clark University,NA,Ph.D.,Doctor of Philosophy,Doctor,NA,1919,538,NA,Clark University,Worcester,Massachusetts,United States,42.2705,-71.8079
3100,N01575,淩冰,Ling Bing,"Lin, Ding",M,Columbia University,NA,M.A.,Master of Arts,Master,NA,1917,538,NA,Columbia University,New York City,New York,United States,40.6943,-73.9249
3101,N01575,淩冰,Ling Bing,"Lin, Ding",M,Stanford University,NA,NA,NA,NA,NA,1916,538,NA,Stanford University,Stanford,California,United States,37.4252,-122.1674
3102,N01576,淩田勝,Ling Tiansheng,"Ling, William",M,St. Louis University,NA,D.D.S.,Doctor of Dental Surgery,Doctor,NA,1922,538,NA,St. Louis University,St. Louis,Missouri,United States,38.6365,-90.233
3103,N01577,許紹昌,Xu Shaochang,"Hsu, S. C.",M,University of Southern California,NA,NA,NA,NA,Political Science,NA,538,NA,University of Southern California,Los Angeles,California,United States,34.1141,-118.4068
3104,N01578,許權昌,Xu Quanchang,"Hsu, C. C.",M,California Institute of Technology,NA,B.S.,Bachelor of Science,Bachelor,Mechanical Engineering,NA,538,NA,California Institute of Technology,Pasadena,California,United States,34.1597,-118.139
3105,N01578,許權昌,Xu Quanchang,"Hsu, C. C.",M,滬江大學,NA,NA,NA,NA,NA,NA,538,滬江大學,Shanghai University,Shanghai,Shanghai,China,31.2304,121.4737
3106,N01579,孟壽椿,Meng Shouchun,"Meng, S. C.",M,University of California,NA,Ph.D.,Doctor of Philosophy,Doctor,Education,NA,538,NA,University of California,Berkeley,California,United States,37.8722,-122.276
3107,N01580,張紫常,Zhang Zichang,"Chang, T. K.",M,Columbia University,NA,M.A.,Master of Arts,Master,Political Science,NA,538,NA,Columbia University,New York City,New York,United States,40.6943,-73.9249
3108,N01581,陳文淵,Chen Wenyuan,"Chen, W. Y.",M,Cambridge University,NA,NA,NA,NA,Psychology,1930,538,NA,Cambridge University,Cambridge,NA,United Kingdom,52.2043,0.1149
3109,N01581,陳文淵,Chen Wenyuan,"Chen, W. Y.",M,Duke University,NA,NA,NA,NA,NA,1928,538,NA,Duke University,Durham,North Carolina,United States,35.9792,-78.9022
3110,N01581,陳文淵,Chen Wenyuan,"Chen, W. Y.",M,Syracuse University,NA,NA,NA,NA,NA,1920,538,NA,Syracuse University,Syracuse,New York,United States,43.0407,-76.1437
3111,N01582,陳宋祺,Chen Songqi,"Chen, Chung-chi",M,復旦大學,NA,NA,NA,NA,NA,1938,538,復旦大學,Fudan University,Shanghai,Shanghai,China,31.2304,121.4737
3112,N01583,陳金淼,Chen Jinmiao,"Chen, C. M.",M,New York University,NA,M.B.A.,Master of Business Administration,Master,Industrial Management,1942,538,NA,New York University,New York City,New York,United States,40.6943,-73.9249
3113,N01583,陳金淼,Chen Jinmiao,"Chen, C. M.",M,燕京大學,NA,NA,NA,NA,NA,1939,538,燕京大學,Yenching University,Beijing,Beijing,China,39.9042,116.4074
3114,N01585,黃宗勲,Huang Zongxun,"Huang, Robert",M,University of Chicago,NA,J.D.,Juris Doctor,Doctor,Law,NA,538,NA,University of Chicago,Chicago,Illinois,United States,41.8375,-87.6866
3115,N01587,桑士聰,Sang Shicong,"Sang, Shin-tsung",M,Cornell University,NA,NA,NA,NA,Mechanical Engineering,1944,538,NA,Cornell University,Ithaca,New York,United States,42.4442,-76.5032
3116,N01587,桑士聰,Sang Shicong,"Sang, Shin-tsung",M,清華大學,NA,NA,NA,NA,NA,1938,538,清華大學,Tsinghua University,Beijing,Beijing,China,39.9042,116.4074
3117,N01589,萬冊先,Wan Cexian,"Wan, C. S.",M,Cornell University,NA,B.S.,Bachelor of Science,Bachelor,Chemistry,NA,539,NA,Cornell University,Ithaca,New York,United States,42.4442,-76.5032
3118,N01589,萬冊先,Wan Cexian,"Wan, C. S.",M,University of Michigan,NA,M.S.,Master of Science,Master,NA,NA,539,NA,University of Michigan,Ann Arbor,Michigan,United States,42.2759,-83.731
3119,N01590,湯德臣,Shang Dechen,"T'ang, T. C.",M,University of Missouri,NA,M.A.,Master of Arts,Master,Journalism,NA,539,NA,University of Missouri,Columbia,South Carolina,United States,34.0378,-80.9036
3120,N01590,湯德臣,Shang Dechen,"T'ang, T. C.",M,燕京大學,NA,NA,NA,NA,NA,NA,539,燕京大學,Yenching University,Beijing,Beijing,China,39.9042,116.4074
3121,N01591,晏陽初,Yan Yangchu,"Yen, James Y. C.",M,Princeton University,NA,M.A.,Master of Arts,Master,Political Science,1920,539,NA,Princeton University,Princeton,New Jersey,United States,40.3562,-74.6693
3122,N01591,晏陽初,Yan Yangchu,"Yen, James Y. C.",M,Yale University,NA,NA,NA,NA,NA,1918,539,NA,Yale University,New Haven,Connecticut,United States,41.3113,-72.9246
3123,N01592,劉友鈞,Liu Youjun,"Liu, Yu-chun",M,南開大學,NA,NA,NA,NA,Electrical Engineering,1938,539,南開大學,Nankai University,Tianjin,Tianjin,China,39.3434,117.3616
3124,N01594,劉作舟,Liu Zuozhou,"Liu, T. C.",M,University of Paris,NA,NA,NA,NA,NA,NA,539,NA,University of Paris,Paris,NA,France,48.8462,2.3449
3125,N01595,劉廼城,Liu Naicheng,"Liu, N. C.",M,University of London,NA,Ph.D.,Doctor of Philosophy,Doctor,Political Science,NA,539,NA,University of London,London,NA,United Kingdom,51.521,-0.13
3126,N01599,鄭家頤,Zheng Jiayi,"Cheng, Chia-I",M,Yale University,NA,M.A.,Master of Arts,Master,Political Science,NA,539,NA,Yale University,New Haven,Connecticut,United States,41.3113,-72.9246
3127,N01600,鄒致圻,Zou Zhiqi,"Chow, C. C.",M,Cornell University,NA,NA,NA,NA,Mechanical Engineering,1944,539,NA,Cornell University,Ithaca,New York,United States,42.4442,-76.5032
3128,N01600,鄒致圻,Zou Zhiqi,"Chow, C. C.",M,南開大學,NA,NA,NA,NA,NA,NA,539,南開大學,Nankai University,Tianjin,Tianjin,China,39.3434,117.3616
3129,N01602,趙耀東,Zhao Yaodong,"Chao, Y. T.",M,Massachusetts Institute of Technology,NA,NA,NA,NA,NA,1944,539,NA,Massachusetts Institute of Technology,Cambridge,Massachusetts,United States,42.3759,-71.1185
3130,N01602,趙耀東,Zhao Yaodong,"Chao, Y. T.",M,武漢大學,NA,NA,NA,NA,NA,NA,539,武漢大學,Wuhan University,Wuhan,Hubei,China,30.5928,114.3055
3131,N01603,童光國,Tong Guangguo,"Toung, Kouang-kuo",M,Massachusetts Institute of Technology,NA,NA,NA,NA,Engineering,NA,539,NA,Massachusetts Institute of Technology,Cambridge,Massachusetts,United States,42.3759,-71.1185
3132,N01604,賓爾昌,Bin Erchang,"Bing, E. C.",M,Yale University,NA,M.D.,Doctor of Medicine,Doctor,Psychiatry,NA,539,NA,Yale University,New Haven,Connecticut,United States,41.3113,-72.9246
3133,N01608,戴秉衡,Dai Bingheng,"Dai, Bingham",M,University of Chicago,NA,Ph.D.,Doctor of Philosophy,Doctor,Psychology,NA,540,NA,University of Chicago,Chicago,Illinois,United States,41.8375,-87.6866
3134,N01609,戴葆鎏,Dai Baoliu,"Dai, P. L.",M,Johns Hopkins University,NA,Ph.D.,Doctor of Philosophy,Doctor,Political Science,NA,540,NA,Johns Hopkins University,Baltimore,Maryland,United States,39.3051,-76.6144
3135,N01609,戴葆鎏,Dai Baoliu,"Dai, P. L.",M,滬江大學,NA,NA,NA,NA,NA,NA,540,滬江大學,Shanghai University,Shanghai,Shanghai,China,31.2304,121.4737
3136,N01610,盧祺新,Lu Qixin,"Lu, David",M,University of Missouri,NA,M.A.,Master of Arts,Master,Journalism,NA,540,NA,University of Missouri,Columbia,South Carolina,United States,34.0378,-80.9036
3137,N01610,盧祺新,Lu Qixin,"Lu, David",M,燕京大學,NA,NA,NA,NA,NA,NA,540,燕京大學,Yenching University,Beijing,Beijing,China,39.9042,116.4074
3138,N01612,魏振武,Wei Zhenwu,"Wei, Chen-wu",M,師範大學,NA,NA,NA,NA,Physical Education,1938,540,NA,Normal University,Beijing,Beijing,China,39.9042,116.4074
3139,N01613,顧作銘,Gu Zuoming,"Ku, Tso-ming",M,清華大學,NA,NA,NA,NA,Economics,NA,540,清華大學,Tsinghua University,Beijing,Beijing,China,39.9042,116.4074
3140,N00448,周自定,Zhou Ziding,"Chow, Tse-ding",M,交通大學,NA,NA,NA,NA,Metallurgy,1936,466,交通大學,Jiaotong University,Shanghai,Shanghai,China,31.2304,121.4737
3141,N00564,施洪熙,Shi Hongxi,"Sze, Hung-hsi",M,交通大學,NA,NA,NA,NA,Electrical Engineering,1929,473,交通大學,Jiaotong University,Shanghai,Shanghai,China,31.2304,121.4737
3142,N01302,鄭啟超,Zheng Qichao,"Cheng, Chi-chiao",M,Ohio State University,NA,NA,NA,NA,Mechanical Engineering,1943,519,NA,Ohio State University,Columbus,Ohio,United States,39.9862,-82.9855
3143,N01456,關衍安,Guan Yanan,"Quan, Hang-on",M,University of California,NA,B.S.,Bachelor of Science,Bachelor,NA,1932,529,NA,University of California,Berkeley,California,United States,37.8722,-122.276
3144,N01457,關淑莊,Guan Shuzhuang,"Kuan, Shu-chuang",F,Radcliffe College,NA,NA,NA,NA,Economics,1943,529,NA,Radcliffe College,Cambridge,Massachusetts,United States,42.3759,-71.1185
3145,N01457,關淑莊,Guan Shuzhuang,"Kuan, Shu-chuang",F,燕京大學,NA,NA,NA,NA,NA,1940,529,燕京大學,Yenching University,Beijing,Beijing,China,39.9042,116.4074
3146,N01459,關祖歡,Guan Zuhuan,"Quan, J. F. Thomas",M,Polytechnic Institute of Brooklyn,NA,NA,NA,NA,Electrical Engineering,1942,530,NA,Polytechnic Institute of Brooklyn,Brooklyn,New York,United States,40.6944,-73.9866
3147,N01460,關揆弟,Guan Kuidi,"Quan, Lilly",F,New York University,NA,NA,NA,NA,Biology,1943,530,NA,New York University,New York City,New York,United States,40.6943,-73.9249
3148,N01461,關廣培,Guan Guangpei,"Kwan, Kwong-pui",M,Ohio Wesleyan University,NA,B.A.,Bachelor of Arts,Bachelor,Political Science,1940,530,NA,Ohio Wesleyan University,Delaware,Ohio,United States,40.2851,-83.0741
3149,N01461,關廣培,Guan Guangpei,"Kwan, Kwong-pui",M,University of California,NA,NA,NA,NA,Political Science,1943,530,NA,University of California,Berkeley,California,United States,37.8722,-122.276
3150,N01461,關廣培,Guan Guangpei,"Kwan, Kwong-pui",M,University of Chicago,NA,M.A.,Master of Arts,Master,Political Science,1942,530,NA,University of Chicago,Chicago,Illinois,United States,41.8375,-87.6866
3151,N01462,關學勤,Guan Xueqin,"Quan, Kenneth",M,University of California,NA,NA,NA,NA,Chemistry,1943,530,NA,University of California,Berkeley,California,United States,37.8722,-122.276
